"score_unit_mode","score_unit","kappa","lambda","shift_prob","shift_type","obj_alarm_tuned","obj_always_retrain","obj_calendar_tuned","obj_calendar10","obj_cusum_tuned","obj_debt_threshold_tuned","obj_debt_utility_tuned","obj_hybrid_utility_tuned","obj_never_retrain","regret_alarm_tuned","regret_always_retrain","regret_calendar_tuned","regret_calendar10","regret_cusum_tuned","regret_debt_threshold_tuned","regret_debt_utility_tuned","regret_hybrid_utility_tuned","regret_never_retrain","retrains_alarm_tuned","retrains_always_retrain","retrains_calendar_tuned","retrains_calendar10","retrains_cusum_tuned","retrains_debt_threshold_tuned","retrains_debt_utility_tuned","retrains_hybrid_utility_tuned","retrains_never_retrain","rel_debt_threshold_vs_calendar10","rel_debt_threshold_vs_calendar","rel_debt_threshold_vs_cusum","rel_debt_threshold_vs_alarm","rel_debt_threshold_vs_always_retrain","rel_debt_threshold_vs_never_retrain","rel_debt_utility_vs_calendar10","rel_debt_utility_vs_calendar","rel_debt_utility_vs_cusum","rel_debt_utility_vs_alarm","rel_debt_utility_vs_debt_threshold","rel_debt_utility_vs_always_retrain","rel_debt_utility_vs_never_retrain","rel_hybrid_utility_vs_calendar10","rel_hybrid_utility_vs_calendar","rel_hybrid_utility_vs_cusum","rel_hybrid_utility_vs_alarm","rel_hybrid_utility_vs_debt_threshold","rel_hybrid_utility_vs_always_retrain","rel_hybrid_utility_vs_never_retrain"
"mean",0.149044950515486,0.1,0.0149044950515486,0.02,"abrupt_coef",11.169200983668,4.81163311569053,4.61431836210804,10.3034766942742,2.91044309873013,2.93032461931927,3.1102790196427,3.393299927841,212.777141743817,10.991390357703,1.84563860043235,3.63062168870584,10.0202912882948,2.14718390714032,2.48423308242642,2.21302841753948,2.79503349647184,212.777141743817,11.93,199,66,19,51.21,29.93,60.2,40.14,0,0.284401538069931,0.635050377837509,1.00683109750464,0.262357587047104,0.609008323964604,0.0137718017795698,0.301866943744448,0.674049507546717,1.06866168282066,0.278469249876573,1.06141108023903,0.646408183013833,0.014617543003691,0.329335430023024,0.735384874114057,1.16590491988026,0.303808654961336,1.15799454622515,0.70522831775673,0.0159476713524356
"mean",0.149044950515486,0.1,0.0149044950515486,0.02,"gradual",4.68615367185254,3.73038342104089,2.49871980255826,4.47072015134249,1.83762918086834,1.8699068229948,1.98372416128015,2.26407878527818,60.7636422370531,4.51132394489787,0.764388905782717,1.51502312915605,4.18753474536306,1.0961305520538,1.4676345015535,1.10420990828826,1.65329257806572,60.7636422370531,11.73,199,66,19,49.75,26.99,59.01,40.98,0,0.418256289746361,0.748345941421817,1.01756482889067,0.399028063084322,0.501263975292126,0.0307734486306772,0.44371467999053,0.793896202066816,1.07950188315075,0.423316071172702,1.06086791966621,0.531774870671773,0.0326465644297815,0.506423732337242,0.906095506571067,1.23206510260592,0.483142240698894,1.21079764907863,0.606929242851513,0.0372604192560658
"mean",0.149044950515486,0.1,0.0149044950515486,0.02,"none",0.134809101048739,2.9674567739842,0.988149978598454,0.301196109180722,0.313546848400279,0.137901826286684,0.671427148945458,0.320423121834061,0.468803946964647,0.082345278467288,0.00146225872602181,0.00445330519624505,0.0180107032012978,0.00740852004147009,0.0994482290536886,0.0022153211309247,0.107437887547431,0.468803946964647,3.52,199,66,19,20.54,2.58,44.9,14.29,0,0.457847303080337,0.139555562691281,0.439812509646522,1.02294151666234,0.0464713850242654,0.294156709173533,2.22920259750963,0.679478989513089,2.14139339103898,4.98057730318006,4.86887786061388,0.226263497696709,1.43221308884605,1.06383552797424,0.324265677046853,1.02193060931362,2.37686565180947,2.32355966894835,0.107979036002553,0.683490665786191
"mean",0.149044950515486,0.1,0.0149044950515486,0.02,"variance",5.79451603956482,3.89929617675478,2.82923456077483,5.35728330505645,2.05097706295137,1.98243636599823,2.13565059656009,2.27023904582524,111.223528574288,5.60403659280603,0.933301661496603,1.84553788737263,5.07409789907702,1.31737781651415,1.51994988454868,1.23497196059501,1.40816305204367,111.223528574288,12.78,199,66,19,49.22,31.03,60.43,57.84,0,0.370045086868398,0.700697069618471,0.966581441503537,0.342122854171462,0.508408768181372,0.0178238938416175,0.398644326788611,0.754851020897754,1.04128448588639,0.368564101294728,1.07728582525508,0.54770155939719,0.019201428186426,0.423766845349113,0.802421643401491,1.10690611164532,0.39179096758454,1.14517625118428,0.58221764721516,0.0204114999310501
"mean",0.149044950515486,0.1,0.0149044950515486,0.05,"abrupt_coef",11.6419293332181,4.88642124019306,4.83924050936284,10.9950684096777,3.14998651582682,3.1024768297833,3.26627919277714,3.34639528334695,266.647583638243,11.4317759529912,1.92042672493488,3.85554383596064,10.7118830036983,2.32502271472361,2.58722843585126,2.3390705556203,2.72338739019222,266.647583638243,14.1,199,66,19,55.35,34.57,62.21,41.8,0,0.282169852354218,0.641108211873475,0.984917495422658,0.266491639055991,0.634918005894375,0.0116351207367113,0.297067655341025,0.674956986836595,1.03691846817947,0.280561674898457,1.05279728809619,0.668439954769042,0.0122494235582815,0.30435420305357,0.691512495994449,1.0623522565996,0.287443359907592,1.0786205560738,0.684835612579061,0.0125498803990174
"mean",0.149044950515486,0.1,0.0149044950515486,0.05,"gradual",6.0421609664221,3.948832055341,2.92852637526028,5.66699818505754,2.20282502240165,2.20764603268766,2.32975209342316,2.64492951274742,88.4975184548079,5.84601781154372,0.982837540082822,1.94482970185807,5.38381277907811,1.37115419852524,1.72548561777006,1.40954856894055,1.96155841463392,88.4975184548079,13.16,199,66,19,55.8,32.35,61.74,45.85,0,0.389561803373905,0.753841949772931,1.00218855798213,0.365373588184118,0.559063034778019,0.0249458523948897,0.411108671177297,0.795537343663534,1.05762013311576,0.385582593110348,1.05531052484299,0.589985104651906,0.0263256205835068,0.466724962030417,0.903160557163276,1.20069886888418,0.437745622376829,1.19807680832212,0.669800456357727,0.0298870472181441
"mean",0.149044950515486,0.1,0.0149044950515486,0.05,"none",0.103977138573288,2.96811329360805,0.987761203024272,0.293874203522426,0.306723473550632,0.136979744230707,0.673122287847047,0.322981606788343,0.321322853096418,0.0550903948042087,0.00211877834987334,0.00406452962206296,0.0106887975430023,0.00356604420213321,0.10120895610699,0.00495377468612201,0.131309800425427,0.321322853096418,3.28,199,66,19,20.34,2.4,44.83,12.86,0,0.466116939114915,0.138676983679162,0.446590352688135,1.31740251857534,0.0461504432885693,0.426299414780822,2.2905116535541,0.681462569886445,2.19455746263884,6.47375276030122,4.91402792162721,0.226784566915502,2.0948472272063,1.09904715322757,0.326983491353432,1.05300583307011,3.10627519876102,2.35787859440272,0.108817142352314,1.0051622649181
"mean",0.149044950515486,0.1,0.0149044950515486,0.05,"variance",5.95348288149486,3.92895140614971,2.94210161129734,5.61672582364451,2.13325472481881,2.04701984793301,2.19555464707905,2.23061011251226,131.276925188851,5.74064669215875,0.962956890891533,1.95840493789513,5.33354041766508,1.37744778075478,1.54429122984427,1.28325050497375,1.28849698030387,131.276925188851,14.28,199,66,19,50.71,33.73,61.21,63.21,0,0.364450733791518,0.695767896007631,0.959575911923444,0.343835682184581,0.521009204829806,0.0155931428542239,0.390895820094423,0.746253847470245,1.02920416466698,0.36878490973804,1.07256148458747,0.558814406215994,0.0167246044491109,0.397137083516192,0.758168957845294,1.04563701960239,0.374673137877937,1.08968660697874,0.567736752615684,0.0169916389289541
"mean",0.149044950515486,0.1,0.0149044950515486,0.1,"abrupt_coef",13.385217403103,5.03212791867935,5.13698156419091,11.6820710126437,3.32111227250231,3.29305938649758,3.43502959989817,3.56196057157449,303.688878779504,13.1667175056473,2.06613340342117,4.1532848907887,11.3988856066642,2.46693566109806,2.74904531711605,2.49545023184854,2.93418324000326,303.688878779504,14.66,199,66,19,57.31,36.5,63.04,42.12,0,0.28189003327693,0.641049485062001,0.991553165414791,0.246022106875467,0.654406930768529,0.0108435297325739,0.29404286244968,0.668686378756587,1.03430095644133,0.256628599779175,1.0431119505414,0.682619690001773,0.0113110154500988,0.304908313578931,0.693395630695729,1.07252037248675,0.266111521711163,1.08165694981982,0.707843804676035,0.0117289792958164
"mean",0.149044950515486,0.1,0.0149044950515486,0.1,"gradual",6.13233614308237,3.97704280103573,2.98308654188848,5.7524761554781,2.28401505458519,2.23011466266115,2.38825088487045,2.4330880558223,97.962849803923,5.92739933612358,1.01104828577755,1.99938986848628,5.46929074949868,1.42298237545722,1.71874143744252,1.45478235979196,1.71364807968404,97.962849803923,13.75,199,66,19,57.77,34.31,62.63,48.27,0,0.387679079823287,0.747586310804562,0.976401034741067,0.363664778092252,0.560746960550781,0.0227649018696866,0.415169193286635,0.800597250979695,1.0456371029937,0.389452050433428,1.07090945809064,0.600509223649412,0.0243791487247527,0.42296360559535,0.815627713663981,1.06526795913094,0.396763647499487,1.09101477899748,0.61178322123882,0.0248368443822554
"mean",0.149044950515486,0.1,0.0149044950515486,0.1,"none",0.102025197178472,2.96954604095011,0.991583853716479,0.29626487124321,0.309038273442499,0.127146279755735,0.674944361871677,0.273517648954449,0.308962391606085,0.0428543518238238,0.00355152569193504,0.00788718031427013,0.013079465263786,0.00826556330224767,0.094207345691813,0.00767011841384514,0.0590419651626642,0.308962391606085,3.97,199,66,19,20.18,2.21,44.77,14.39,0,0.429164211140505,0.128225443848433,0.411425673394441,1.24622429823213,0.0428167396640379,0.411526720436065,2.27817884394941,0.680673005456846,2.18401544363165,6.6154673603914,5.30840826147908,0.227288734562178,2.1845518425822,0.923219981520903,0.275839151605079,0.885060759328054,2.68088331626536,2.15120449831416,0.0921075629684248,0.885278132178536
"mean",0.149044950515486,0.1,0.0149044950515486,0.1,"variance",5.85483097817566,3.88924442104483,2.86826628993546,5.45018758395981,2.07565264458264,1.96285960761018,2.12597961981782,2.1739085447279,135.546667936401,5.63439349636325,0.92324990578665,1.88456961653325,5.16700217798038,1.33653873497635,1.46490042793794,1.21412261256408,1.24342091865972,135.546667936401,14.79,199,66,19,49.59,33.41,61.18,62.43,0,0.360145330297802,0.684336602392085,0.945659001631681,0.335254700763676,0.50468918769648,0.014481061301567,0.390074577630079,0.741207197978004,1.02424633782851,0.36311545589319,1.08310324975623,0.546630499310889,0.0156844845556464,0.398868573097526,0.757917266034884,1.04733735213438,0.371301674263751,1.10752115754966,0.558953953360403,0.0160380817752591
"mean",0.149044950515486,0.1,0.0149044950515486,0.2,"abrupt_coef",9.74932450229527,4.58660587048565,4.16311567635815,9.35926906954325,2.86559692851139,2.84381422422693,2.96789897927374,3.06901371840504,251.298459845266,9.52814179573029,1.62061135522748,3.17941900295594,9.07608366356383,2.02736812681229,2.319921223165,2.03905084766123,2.48356515278021,251.298459845266,14.84,199,66,19,56.24,35.15,62.32,39.28,0,0.303850033917842,0.683097575303184,0.992398545633641,0.291693462819646,0.620025854527111,0.0113164809126883,0.317107987517083,0.712903318091326,1.03570008389683,0.304420986148837,1.0436332141494,0.647079575415859,0.0118102553477693,0.327911687932145,0.737191554833226,1.07098583470332,0.314792447177495,1.07918924248272,0.669125232266814,0.0122126244637343
"mean",0.149044950515486,0.1,0.0149044950515486,0.2,"gradual",6.77574225322465,4.05679854498264,3.17118809761195,6.33445945293476,2.41894782162722,2.40091483123027,2.51861349265511,2.6189679698928,118.376222616344,6.56707932250297,1.09080402972446,2.18749142420974,6.05127404695533,1.52810615239616,1.84944851432297,1.56532198915806,1.8615215313731,118.376222616344,14,199,66,19,59.77,37,63.96,50.82,0,0.379024421747293,0.757102624419622,0.992545109805296,0.354339752237129,0.591825007973263,0.0202820699813307,0.397605117116699,0.794217629207092,1.04120207560362,0.371710345306667,1.0490224225757,0.620837703604995,0.0212763461866654,0.413447743939608,0.825863332378488,1.08268890567926,0.386521191629803,1.0908208553782,0.645575061431602,0.0221241049258756
"mean",0.149044950515486,0.1,0.0149044950515486,0.2,"none",0.139396254677834,2.96950359419828,0.991018503590196,0.303543655903809,0.312984847733127,0.145526811342078,0.673148227727936,0.291350622842394,0.439226054457424,0.0815668138778254,0.0035090789401089,0.00732183018798754,0.0203582499243848,0.0108707330382361,0.111097427773,0.0067682539731969,0.0819424673681362,0.439226054457424,3.88,199,66,19,20.27,2.31,44.71,14.05,0,0.479426298364788,0.146845705518992,0.464964398104551,1.043979349936,0.0490071174274391,0.33132554379509,2.21763233932075,0.679248899278166,2.15073743219004,4.82902664267188,4.62559594015719,0.226687123411169,1.53257809024894,0.959831039706268,0.293991102877402,0.930877724441219,2.09008931779229,2.00204086213049,0.0981142516249602,0.663327277345374
"mean",0.149044950515486,0.1,0.0149044950515486,0.2,"variance",6.37743834454909,3.98184621101791,2.99383876025237,5.93162502924426,2.16902647566693,2.08314792176164,2.21612873946848,2.28302421812473,156.375573056346,6.15968367184596,1.01585169575974,2.01014208685016,5.64843962326484,1.43453295952662,1.5899581805059,1.30799785597763,1.33539642274727,156.375573056346,14.61,199,66,19,49.28,33.09,60.93,63.58,0,0.351193460728088,0.695811661408925,0.960406866919922,0.32664336512828,0.523161320494371,0.0133214406895317,0.373612412878843,0.740229824294769,1.02171585470715,0.347495125744751,1.06383647378934,0.556558094417704,0.0141718344889451,0.384890178807477,0.762574206879557,1.05255710049493,0.357984522120245,1.095949161495,0.573358210522425,0.0145996217535977
"mean",0.149044950515486,0.25,0.0372612376288715,0.02,"abrupt_coef",11.4359169226154,9.26062488857779,6.86481355411672,10.7282548032433,3.76951744932501,3.59946192465855,4.41948355157287,4.51049548345183,212.777141743817,10.991390357703,1.84563860043235,5.41162528659073,10.0202912882948,2.77464240463414,2.48423308242642,3.00281129692317,3.32335245259598,212.777141743817,11.93,199,39,19,26.7,29.93,38.02,31.86,0,0.335512344800979,0.524334986854815,0.954886659379461,0.314750618513179,0.388684561567566,0.0169165818055414,0.411948041189027,0.643787848968246,1.17242687187036,0.386456423343981,1.22781783613175,0.477233837321705,0.0207704808672255,0.420431427680877,0.657045591682086,1.19657105825561,0.394414852256574,1.25310270753307,0.487061676476622,0.0211982144627286
"mean",0.149044950515486,0.25,0.0372612376288715,0.02,"gradual",4.94839826228454,8.17937519392816,3.7332133761222,4.89549826031162,2.59861328276172,2.47331530515674,3.70531045636469,3.49489763137278,60.7636422370531,4.51132394489787,0.764388905782717,2.28002510859621,4.18753474536306,1.67565242669457,1.4676345015535,2.46078511956038,2.29992974061487,60.7636422370531,11.73,199,39,19,24.77,26.99,33.4,32.07,0,0.505222384656573,0.662516458602709,0.951782753349198,0.499821391501113,0.302384381021276,0.0407038685322346,0.756881171096325,0.992525763478727,1.42587990331013,0.748789862894756,1.49811487788851,0.453006540049082,0.0609790710357586,0.713900290743911,0.936163374353659,1.34490870748514,0.706268462263844,1.41304168703686,0.427281735891901,0.0575162630597154
"mean",0.149044950515486,0.25,0.0372612376288715,0.02,"none",0.213504834920916,7.41644854687146,1.46253447812284,0.725974218149857,0.303755217070769,0.195582222136177,0.40150898430362,0.439782547507036,0.468803946964647,0.082345278467288,0.00146225872602181,0.00934621059685108,0.0180107032012978,0.0220602605965006,0.0994482290536886,0.150740855061315,0.137221297960599,0.468803946964647,3.52,199,39,19,7.56,2.58,6.73,8.12,0,0.269406567404856,0.133728281323806,0.643881030331769,0.916055236915935,0.0263714122602093,0.417194060336967,0.553062318558453,0.274529585667584,1.32181757461,1.8805615547411,2.05289100368265,0.05413763498339,0.856453933255597,0.605782597387302,0.30069892647693,1.44781891072697,2.05982477010385,2.24858140327719,0.0592982671864626,0.938094805631405
"mean",0.149044950515486,0.25,0.0372612376288715,0.02,"variance",6.080235209703,8.34828794964204,4.23183710343759,5.78206141402558,2.93985900463932,2.67616608817256,3.39642572163981,3.35298886156899,111.223528574288,5.60403659280603,0.933301661496603,2.7786488359116,5.07409789907702,1.97442033767526,1.51994988454868,1.90783927836639,1.50855759893985,111.223528574288,12.78,199,39,19,25.91,31.03,39.95,49.5,0,0.462839443676777,0.632388729235032,0.910304230219668,0.44014186883788,0.320564660001612,0.0240611507517953,0.587407410340035,0.802588955723469,1.15530224962489,0.558601041653734,1.26913861462129,0.406840988490993,0.0305369355313276,0.579895061895335,0.792324652299425,1.14052709884308,0.551457097616587,1.2529076115222,0.401637902501047,0.0301463989189074
"mean",0.149044950515486,0.25,0.0372612376288715,0.05,"abrupt_coef",11.9571594035583,9.33541301308032,7.11221273049363,11.4198465186469,4.13927726358585,3.87534942068135,4.62403292635396,4.3538853457001,266.647583638243,11.4317759529912,1.92042672493488,5.65902446296764,10.7118830036983,3.05497524858569,2.58722843585126,2.94019759790525,3.02962096037001,266.647583638243,14.1,199,39,19,29.1,34.57,45.19,35.54,0,0.339352145788781,0.54488660105255,0.936238182151669,0.32410284833437,0.415123510363323,0.0145336003717138,0.404912002871809,0.650153911528602,1.11711118436849,0.386716674946885,1.19319122597749,0.495321730262495,0.0173413644453921,0.381256029894173,0.612170292240108,1.05184675208936,0.364123718581893,1.12348200718753,0.466383794653718,0.0163282385172744
"mean",0.149044950515486,0.25,0.0372612376288715,0.05,"gradual",6.33637569873967,8.39782382822826,4.40180079239128,6.09177629402667,3.12173806051007,2.93088665506406,3.92872712952802,3.92990562772877,88.4975184548079,5.84601781154372,0.982837540082822,2.94861252486529,5.38381277907811,2.07767818214909,1.72548561777006,2.43306105110512,2.49944671515639,88.4975184548079,13.16,199,39,19,28.02,32.35,40.14,38.39,0,0.481121845846171,0.665838095201908,0.938863734962175,0.462549380657309,0.349005494162933,0.0331182919729071,0.644923079887283,0.892527243922309,1.25850633633435,0.620027491474261,1.34045686234228,0.467826809645862,0.0443936417441385,0.645116537122721,0.892794974847975,1.25888384981495,0.620213480793199,1.34085895847885,0.467967143406708,0.0444069584813908
"mean",0.149044950515486,0.25,0.0372612376288715,0.05,"none",0.177307254226907,7.41710506649531,1.46018325495339,0.718652312491562,0.285961138762953,0.190635926416282,0.395378450879982,0.420027463356055,0.321322853096418,0.0550903948042087,0.00211877834987334,0.00699498742739577,0.0106887975430023,0.0135814916959015,0.10120895610699,0.145355546390254,0.160689249459109,0.321322853096418,3.28,199,39,19,7.31,2.4,6.71,6.96,0,0.26526864674706,0.13055616530979,0.666649766611503,1.07517274037935,0.025702201156274,0.593284681059018,0.550166532560381,0.270773171476072,1.38263000556775,2.22990566631865,2.07399758436201,0.0533063031108988,1.23047099535539,0.584465472461673,0.287653937908953,1.46882707620016,2.36892430141932,2.20329646804801,0.0566295690286782,1.30718204232433
"mean",0.149044950515486,0.25,0.0372612376288715,0.05,"variance",6.27273716549903,8.37794317903697,4.34889080350802,6.04150393261364,3.0799096848098,2.80111277506611,3.29799989610865,3.41096427695477,131.276925188851,5.74064669215875,0.962956890891533,2.89570253598203,5.33354041766508,2.07422888120656,1.54429122984427,1.66372201370634,1.40183834400601,131.276925188851,14.28,199,39,19,26.99,33.73,43.86,53.92,0,0.463644947733123,0.644098208399853,0.909478868449058,0.446553506254437,0.334343730341233,0.0213374343665996,0.545890548594228,0.758354266666877,1.07081058654884,0.525767270187587,1.17738918813464,0.393652693224371,0.0251224645257669,0.564588604923598,0.78432971326926,1.10748840908477,0.543776056123564,1.21771758256833,0.407136239058003,0.0259829689951061
"mean",0.149044950515486,0.25,0.0372612376288715,0.1,"abrupt_coef",13.7129672492866,9.48111969156661,7.99614197127224,12.1068491216128,4.35144541138598,4.10908049056986,4.57157925960565,4.47152089515121,303.688878779504,13.1667175056473,2.06613340342117,6.54295370374625,11.3988856066642,3.23882485578788,2.74904531711605,2.76329139747651,3.12005580635204,303.688878779504,14.66,199,39,19,29.86,36.5,48.53,36.27,0,0.339401313198366,0.513882883186987,0.944302433351928,0.299649260139788,0.433396120315289,0.0135305596539585,0.377602728313893,0.571723122979803,1.05058867282206,0.333376371174772,1.11255529554537,0.482177148725591,0.015053495794704,0.369338120119857,0.559209792824596,1.02759439046415,0.326079747283276,1.08820474688026,0.471623715406588,0.0147240192433842
"mean",0.149044950515486,0.25,0.0372612376288715,0.1,"gradual",6.43974135352056,8.42603457392299,4.43967186187139,6.17725426444724,3.25171735471477,2.9971745004891,3.8112627818479,3.74750672245392,97.962849803923,5.92739933612358,1.01104828577755,2.98648359434539,5.46929074949868,2.14990255802904,1.71874143744252,2.19747858014148,2.30624205096917,97.962849803923,13.75,199,39,19,29.57,34.31,43.31,38.68,0,0.485195261872112,0.675089194368015,0.921720485989779,0.465418459524087,0.355704035414808,0.0305950113383602,0.616983309847445,0.858455962608327,1.17207689540477,0.591834760531852,1.2716185798411,0.452319860357926,0.0389051848683079,0.606662209781851,0.844095428456799,1.15247000697041,0.581934353684125,1.25034652531655,0.444753304721981,0.0382543661189392
"mean",0.149044950515486,0.25,0.0372612376288715,0.1,"none",0.190781465210444,7.41853781383737,1.46153483048151,0.721042980212345,0.288744372602535,0.176554680851619,0.360681253203092,0.358771009522108,0.308962391606085,0.0428543518238238,0.00355152569193504,0.00834656295552031,0.013079465263786,0.0141290512777513,0.094207345691813,0.130034192280377,0.116572964934442,0.308962391606085,3.97,199,39,19,7.37,2.21,6.19,6.5,0,0.244860134134617,0.120800871227579,0.611456698741111,0.925428896653395,0.0237991212395388,0.57144392213509,0.50022157222427,0.24678252319465,1.24913690941288,1.89054661471039,2.04288694847019,0.0486189141653136,1.16739533031239,0.497572293702173,0.245475511113142,1.2425212179493,1.88053388271424,2.03206739006613,0.048361418183097,1.1612125594222
"mean",0.149044950515486,0.25,0.0372612376288715,0.1,"variance",6.18548720089426,8.33823619393209,4.26409678558248,5.87496569292894,3.02124112785681,2.70979837711854,3.04727196234553,3.32441284335842,135.546667936401,5.63439349636325,0.92324990578665,2.81090851805649,5.16700217798038,2.0278565326711,1.46490042793794,1.38914688786075,1.34174238912616,135.546667936401,14.79,199,39,19,26.66,33.41,44.5,53.21,0,0.461244970397024,0.6354917614161,0.896915625877501,0.438089723429833,0.324984602749742,0.0199916266358534,0.518687618212512,0.714634802063778,1.00861594073002,0.492648656989376,1.12453826383417,0.365457620949032,0.0224813491083035,0.565860809597519,0.779628842994073,1.10034674581458,0.537453677517559,1.22681188070288,0.39869497169889,0.0245259650714412
"mean",0.149044950515486,0.25,0.0372612376288715,0.2,"abrupt_coef",10.0810985621427,9.03559764337291,6.25933111978158,9.78404717851239,3.84873442897097,3.62965372581983,4.02734327370435,3.95078990928793,251.298459845266,9.52814179573029,1.62061135522748,4.80614285225559,9.07608366356383,2.75660755406874,2.319921223165,2.22837072098243,2.68837917842176,251.298459845266,14.84,199,39,19,29.31,35.15,48.28,33.88,0,0.370976719510433,0.579878849091225,0.943077209614145,0.360045455705608,0.401705993236869,0.0144435971794445,0.411623451954438,0.643414319619008,1.04640716267377,0.3994944845424,1.1095668011126,0.445719633903593,0.0160261359189552,0.403799147449392,0.631184040863745,1.02651663350652,0.391900732339253,1.08847570807751,0.437247215427482,0.0157215046670822
"mean",0.149044950515486,0.25,0.0372612376288715,0.2,"gradual",7.08873664930718,8.5057903178699,4.72059155497374,6.75923756190389,3.46915243351189,3.22811430659122,3.91777889005348,3.77780684800598,118.376222616344,6.56707932250297,1.09080402972446,3.26740328744775,6.05127404695533,2.32709550018697,1.84944851432297,2.16240198535734,2.17520101758821,118.376222616344,14,199,39,19,30.65,37,47.11,43.01,0,0.477585567458876,0.683836817695019,0.930519591877183,0.455386406110421,0.379519619688866,0.0272699553613355,0.579618463498707,0.829933885283002,1.12931875008082,0.552676602880485,1.21364317306054,0.460601395477923,0.0330959951539504,0.558910204502692,0.800282507819509,1.08897113067518,0.532930906436651,1.17028286151218,0.4441453065295,0.0319135613935732
"mean",0.149044950515486,0.25,0.0372612376288715,0.2,"none",0.226140415877847,7.41849536708555,1.46414778982216,0.728321764872944,0.295043504513652,0.197170886695694,0.380293668892602,0.378427893032351,0.439226054457424,0.0815668138778254,0.0035090789401089,0.0109595222961686,0.0203582499243848,0.0155842222971153,0.111097427773,0.119465005490501,0.107538695470455,0.439226054457424,3.88,199,39,19,7.5,2.31,7,7.27,0,0.270719476205809,0.134665972975066,0.668277334289088,0.871895834852441,0.0265782853448293,0.448905261185516,0.522150630716005,0.259737214737587,1.28894099708948,1.68167051173207,1.9287516289336,0.0512629111531015,0.865826753748427,0.519588884039965,0.258462906315158,1.28261726573561,1.67341999245621,1.91928889388423,0.0510114078808169,0.861578882199561
"mean",0.149044950515486,0.25,0.0372612376288715,0.2,"variance",6.70407035360378,8.43083798390518,4.47933920614746,6.3564031382134,3.12098605066253,2.82293253364525,3.15492769763431,3.47947190050565,156.375573056346,6.15968367184596,1.01585169575974,3.02615093862147,5.64843962326484,2.12946451735826,1.5899581805059,1.52772945038149,1.44016436507751,156.375573056346,14.61,199,39,19,26.61,33.09,43.67,54.73,0,0.444108479632823,0.63021182449658,0.90450020853057,0.42107740294339,0.334834157533848,0.0180522601994116,0.496338515514778,0.704328820042134,1.01087529595481,0.470598834920994,1.11760648192338,0.374212824829181,0.0201753230122298,0.547396353700062,0.776782409273761,1.11486300932586,0.519008858347564,1.23257352382156,0.412707717447317,0.0222507379669324
"mean",0.149044950515486,0.5,0.0745224752577431,0.02,"abrupt_coef",11.8804434875279,16.6756111767232,8.31800182164271,11.4362183181919,4.77354331584759,4.60434739813731,5.65491053443187,6.20945844745848,212.777141743817,10.991390357703,1.84563860043235,5.41162528659073,10.0202912882948,3.31215757604325,3.14892345635359,3.81047927180273,4.91649350173664,212.777141743817,11.93,199,39,19,19.61,19.53,24.75,17.35,0,0.402611009166645,0.553540080522368,0.964555487084706,0.387556862079346,0.276112662339136,0.0216392952758099,0.494473817926023,0.679840021159684,1.18463584810433,0.475984801440149,1.2281676523191,0.339112640280635,0.0265766824767313,0.542964315186335,0.746508426014288,1.30080697641181,0.522662176203875,1.34860772016693,0.372367668066404,0.029182920667929
"mean",0.149044950515486,0.5,0.0745224752577431,0.02,"gradual",5.3854725796712,15.5943614820736,5.18640164364819,5.60346177526019,3.43639178553457,3.35629889661144,5.47324942711058,5.36948621149412,60.7636422370531,4.51132394489787,0.764388905782717,2.28002510859621,4.18753474536306,2.12479622099829,2.11400923406486,4.17730358237843,4.38653476284449,60.7636422370531,11.73,199,39,19,17.6,16.67,17.39,13.19,0,0.598968821636264,0.647134396296113,0.976692736474264,0.623213440781524,0.215225156892102,0.0552353146231382,0.976762160005356,1.05530766862487,1.59273149532895,1.01629881986044,1.63073957228197,0.350976180294546,0.0900744133433964,0.958244461522145,1.03530088497295,1.56253609792017,0.997031575606304,1.59982360835479,0.344322287107849,0.0883667603490012
"mean",0.149044950515486,0.5,0.0745224752577431,0.02,"none",0.344664391374544,14.8314348350169,2.91572274564883,1.43393773309842,0.386408360713956,0.239462175520472,0.380555697712217,0.341930910997845,0.468803946964647,0.082345278467288,0.00146225872602181,0.00934621059685108,0.0180107032012978,0.0346622774974081,0.179844195314278,0.273243333341067,0.308395797131861,0.468803946964647,3.52,199,39,19,4.72,0.8,1.44,0.45,0,0.166996216079096,0.0821278963776047,0.619712718115169,0.694769118926042,0.0161455839023143,0.510793855450476,0.265392066146361,0.130518478919206,0.984853684348536,1.10413407139199,1.58921005743424,0.0256587243207062,0.811758732357506,0.238455898819964,0.11727140775237,0.884895219052893,0.992069153515403,1.42791198758074,0.0230544728006052,0.729368669380317
"mean",0.149044950515486,0.5,0.0745224752577431,0.02,"variance",6.55643382659998,15.7632742377875,5.68502537096358,6.49002492897414,3.90504480942889,3.65672911210272,4.69585801944519,4.48307195439739,111.223528574288,5.60403659280603,0.933301661496603,2.7786488359116,5.07409789907702,2.48986300428435,2.18267455150456,2.83056046374388,2.71987018979919,111.223528574288,12.78,199,39,19,18.99,19.78,25.03,23.66,0,0.563438376912479,0.643221247662246,0.936411562621099,0.557731414487411,0.231977764069908,0.0328772981668202,0.723550074281063,0.826004760406067,1.20251066213296,0.71622137028116,1.28416895960471,0.297898643937079,0.0422200057814992,0.690763441351837,0.788575540453134,1.14802061773346,0.683766827053024,1.22597868667923,0.284399794533209,0.0403068668281196
"mean",0.149044950515486,0.5,0.0745224752577431,0.05,"abrupt_coef",12.4825428541254,16.7503993012258,8.56540099801962,12.1278100335954,5.23191835601776,4.9723523783582,5.71818765665077,5.72946399308312,266.647583638243,11.4317759529912,1.92042672493488,5.65902446296764,10.7118830036983,3.64384440827525,3.27771129099712,3.46760890386693,4.23826926317567,266.647583638243,14.1,199,39,19,21.31,22.74,30.2,20.01,0,0.409995899060441,0.580516006140033,0.950387991555525,0.39834450692191,0.29684978184337,0.0186476558703945,0.471493834485428,0.667591354797382,1.0929428304388,0.45809477471659,1.14999646475957,0.341376199684525,0.0214447383270067,0.472423626129683,0.668907853165054,1.09509812715122,0.45899814325008,1.15226427194102,0.342049397751601,0.0214870276149068
"mean",0.149044950515486,0.5,0.0745224752577431,0.05,"gradual",6.82673358593562,15.8128101163737,5.85498905991727,6.79973980897523,4.1460625969307,3.95629995919162,5.79878541258633,6.53369266307748,88.4975184548079,5.84601781154372,0.982837540082822,2.94861252486529,5.38381277907811,2.63772769771398,2.42337264313984,4.01620780442111,5.18707153517007,88.4975184548079,13.16,199,39,19,20.24,20.57,23.92,18.07,0,0.581831080355391,0.675714321359897,0.954230638514826,0.579530445913746,0.250195881065756,0.0447052078777999,0.852795191506047,0.990400725474329,1.39862466545467,0.849423130343469,1.46570924156397,0.36671441507932,0.0655248363325299,0.960873922624718,1.11591885078088,1.57587892375632,0.957074504348338,1.65146544257794,0.413189851455437,0.0738291059134497
"mean",0.149044950515486,0.5,0.0745224752577431,0.05,"none",0.299524113649606,14.8320913546408,2.91337152247938,1.42661582744012,0.362791501954307,0.2175978606891,0.34735508467551,0.295328923898144,0.321322853096418,0.0550903948042087,0.00211877834987334,0.00699498742739577,0.0106887975430023,0.0237142395315758,0.166922577513834,0.232590472778585,0.269991282310511,0.321322853096418,3.28,199,39,19,4.55,0.68,1.54,0.34,0,0.152527300275051,0.0746893621394077,0.599787645291939,0.726478606472577,0.0146707470636645,0.677193852202621,0.243481866662586,0.119227871212216,0.957450995418462,1.15968988420698,1.59631663461896,0.023419157580015,1.08101581113274,0.207013631993747,0.101370155374763,0.814045870168537,0.985993816323017,1.35722347160437,0.0199114822607764,0.919103391035577
"mean",0.149044950515486,0.5,0.0745224752577431,0.05,"variance",6.80482763883932,15.7929294671824,5.80207907103401,6.7494674475622,4.10746018363571,3.77738498604345,4.31525280960829,4.33908339351438,131.276925188851,5.74064669215875,0.962956890891533,2.89570253598203,5.33354041766508,2.62446292600662,2.15577592443496,2.21669990635024,2.32325043779243,131.276925188851,14.28,199,39,19,19.9,21.76,28.16,27.05,0,0.559656745571502,0.651039901352167,0.91964007371093,0.555103697922282,0.239182033573494,0.0287741732266309,0.639347154888033,0.743742502778276,1.05058907857474,0.634145791581627,1.14239158188856,0.273239541693348,0.0328713732699064,0.642877890326234,0.747849751854742,1.05639085944192,0.637647802972786,1.14870033357634,0.274748481751341,0.0330529023838144
"mean",0.149044950515486,0.5,0.0745224752577431,0.1,"abrupt_coef",14.2592169929258,16.8961059797121,9.44933023879823,12.8148126365614,5.52690187160385,5.24493310581871,5.8368052771089,5.78156385169153,303.688878779504,13.1667175056473,2.06613340342117,6.54295370374625,11.3988856066642,3.87473859513968,3.43105605804524,3.36563999756214,4.19647080295934,303.688878779504,14.66,199,39,19,22.17,24.34,33.16,21.27,0,0.409286757018564,0.555058715620226,0.948982491034654,0.367827567840561,0.310422597497704,0.0172707447401353,0.455473321588501,0.617695130724019,1.05607181250988,0.409335609381961,1.1128464671234,0.345452690940589,0.0192196872686495,0.451162573785622,0.611849062905312,1.04607680505349,0.405461523908349,1.10231412585177,0.342183214205316,0.0190377858910312
"mean",0.149044950515486,0.5,0.0745224752577431,0.1,"gradual",6.95208337091754,15.8410208620684,5.89286012939737,6.8852177793958,4.31432069739529,4.03798516740506,5.53240589885184,5.85386755033127,97.962849803923,5.92739933612358,1.01104828577755,2.98648359434539,5.46929074949868,2.74338691896206,2.41935700480689,3.62463053225362,4.42899782340322,97.962849803923,13.75,199,39,19,21.08,21.72,25.6,19.12,0,0.586471669710847,0.685233499308935,0.935949237580541,0.580830946921185,0.254906877692086,0.0412195559386775,0.803519376744729,0.93883204036231,1.28233534011321,0.795791074945303,1.37009069362361,0.349245540866578,0.0564745299868797,0.850208045393877,0.993383080845312,1.35684571475307,0.8420306889327,1.44970011222036,0.369538529195959,0.0597559948699741
"mean",0.149044950515486,0.5,0.0745224752577431,0.1,"none",0.338708578597064,14.8335241019828,2.9147230980075,1.42900649516091,0.362636200634705,0.201354509888691,0.294151207965412,0.229121434165368,0.308962391606085,0.0428543518238238,0.00355152569193504,0.00834656295552031,0.013079465263786,0.019832814449087,0.143972203940229,0.196526765377769,0.206019466835468,0.308962391606085,3.97,199,39,19,4.6,0.77,1.31,0.31,0,0.140905244707106,0.0690818657958749,0.555252094347639,0.594477148239659,0.0135742867645171,0.651712037966775,0.20584315673967,0.100919091822648,0.811146839313265,0.86844924088959,1.46086227782044,0.0198301634826004,0.952061532267147,0.16033617407706,0.078608302216425,0.631821736948346,0.676455952531208,1.13790068219494,0.0154461901696537,0.741583572597046
"mean",0.149044950515486,0.5,0.0745224752577431,0.1,"variance",6.73658090542528,15.7532224820775,5.71728505310847,6.5829292078775,4.0404054923029,3.7131868054401,4.03815363184701,4.06298058322147,135.546667936401,5.63439349636325,0.92324990578665,2.81090851805649,5.16700217798038,2.56560570695216,2.09157774383161,1.91500831175391,2.05310942552014,135.546667936401,14.79,199,39,19,19.79,21.76,28.49,26.97,0,0.564063001163175,0.649466796031318,0.919013404103584,0.551197537381271,0.235709665731224,0.0273941577610918,0.613428081075933,0.706306156564902,0.999442664737443,0.599436670996543,1.08751696142268,0.256338259453977,0.0297916112090761,0.617199495075761,0.710648593778342,1.00558733299457,0.603122064480717,1.0942031188059,0.257914251375802,0.0299747728592475
"mean",0.149044950515486,0.5,0.0745224752577431,0.2,"abrupt_coef",10.6340553285552,16.4505839315184,7.71251938730757,10.4920106934609,4.96702450098518,4.73950884567813,5.21559107810769,5.40596679669543,251.298459845266,9.52814179573029,1.62061135522748,4.80614285225559,9.07608366356383,3.36777218195401,2.98301410385312,2.81373170055063,3.91924341530345,251.298459845266,14.84,199,39,19,21.46,23.57,32.23,19.95,0,0.451725506592553,0.614521482238074,0.954194778934164,0.445691572898941,0.288105812256154,0.018860079160837,0.49710119732896,0.676249979571,1.05004335635413,0.490461156817802,1.10044969804491,0.317045954102269,0.0207545684176462,0.515246024297769,0.700933965312552,1.08837127653048,0.508363613849084,1.14061751390654,0.328618535317638,0.0215121366045144
"mean",0.149044950515486,0.5,0.0745224752577431,0.2,"gradual",7.61039397611137,15.9207766060153,6.17377982249973,7.46720107685246,4.60859420741217,4.32303939548951,5.57761695395744,5.74163034881224,118.376222616344,6.56707932250297,1.09080402972446,3.26740328744775,6.05127404695533,2.95866660520574,2.5635637546542,3.42987921702928,4.14759460304911,118.376222616344,14,199,39,19,22.14,23.61,28.82,21.39,0,0.578937054325547,0.700225715814261,0.938038629770574,0.568044099827066,0.271534454786341,0.0365194909918729,0.746948809406977,0.903436324960985,1.21026428080536,0.732894640075834,1.29020729253055,0.350335733738645,0.0471177135972182,0.76891331701388,0.930002448076855,1.2458528762584,0.75444587584229,1.32814666338753,0.360637580119231,0.0485032401094669
"mean",0.149044950515486,0.5,0.0745224752577431,0.2,"none",0.370714017877869,14.833481655231,2.91733605734815,1.4362852798215,0.383604779008819,0.227839614260699,0.34061269380624,0.330735329117782,0.439226054457424,0.0815668138778254,0.0035090789401089,0.0109595222961686,0.0203582499243848,0.0311134710396942,0.171947757817392,0.242243026466019,0.300181114262108,0.439226054457424,3.88,199,39,19,4.73,0.75,1.32,0.41,0,0.158631169908679,0.0780985151459734,0.593943628255635,0.614596706013314,0.0153598204087408,0.518729733695213,0.237148356661129,0.116754699188086,0.887926095932213,0.91880176464882,1.49496695257087,0.0229624239084911,0.775483809190233,0.230271335203606,0.11336895119941,0.862177290836564,0.89215760173046,1.45161468163016,0.0222965408125306,0.752995697230073
"mean",0.149044950515486,0.5,0.0745224752577431,0.2,"variance",7.24845703536159,15.8458242720506,5.93252747367346,7.06436665316195,4.16932005349137,3.86011090636423,4.13556693361105,4.21361341606596,156.375573056346,6.15968367184596,1.01585169575974,3.02615093862147,5.64843962326484,2.69526549289321,2.22210690019904,2.02583565906434,2.13890770489039,156.375573056346,14.61,199,39,19,19.78,21.98,28.31,27.84,0,0.546419954665925,0.650668863059479,0.925837032619214,0.532542427654973,0.24360429852632,0.0246848713703728,0.585412272133412,0.697100342470101,0.991904406606527,0.570544450141001,1.07135961476979,0.260987807425423,0.0264463742820044,0.596460181491285,0.710256030800455,1.01062364174645,0.581311773734721,1.09157832981402,0.265913173320877,0.0269454706621455
"mean",0.149044950515486,1,0.149044950515486,0.02,"abrupt_coef",12.8510983242015,31.5055837530141,12.852145348089,12.852145348089,6.22489596887425,6.01306364066591,7.88359724664246,7.50242339318033,212.777141743817,11.1057819536652,1.84563860043235,10.0202912882948,10.0202912882948,4.10398632303888,3.67305791757277,5.70605051961121,4.91649350173664,212.777141743817,11.71,199,19,19,14.23,15.7,14.61,17.35,0,0.467864584301483,0.467864584301483,0.965970141626856,0.467902702864078,0.190857077520128,0.0282599135949745,0.613407103103971,0.613407103103971,1.26646248966441,0.613457079524159,1.31107829847771,0.250228572447519,0.0370509594312264,0.583748719764973,0.583748719764973,1.20522871879208,0.583796279813032,1.24768734234609,0.23812995981903,0.0352595364882438
"mean",0.149044950515486,1,0.149044950515486,0.02,"gradual",6.23158839975867,30.4243340583645,7.0193888051573,7.0193888051573,4.60595207914122,4.52502180256386,7.18279057576144,6.35243766014375,60.7636422370531,4.55334225695429,0.764388905782717,4.18753474536306,4.18753474536306,2.7473615462131,2.66941216864606,5.7907107379468,4.38653476284449,60.7636422370531,11.26,199,19,19,12.47,12.45,9.34,13.19,0,0.644646126346389,0.644646126346389,0.982429197007094,0.726142599973243,0.148730348341669,0.0744692325208337,1.02327863224845,1.02327863224845,1.55945838175127,1.15264200954601,1.58734938507737,0.236087026982492,0.118208690449129,0.90498444187569,0.90498444187569,1.37918014581866,1.01939301067923,1.40384686247135,0.208794632873724,0.104543398425022
"mean",0.149044950515486,1,0.149044950515486,0.02,"none",0.605650936537499,29.6614074113078,2.84986476299554,2.84986476299554,0.485754009507985,0.306689813516795,0.410088852985738,0.37546602486383,0.468803946964647,0.0854840592384527,0.00146225872602181,0.0180107032012978,0.0180107032012978,0.0535236530130749,0.247071833310601,0.387732110408415,0.308395797131861,0.468803946964647,3.49,199,19,19,2.9,0.4,0.15,0.45,0,0.107615567411848,0.107615567411848,0.63136856827479,0.506380482576545,0.0103396918852838,0.654196312771068,0.143897653780135,0.143897653780135,0.844231534807325,0.677104299268836,1.33714533353186,0.0138256707545644,0.87475554683558,0.131748716549333,0.131748716549333,0.772955070909523,0.619937991032203,1.22425332800715,0.0126584022011272,0.800902013079988
"mean",0.149044950515486,1,0.149044950515486,0.02,"variance",7.42799243353598,30.5932468140784,7.90595195887126,7.90595195887126,5.27987058735281,5.00236365860875,6.27993295531884,6.24627371899559,111.223528574288,5.55449740555632,0.933301661496603,5.07409789907702,5.07409789907702,3.26031150786797,2.70707142067026,4.13666656690615,2.71987018979919,111.223528574288,12.57,199,19,19,13.55,15.4,14.38,23.66,0,0.632733880073178,0.632733880073178,0.94744058132622,0.67344759749943,0.163512022408382,0.044975768371416,0.794329764206591,0.794329764206591,1.18941039395199,0.84544148523444,1.25539312690941,0.205271869098541,0.0564622704909453,0.790072309000898,0.790072309000898,1.18303538233639,0.840910081005851,1.24866446049882,0.204171651245633,0.0561596435490139
"mean",0.149044950515486,1,0.149044950515486,0.05,"abrupt_coef",13.4899838879927,31.5803718775166,13.5437370634926,13.5437370634926,6.81499109026171,6.54024083828535,7.4237903722537,7.22065872299055,266.647583638243,11.4361444698893,1.92042672493488,10.7118830036983,10.7118830036983,4.51373705430261,3.85892217851175,4.74843351050073,4.23826926317567,266.647583638243,13.78,199,19,19,15.44,17.99,17.95,20.01,0,0.482897800483347,0.482897800483347,0.959684429761182,0.484821990344017,0.207098284455023,0.0245276583760773,0.548134561196163,0.548134561196163,1.08933236653265,0.550318698220355,1.13509434221386,0.235076090967092,0.0278412062504397,0.533136363260772,0.533136363260772,1.05952577594834,0.535260737369567,1.1040356007568,0.228643878894005,0.0270794080503902
"mean",0.149044950515486,1,0.149044950515486,0.05,"gradual",7.74132464891714,30.6427826926646,8.21566683887235,8.21566683887235,5.53592364358742,5.38370308380974,8.3253183290697,7.8803137909849,88.4975184548079,5.85292512588593,0.982837540082822,5.38381277907811,5.38381277907811,3.3837145581438,3.00941702209805,6.34898228523435,5.18707153517007,88.4975184548079,12.67,199,19,19,14.44,15.93,13.26,18.07,0,0.655297152306225,0.655297152306225,0.97250313234468,0.695449852314722,0.175692368992928,0.0608345090100914,1.01334663300592,1.01334663300592,1.50387159669613,1.07543846907832,1.54639254792973,0.271689370138785,0.0940740313901695,0.959181274695715,0.959181274695715,1.42348672025365,1.01795418075991,1.46373484352864,0.25716704223704,0.0890455905270278
"mean",0.149044950515486,1,0.149044950515486,0.05,"none",0.47697658405073,29.6620639309316,2.84254285733724,2.84254285733724,0.469028082333217,0.283812360367374,0.328851847692904,0.320666565485777,0.321322853096418,0.0685934196382975,0.00211877834987334,0.0106887975430023,0.0106887975430023,0.0457404228692364,0.239098875212728,0.299042857589806,0.269991282310511,0.321322853096418,2.74,199,19,19,2.84,0.3,0.2,0.34,0,0.099844531678666,0.099844531678666,0.605107393475305,0.59502367591527,0.00956819326626203,0.883262294083427,0.115689319105273,0.115689319105273,0.701134665662244,0.689450716637125,1.15869459408755,0.0110866138128027,1.02343124531583,0.112809755764303,0.112809755764303,0.683683083304086,0.672289953444909,1.12985412288139,0.0108106626104121,0.997957544555837
"mean",0.149044950515486,1,0.149044950515486,0.05,"variance",7.84418293059874,30.6229020434733,8.16539447745932,8.16539447745932,5.62380263778787,5.23346764454266,5.8671388603248,6.35491634923633,131.276925188851,5.75159182536131,0.962956890891533,5.33354041766508,5.33354041766508,3.44923680976693,2.68181809171754,3.40938762632443,2.32325043779243,131.276925188851,14.04,199,19,19,14.59,17.12,16.49,27.05,0,0.64093261617546,0.64093261617546,0.93059233789208,0.667178174048931,0.17090044689798,0.0398658609425378,0.718537099036809,0.718537099036809,1.04326898332134,0.747960483868645,1.12108056432582,0.191593169451922,0.0446928418827949,0.77827426057359,0.77827426057359,1.13000344402841,0.810143823195014,1.21428406189978,0.207521688839767,0.0484084795564366
"mean",0.149044950515486,1,0.149044950515486,0.1,"abrupt_coef",15.2534262504523,31.7260785560029,14.2307396664585,14.2307396664585,7.20544170028471,6.8536647575263,7.40168337485567,7.36665690042373,303.688878779504,13.1071789630293,2.06613340342117,11.3988856066642,11.3988856066642,4.78644215341837,3.96964496505164,4.47295009722637,4.19647080295934,303.688878779504,14.4,199,19,19,16.23,19.35,19.65,21.27,0,0.481609875393915,0.481609875393915,0.951178989798154,0.449319690212097,0.216026217845619,0.0225680465648611,0.520119371749964,0.520119371749964,1.02723520399356,0.485247265324156,1.07995993920297,0.233299661090803,0.0243725861961172,0.517658046811634,0.517658046811634,1.02237408986775,0.482950963243769,1.07484931945848,0.232195633236553,0.0242572494917483
"mean",0.149044950515486,1,0.149044950515486,0.1,"gradual",7.93090361369228,30.6709934383593,8.30114480929292,8.30114480929292,5.81078473761907,5.45396306725902,7.76028479480979,7.27873727725932,97.962849803923,5.91432543321776,1.01104828577755,5.46929074949868,5.46929074949868,3.55871553533007,2.932122504537,5.65427964402597,4.42899782340322,97.962849803923,13.53,199,19,19,15.11,16.92,14.13,19.12,0,0.657013362922359,0.657013362922359,0.938593204451375,0.687684951541089,0.177821532850576,0.0556737893821522,0.934845129568436,0.934845129568436,1.33549686405859,0.978486837415609,1.42287080039026,0.253017066773723,0.0792166092589419,0.876835357589589,0.876835357589589,1.2526255240771,0.917768974608765,1.33457766169241,0.237316645510283,0.0743009956511885
"mean",0.149044950515486,1,0.149044950515486,0.1,"none",0.564883858945797,29.6634966782737,2.84493352505802,2.84493352505802,0.457749978016999,0.238120053683029,0.270764272918991,0.252223401495269,0.308962391606085,0.0506787796673695,0.00355152569193504,0.013079465263786,0.013079465263786,0.0374432175633277,0.187444770507764,0.243936181826203,0.206019466835468,0.308962391606085,3.45,199,19,19,2.82,0.34,0.18,0.31,0,0.0836996898471195,0.0836996898471195,0.520196756130016,0.421538073556245,0.00802737641707069,0.770708863448411,0.0951742002173736,0.0951742002173736,0.591511274543274,0.479327331859507,1.13709143237224,0.00912786094827808,0.876366445480537,0.0886570456826841,0.0886570456826841,0.551006911213663,0.446504883262155,1.05922788775704,0.00850282096648449,0.816356321506092
"mean",0.149044950515486,1,0.149044950515486,0.1,"variance",7.85542070656373,30.5831950583684,7.99885623777462,7.99885623777462,5.50315640698559,5.13542336863599,5.45954944861522,6.0728517409228,135.546667936401,5.69128802507887,0.92324990578665,5.16700217798038,5.16700217798038,3.35839956906775,2.59420696234696,3.02415495719217,2.05310942552014,135.546667936401,14.52,199,19,19,14.39,17.05,16.34,26.97,0,0.642019710816147,0.642019710816147,0.933177796312893,0.653742626966498,0.16791650966601,0.0378867547747138,0.682541264191308,0.682541264191308,0.992076009630578,0.695004080946727,1.06311574659234,0.178514685538761,0.0402780055882808,0.759215012796923,0.759215012796923,1.10352155959334,0.773077848758441,1.18254159491738,0.198568257153404,0.0448026634175337
"mean",0.149044950515486,1,0.149044950515486,0.2,"abrupt_coef",11.6627173672059,31.2805565078092,11.9079377233581,11.9079377233581,6.57891218476483,6.31254343392658,6.90307614362628,6.8926901780874,251.298459845266,9.48069929165921,1.62061135522748,9.07608366356383,9.07608366356383,4.26126320424902,3.54925005136947,4.12338781651246,3.91924341530345,251.298459845266,14.64,199,19,19,15.55,18.54,18.65,19.95,0,0.530112231066189,0.530112231066189,0.959511733344747,0.541258373599677,0.201804064206807,0.0251197060173527,0.579703749213059,0.579703749213059,1.04927318525578,0.591892603265586,1.0935490925141,0.220682651279012,0.0274696317194971,0.578831560780421,0.578831560780421,1.04769451005125,0.591002076194418,1.09190380236322,0.220350625039763,0.0274283025145936
"mean",0.149044950515486,1,0.149044950515486,0.2,"gradual",8.6182878714385,30.7507491823062,8.88312810674957,8.88312810674957,6.13940319375557,5.93160614102787,7.74336136665564,7.33566609457536,118.376222616344,6.58233384739696,1.09080402972446,6.05127404695533,6.05127404695533,3.81132106670367,3.1966312990687,5.33330451682022,4.14759460304911,118.376222616344,13.66,199,19,19,15.62,18.35,16.17,21.39,0,0.667738444132188,0.667738444132188,0.966153541937261,0.688258065814389,0.192893061104374,0.0501080876710531,0.871693087570366,0.871693087570366,1.26125636682918,0.898480241338605,1.30544091811764,0.251810494786615,0.0654131479744186,0.825797625163323,0.825797625163323,1.194850030706,0.851174410045663,1.23670822373654,0.238552434969495,0.0619690840985032
"mean",0.149044950515486,1,0.149044950515486,0.2,"none",0.589685022391021,29.6634542315219,2.85221230971862,2.85221230971862,0.495918479119328,0.269588243841365,0.360702030106856,0.361289543973457,0.439226054457424,0.0903844381641421,0.0035090789401089,0.0203582499243848,0.0203582499243848,0.050274077078024,0.224874758686719,0.335364388519224,0.300181114262108,0.439226054457424,3.35,199,19,19,2.99,0.3,0.17,0.41,0,0.0945189959817404,0.0945189959817404,0.54361403172576,0.457173293546195,0.00908822828714557,0.613780173342374,0.12646394831051,0.12646394831051,0.727341378259197,0.611685927928613,1.33797388553451,0.0121598121139768,0.821221843390943,0.126669933630957,0.126669933630957,0.728526076735535,0.612682246037929,1.3401531863016,0.0121796180968544,0.822559454993529
"mean",0.149044950515486,1,0.149044950515486,0.2,"variance",8.27045518153363,30.6757968483415,8.48029368305907,8.48029368305907,5.68144573457665,5.33199664065299,5.69461707906503,6.28831912724153,156.375573056346,6.14209328817249,1.01585169575974,5.64843962326484,5.64843962326484,3.53072709863818,2.74457629970415,3.17724786485847,2.13890770489039,156.375573056346,14.28,199,19,19,14.43,17.36,16.89,27.84,0,0.628751413563026,0.628751413563026,0.938492927636896,0.644704133402274,0.17381770608972,0.0340973755455511,0.671511776819837,0.671511776819837,1.00231830859674,0.688549415246218,1.06800837713349,0.185638766197949,0.0364162827209153,0.741521386199583,0.741521386199583,1.10681671902127,0.760335312774822,1.17935541806182,0.204992853431989,0.0402129245913343
"mean",0.149044950515486,2,0.298089901030972,0.02,"abrupt_coef",14.5964146947379,61.1655289055959,15.6839994078833,15.6839994078833,8.33969782786308,8.01331642873587,10.0611439736737,9.85506459673234,212.777141743817,11.1057819536652,1.84563860043235,10.0202912882948,10.0202912882948,5.62707972848123,4.45114211141575,5.70605051961121,6.91589817256695,212.777141743817,11.71,199,19,19,9.1,11.95,14.61,9.86,0,0.51092302545664,0.51092302545664,0.960864121714726,0.548992105001288,0.131010334940515,0.0376606075401834,0.641490968726808,0.641490968726808,1.20641588956128,0.689288718091906,1.25555306135102,0.164490427103186,0.0472848910894165,0.628351502728244,0.628351502728244,1.18170523682601,0.675170225211893,1.22983594674883,0.16112121930545,0.0463163689293177
"mean",0.149044950515486,2,0.298089901030972,0.02,"gradual",7.90983454256304,60.0842792109462,9.85124286495154,9.85124286495154,6.24185989689157,6.07452600448803,8.57487041357608,8.67795808989151,60.7636422370531,4.55334225695429,0.764388905782717,4.18753474536306,4.18753474536306,3.99128114410773,3.44239217838454,5.7907107379468,6.84768609756133,60.7636422370531,11.26,199,19,19,7.55,8.83,9.34,6.14,0,0.616625342381903,0.616625342381903,0.973191661593225,0.767971311131836,0.10110008947867,0.0999697480409401,0.870435388826267,0.870435388826267,1.37376848491046,1.08407709003702,1.4116114421505,0.14271404311053,0.141118440203494,0.880899822373245,0.880899822373245,1.3902840232305,1.0971099386713,1.42858193108071,0.14442976105987,0.142814975705978
"mean",0.149044950515486,2,0.298089901030972,0.02,"none",1.12581781383655,59.3213525638895,5.68171882278977,5.68171882278977,0.552533136465227,0.399900687747938,0.432445595563061,0.453345128534864,0.468803946964647,0.0854840592384527,0.00146225872602181,0.0180107032012978,0.0180107032012978,0.108379183929078,0.37009169764484,0.387732110408415,0.447383330514245,0.468803946964647,3.49,199,19,19,1.49,0.1,0.15,0.02,0,0.0703837518576083,0.0703837518576083,0.723758741975658,0.355209060323146,0.00674126044778297,0.853023295424803,0.0761117557997575,0.0761117557997575,0.782660019867019,0.38411685287638,1.08138247523004,0.00728988090919393,0.922444442635361,0.0797901379273583,0.0797901379273583,0.820484960295942,0.402680720595423,1.13364428325418,0.00764219136855668,0.967024982340968
"mean",0.149044950515486,2,0.298089901030972,0.02,"variance",9.30148746151564,60.2531919666601,10.7378060186655,10.7378060186655,7.34069228491973,7.01823168543821,8.42319934373153,7.84816806178413,111.223528574288,5.55449740555632,0.933301661496603,5.07409789907702,5.07409789907702,4.79500453011523,3.5484652374377,4.13666656690615,4.51254206924755,111.223528574288,12.57,199,19,19,8.54,11.64,14.38,11.19,0,0.65360015567784,0.65360015567784,0.956072181346716,0.754527887553011,0.116479002296204,0.0631002430457024,0.784443239996095,0.784443239996095,1.14746661715212,0.905575519892063,1.20018826981851,0.139796732236067,0.075732171526149,0.730891212612863,0.730891212612863,1.06913186892562,0.843754087102247,1.11825434290918,0.130253150175459,0.0705621208244818
"mean",0.149044950515486,2,0.298089901030972,0.05,"abrupt_coef",15.5438233060961,61.2403170300984,16.3755911232868,16.3755911232868,9.32915757500526,8.86753626819848,10.0991472340067,9.64601418426551,266.647583638243,11.4361444698893,1.92042672493488,10.7118830036983,10.7118830036983,6.34527766568522,4.75687653298136,4.74843351050073,6.31336909073923,266.647583638243,13.78,199,19,19,10.01,13.79,17.95,11.18,0,0.541509384390311,0.541509384390311,0.950518436086495,0.570486172775827,0.144798993510113,0.0332556408245159,0.616719552776648,0.616719552776648,1.08253581878222,0.649720923554625,1.13888987071021,0.164910106997701,0.0378745124790181,0.589048304372259,0.589048304372259,1.03396411805812,0.620568954903292,1.08778965120886,0.157510846645759,0.0361751419332271
"mean",0.149044950515486,2,0.298089901030972,0.05,"gradual",9.62972417194835,60.3027278452463,11.0475208986666,11.0475208986666,7.55833545365081,7.33276700842395,10.301654372905,10.9621488081892,88.4975184548079,5.85292512588593,0.982837540082822,5.38381277907811,5.38381277907811,4.90831623348546,3.83915336834095,6.34898228523435,8.43434644744657,88.4975184548079,12.67,199,19,19,8.89,11.72,13.26,8.48,0,0.663747738129103,0.663747738129103,0.970156333148999,0.761472174850501,0.121599258780496,0.0828584477447071,0.932485619841501,0.932485619841501,1.36295278716813,1.069776681965,1.40487954425259,0.170832311256996,0.116406138305061,0.992272285224853,0.992272285224853,1.45033901649527,1.1383658153078,1.49495392334105,0.181785288989267,0.123869561537899
"mean",0.149044950515486,2,0.298089901030972,0.05,"none",0.885359748463162,59.3220090835134,5.67439691713148,5.67439691713148,0.50450210267816,0.305972714614066,0.358660837796001,0.321322853096418,0.321322853096418,0.0685934196382975,0.00211877834987334,0.0106887975430023,0.0106887975430023,0.0812144432141797,0.26722102748004,0.299042857589806,0.321322853096418,0.321322853096418,2.74,199,19,19,1.42,0.13,0.2,0,0,0.053921627105483,0.053921627105483,0.606484518081893,0.345591399592294,0.00515782791819,0.952228301428204,0.0632068646296444,0.0632068646296444,0.710920402297715,0.40510181134683,1.17219876369823,0.00604599950907055,1.11620083769261,0.0566267848000405,0.0566267848000405,0.636910830283299,0.362929141125041,1.05016832465507,0.00541658750370474,1
"mean",0.149044950515486,2,0.298089901030972,0.05,"variance",9.93677403583616,60.282847196055,10.9972485372536,10.9972485372536,7.89669533370507,7.34869152684238,8.32489009432516,7.85507885717886,131.276925188851,5.75159182536131,0.962956890891533,5.33354041766508,5.33354041766508,5.12147835510672,3.53314079364594,3.40938762632443,4.18559217548759,131.276925188851,14.04,199,19,19,9.31,12.8,16.49,12.31,0,0.668230012438879,0.668230012438879,0.93060340006741,0.739544997233501,0.121903524280175,0.055978547001088,0.756997540441531,0.756997540441531,1.05422455122366,0.837785992144143,1.13283978024075,0.138097161656126,0.0634147248829088,0.714276742093216,0.714276742093216,0.994729887026465,0.790505935714162,1.06890850275682,0.130303713619102,0.0598359448614355
"mean",0.149044950515486,2,0.298089901030972,0.1,"abrupt_coef",17.3996735378753,61.3860237085847,17.0625937262527,17.0625937262527,9.83382710747995,9.28000053629627,10.330416652485,10.0261628790656,303.688878779504,13.1071789630293,2.06613340342117,11.3988856066642,11.3988856066642,6.72773033873722,4.82355651588323,4.47295009722637,6.40735148054957,303.688878779504,14.4,199,19,19,10.42,14.95,19.65,12.14,0,0.543879827720328,0.543879827720328,0.943681481774026,0.53334337084519,0.151174485259883,0.0305575909581927,0.605442338850891,0.605442338850891,1.05049809596788,0.593713245826015,1.11319138528929,0.168286134666844,0.034016447009854,0.587610713817747,0.587610713817747,1.01955858787057,0.576227068699927,1.08040542022071,0.163329733273853,0.0330145869001187
"mean",0.149044950515486,2,0.298089901030972,0.1,"gradual",9.94748179416681,60.3309385909411,11.1329988690872,11.1329988690872,7.90861124869938,7.54153077967283,9.86628994559361,9.75706598838852,97.962849803923,5.91432543321776,1.01104828577755,5.46929074949868,5.46929074949868,5.13935606812164,3.85117780490939,5.65427964402597,6.93713552463552,97.962849803923,13.53,199,19,19,9.29,12.38,14.13,9.46,0,0.677403354509744,0.677403354509744,0.95358471196989,0.758134665206944,0.125002709319779,0.0769835789257615,0.886220331252274,0.886220331252274,1.24753760620313,0.991837949517956,1.3082609133131,0.163536158661305,0.100714607275528,0.876409501439979,0.876409501439979,1.23372684300207,0.980857888486918,1.29377791769907,0.161725744970485,0.0995996544395933
"mean",0.149044950515486,2,0.298089901030972,0.1,"none",1.07908893822422,59.3234418308554,5.67678758485226,5.67678758485226,0.481319141916842,0.245999233269623,0.297592364011778,0.273722075607906,0.308962391606085,0.0506787796673695,0.00355152569193504,0.013079465263786,0.013079465263786,0.0639932804734803,0.204266647125287,0.243936181826203,0.264779378576976,0.308962391606085,3.45,199,19,19,1.4,0.14,0.18,0.03,0,0.0433342325377893,0.0433342325377893,0.511093808340839,0.22796937727343,0.00414674580026936,0.796210930368711,0.0524226703154903,0.0524226703154903,0.618284913470559,0.275781127458784,1.20972882742934,0.00501643793460739,0.963199315181365,0.0482177766063145,0.0482177766063145,0.56869143935937,0.253660348013899,1.11269483229607,0.00461406262280515,0.885939787638912
"mean",0.149044950515486,2,0.298089901030972,0.1,"variance",10.0195533880486,60.2431402109502,10.8307102975689,10.8307102975689,7.75914908487809,7.18079008528688,7.89494394003826,7.50673934792861,135.546667936401,5.69128802507887,0.92324990578665,5.16700217798038,5.16700217798038,4.98393210627974,3.35033485703888,3.02415495719217,3.83427176722703,135.546667936401,14.52,199,19,19,9.31,12.85,16.34,12.32,0,0.663002692159418,0.663002692159418,0.925461027586339,0.716677660887778,0.119196809132829,0.0529765149863817,0.728940551739291,0.728940551739291,1.0175012560881,0.78795367760158,1.0994533813507,0.131051334847303,0.0582452085339536,0.693097603175078,0.693097603175078,0.967469404932378,0.74920897740639,1.04539183833122,0.124607371422583,0.0553812163899948
"mean",0.149044950515486,2,0.298089901030972,0.2,"abrupt_coef",13.8447354427526,60.940501660391,14.7397917831523,14.7397917831523,9.07898758957702,8.61681003995546,9.6827644707401,9.61656542476224,251.298459845266,9.48069929165921,1.62061135522748,9.07608366356383,9.07608366356383,6.0980885792673,4.39287614234658,4.12338781651246,6.24218774509164,251.298459845266,14.64,199,19,19,10,14.17,18.65,11.32,0,0.584595099220095,0.584595099220095,0.949093712810869,0.622388927226929,0.141397097253567,0.0342891478334613,0.656913246346368,0.656913246346368,1.06650266620655,0.699382412237337,1.12370638621971,0.158888821176763,0.0385309343984923,0.652422067166109,0.652422067166109,1.05921120938665,0.694600880206509,1.11602383946855,0.157802531366634,0.0382675064172042
"mean",0.149044950515486,2,0.298089901030972,0.2,"gradual",10.65424189548,60.410694334888,11.7149821665438,11.7149821665438,8.4691878979239,8.21337562681347,10.153418216491,10.0704195355338,118.376222616344,6.58233384739696,1.09080402972446,6.05127404695533,6.05127404695533,5.53002147375851,4.19214286190565,5.33330451682022,6.96134186778075,118.376222616344,13.66,199,19,19,9.86,13.49,16.17,10.43,0,0.701100139125231,0.701100139125231,0.969794946789038,0.770901928770541,0.135958967484837,0.0693836603777511,0.866703685259347,0.866703685259347,1.19886562193053,0.952993025322481,1.23620526782485,0.168073191812783,0.0857724464599462,0.859618853223129,0.859618853223129,1.18906554641472,0.945202824783439,1.22609996097802,0.16669928472777,0.0850713032816726
"mean",0.149044950515486,2,0.298089901030972,0.2,"none",1.0889856066179,59.3233993841036,5.68406636951286,5.68406636951286,0.543015006239558,0.361168457697488,0.386039671694489,0.411688092498606,0.439226054457424,0.0903844381641421,0.0035090789401089,0.0203582499243848,0.0203582499243848,0.110784649744648,0.334340366604701,0.335364388519224,0.408707193488297,0.439226054457424,3.35,199,19,19,1.45,0.09,0.17,0.01,0,0.063540506781317,0.063540506781317,0.66511690017302,0.331655859822777,0.00608812814921505,0.822283773997968,0.0679161091019375,0.0679161091019375,0.710918975090318,0.354494742031922,1.06886319518476,0.00650737610626428,0.878908862024052,0.0724284457174432,0.0724284457174432,0.758152330539803,0.378047322202173,1.13987831363566,0.00693972524792507,0.937303441634774
"mean",0.149044950515486,2,0.298089901030972,0.2,"variance",10.3988170748948,60.3357420009232,11.3121477428533,11.3121477428533,8.09416528249418,7.45103026619631,8.2119862932716,7.80584876166025,156.375573056346,6.14209328817249,1.01585169575974,5.64843962326484,5.64843962326484,5.28317751577211,3.53412896664933,3.17724786485847,4.03501151361846,156.375573056346,14.28,199,19,19,9.43,13.14,16.89,12.65,0,0.658675119488574,0.658675119488574,0.920543379848095,0.716526717657614,0.123492809056401,0.0476483003103785,0.725944045281737,0.725944045281737,1.01455628921147,0.789703889791204,1.10212762529332,0.136104836386133,0.0525145080703405,0.690041267061047,0.690041267061047,0.964379709238519,0.750647761706034,1.04762005827217,0.129373543819861,0.0499173151477285
"mean",0.149044950515486,4,0.596179802061945,0.02,"abrupt_coef",18.0870474358105,120.485419210759,24.8010272489294,21.3477075274717,11.0523159272449,11.009469068229,12.9820850406508,12.7942310208977,212.777141743817,11.1057819536652,1.84563860043235,19.4354090303719,10.0202912882948,5.62707972848123,5.67962163779526,8.00994549145422,6.91589817256695,212.777141743817,11.71,199,9,19,9.1,8.94,8.34,9.86,0,0.515721374487696,0.443911816947191,0.996123268706945,0.60869354754007,0.0913759452417285,0.051741784751881,0.608125487195502,0.523449489021114,1.17460314436442,0.717755901659639,1.17917448699814,0.107748183354385,0.0610125924911673,0.599325759191389,0.515875043903676,1.15760634288048,0.707369794119433,1.16211153704216,0.106189040173545,0.0601297250073128
"mean",0.149044950515486,4,0.596179802061945,0.02,"gradual",11.2663268281718,119.40416951611,13.3859958061961,15.51495098454,8.49243864967541,8.33619663242971,11.1367476512999,10.5082300822217,60.7636422370531,4.55334225695429,0.764388905782717,8.02037758763861,4.18753474536306,3.99128114410773,4.63988185964565,8.20950482317573,6.84768609756133,60.7636422370531,11.26,199,9,19,7.55,6.2,4.91,6.14,0,0.537300868094032,0.622755060820432,0.981602220081781,0.739921427770477,0.0698149542533773,0.137190535746825,0.71780746599826,0.831970053818849,1.31137216419285,0.988498542706226,1.33595069098723,0.0932693363760411,0.183279791027879,0.677297020963371,0.785016687167765,1.23736308446848,0.932711276930607,1.26055448852325,0.0880055539501401,0.172936145618569
"mean",0.149044950515486,4,0.596179802061945,0.02,"none",2.16615156843464,118.641242869053,5.39497452109329,11.3454269423782,0.996687089001376,0.430444094104818,0.468803946964647,0.459306926555483,0.468803946964647,0.0854840592384527,0.00146225872602181,0.0293563025357863,0.0180107032012978,0.108379183929078,0.40063510400172,0.468803946964647,0.447383330514245,0.468803946964647,3.49,199,9,19,1.49,0.05,0,0.02,0,0.0379398762418532,0.0797861217734886,0.43187485706883,0.198713746709736,0.00362811517896781,0.918175064207124,0.0413209612424136,0.0868964153828189,0.470362215120457,0.21642250422182,1.08911692223262,0.00395144163722287,1,0.0404838820864332,0.0851360696440147,0.460833627348061,0.212038221723976,1.06705361473408,0.00387139341638919,0.97974202122091
"mean",0.149044950515486,4,0.596179802061945,0.02,"variance",13.048477517475,119.573082271824,14.9748053079443,16.401514138254,9.88638003972424,9.83500852693113,11.3142761338319,11.1837940543207,111.223528574288,5.55449740555632,0.933301661496603,9.60918708938682,5.07409789907702,4.79500453011523,4.71978582523965,6.83100402232612,4.51254206924755,111.223528574288,12.57,199,9,19,8.54,8.58,7.52,11.19,0,0.599640279795419,0.656770376955321,0.994803809626305,0.75372843412266,0.0822510245623122,0.0884256114960617,0.689831197196798,0.755554139179999,1.14443062965113,0.867095499737765,1.15040837055201,0.0946222671429627,0.101725563636249,0.681875707330963,0.746840698382073,1.13123246419654,0.857095706326121,1.1371412667001,0.0935310342581683,0.100552411865362
"mean",0.149044950515486,4,0.596179802061945,0.05,"abrupt_coef",19.6515021423029,120.560207335262,27.0759790871506,22.0392992428753,12.3130374843253,12.197372406884,12.9778905155453,12.9786592777918,266.647583638243,11.4361444698893,1.92042672493488,21.7103608685931,10.7118830036983,6.34527766568522,6.00306426346044,7.02801609096706,6.31336909073923,266.647583638243,13.78,199,9,19,10.01,10.39,9.98,11.18,0,0.553437397099962,0.450486845466376,0.99060629210392,0.620683972072919,0.101172457118996,0.0457434199870044,0.588852230396603,0.479313803344757,1.05399585862273,0.660401959176868,1.06399067623947,0.10764655106685,0.0486705723654791,0.588887111825365,0.479342196122135,1.05405829344009,0.660441078946998,1.06405370311288,0.107652927650496,0.0486734554302195
"mean",0.149044950515486,4,0.596179802061945,0.05,"gradual",13.4065232180108,119.62261815041,15.6424812378215,16.7112290182551,10.2083546738162,10.2069149173754,14.2596501770409,13.4899511689319,88.4975184548079,5.85292512588593,0.982837540082822,10.276863019264,5.38381277907811,4.90831623348546,5.21688997411687,10.2354365131227,8.43434644744657,88.4975184548079,12.67,199,9,19,8.89,8.37,6.75,8.48,0,0.610781822583216,0.652512524208523,0.999858962929208,0.761339442851451,0.0853259615547077,0.115335605964902,0.85329751399277,0.911597716515901,1.39686077067993,1.06363521288532,1.39705780762084,0.11920530078276,0.161130508809947,0.80723872278907,0.862392031279215,1.32146184179247,1.00622293711535,1.32164824318931,0.112770907187218,0.152433101000687
"mean",0.149044950515486,4,0.596179802061945,0.05,"none",1.70212607728803,118.641899388677,5.38792158779817,11.3381050367199,0.927789762142141,0.329133648310743,0.321322853096418,0.321322853096418,0.321322853096418,0.0685934196382975,0.00211877834987334,0.022303369240662,0.0106887975430023,0.0812144432141797,0.323171850290123,0.321322853096418,0.321322853096418,0.321322853096418,2.74,199,9,19,1.42,0.01,0,0,0,0.0290289821133955,0.0610873122311431,0.354750248106659,0.19336619813448,0.00277417716680752,1.02430824679619,0.0283400843488194,0.0596376260976229,0.346331535664423,0.188777351680304,0.976268621411352,0.00270834211819003,1,0.0283400843488194,0.0596376260976229,0.346331535664423,0.188777351680304,0.976268621411352,0.00270834211819003,1
"mean",0.149044950515486,4,0.596179802061945,0.05,"variance",14.121956246311,119.602737501219,15.5356246214818,16.660956656842,10.6719123123034,10.4723185993971,11.2587119418798,11.5245655388701,131.276925188851,5.75159182536131,0.962956890891533,10.1700064029243,5.33354041766508,5.12147835510672,4.85034306595299,6.0838712599821,4.18559217548759,131.276925188851,14.04,199,9,19,9.31,9.43,8.68,12.31,0,0.628554459092032,0.674084168132936,0.981297287021729,0.741562883834365,0.0875591881773645,0.0797727291702788,0.675754230310434,0.724702882323241,1.05498542458036,0.797248748368047,1.07509257238678,0.094134232853701,0.085763068609989,0.691710912898715,0.741815396526419,1.07989694832703,0.816074298621383,1.10047888912906,0.0963570381384683,0.0877882043801017
"mean",0.149044950515486,4,0.596179802061945,0.1,"abrupt_coef",21.6921681127213,120.705914013748,27.7648370725253,22.7263018458412,12.9399238762227,12.8569819672933,13.6062222184777,13.6449742775816,303.688878779504,13.1071789630293,2.06613340342117,22.3992188539678,11.3988856066642,6.72773033873722,6.13207380003452,7.05420619381696,6.40735148054957,303.688878779504,14.4,199,9,19,10.42,11.28,10.99,12.14,0,0.565731373916695,0.463067077746907,0.993590232081517,0.592701564015324,0.106514929880146,0.0423360315957706,0.59869935332077,0.490052298269806,1.05149167403368,0.627241230465036,1.05827497099167,0.112722084329091,0.0448031626089167,0.600404516763846,0.491448022617211,1.05448644119572,0.629027684400967,1.06128905775032,0.113043129568842,0.0449307670811634
"mean",0.149044950515486,4,0.596179802061945,0.1,"gradual",13.9806381551159,119.650828896105,15.7570789892802,16.7967069886756,10.6778664292771,10.6017096385679,12.8780544767657,12.5769964521415,97.962849803923,5.91432543321776,1.01104828577755,10.3914607707227,5.46929074949868,5.13935606812164,5.30167119823724,8.26958460682691,6.93713552463552,97.962849803923,13.53,199,9,19,9.29,8.89,7.73,9.46,0,0.631177863953668,0.672822015157788,0.992867789533275,0.758313713647506,0.0886054007011822,0.108221735686413,0.766701144780828,0.817286915013049,1.20605128019358,0.921134953489468,1.21471488239186,0.10763029889202,0.131458552936565,0.748777511009804,0.798180707268007,1.17785669407301,0.899601027692665,1.18631776203224,0.105114160663796,0.12838536728275
"mean",0.149044950515486,4,0.596179802061945,0.1,"none",2.10749909678108,118.643332136019,5.39134839893263,11.3404957044407,0.898645003360203,0.267542858279491,0.293596242174744,0.282664772638835,0.308962391606085,0.0506787796673695,0.00355152569193504,0.0257301803751252,0.013079465263786,0.0639932804734803,0.249657464217633,0.287634444154125,0.264779378576976,0.308962391606085,3.45,199,9,19,1.4,0.03,0.01,0.03,0,0.0235918133785568,0.0496244795332572,0.297718072519291,0.126948029865411,0.0022550180736054,0.865939886368428,0.0258891894875263,0.0544569225451781,0.326709925584555,0.139310257652387,1.09738022559375,0.00247461224233107,0.950265307853609,0.0249252572379308,0.0524293278273013,0.314545534200822,0.13412331852031,1.0565214652209,0.00238247499922518,0.914884077539188
"mean",0.149044950515486,4,0.596179802061945,0.1,"variance",14.3478187510183,119.563030516114,15.2685046815657,16.4944184171573,10.5343660634764,10.1661952463044,10.6365069838175,11.1792069286302,135.546667936401,5.69128802507887,0.92324990578665,9.90288646300815,5.16700217798038,4.98393210627974,4.50844892473657,5.39608652369302,3.83427176722703,135.546667936401,14.52,199,9,19,9.31,9.49,8.79,12.32,0,0.616341539858699,0.665827823898075,0.965050500907834,0.708553364293294,0.0850279154218521,0.0750014397334681,0.644854926970539,0.696630561122298,1.00969597218528,0.741332683970698,1.04626231605025,0.0889615037181917,0.0784711800426416,0.67775696274333,0.73217431318781,1.06121306790254,0.779157244918275,1.09964511380932,0.0935005317310317,0.0824749667315724
"mean",0.149044950515486,4,0.596179802061945,0.2,"abrupt_coef",18.2087715938461,120.260391965555,24.0551441754904,20.4034999027408,12.0598865998867,12.0209650344752,12.9407831050867,12.9909431044328,251.298459845266,9.48069929165921,1.62061135522748,18.6895259569328,9.07608366356383,6.0980885792673,5.65376474845361,6.79416934582802,6.24218774509164,251.298459845266,14.64,199,9,19,10,10.68,10.31,11.32,0,0.589161912994173,0.49972533719932,0.996772642504622,0.660174409488328,0.09995780687226,0.0478354106980081,0.634243299765858,0.53796323192575,1.07304351478796,0.710689517872814,1.0765178226518,0.107606360611175,0.0514956721702744,0.636701701490331,0.540048440768409,1.07720275782318,0.71344423414171,1.08069053251348,0.108023455537662,0.0516952754602311
"mean",0.149044950515486,4,0.596179802061945,0.2,"gradual",14.7261499435631,119.730584640052,17.0353038913943,17.3786902861323,11.4083543220893,11.3177359637297,13.648790124926,13.1794972032868,118.376222616344,6.58233384739696,1.09080402972446,11.6696856728368,6.05127404695533,5.53002147375851,5.53479188372881,8.56933821135821,6.96134186778075,118.376222616344,13.66,199,9,19,9.86,9.7,8.52,10.43,0,0.651242169426364,0.664369478577193,0.992056842222708,0.768546837232002,0.0945266908848262,0.0956081864548958,0.785375071435466,0.801206142957091,1.19638553814012,0.926840360666838,1.20596470607432,0.113995852989097,0.115300098476377,0.758371142260571,0.773657886428705,1.15524963822067,0.894972362348359,1.1644994410122,0.110076278696113,0.111335679682916
"mean",0.149044950515486,4,0.596179802061945,0.2,"none",2.08758677507166,118.643289689267,5.40155198396615,11.3477744891013,0.975245362734468,0.407057893086607,0.424236210750759,0.414668991508916,0.439226054457424,0.0903844381641421,0.0035090789401089,0.0359337654086464,0.0203582499243848,0.110784649744648,0.389172499024748,0.41827441273014,0.408707193488297,0.439226054457424,3.35,199,9,19,1.45,0.03,0.01,0.01,0,0.0358711651767097,0.0753594326769248,0.41739023700176,0.194989687589219,0.00343093902868601,0.926761718608531,0.0373849701682216,0.0785396885950654,0.435004591625284,0.203218479737781,1.04220116586831,0.00357572865571964,0.96587214361593,0.0365418780490548,0.0767684903782858,0.425194527812196,0.198635571206223,1.01869782788044,0.00349509013611267,0.944090149709257
"mean",0.149044950515486,4,0.596179802061945,0.2,"variance",14.6555408616171,119.655632306087,16.816098494483,16.9758558624418,10.9051530492163,10.5808879887607,11.0494038075983,11.5766860097021,156.375573056346,6.14209328817249,1.01585169575974,11.4504802759255,5.64843962326484,5.28317751577211,4.78602031271864,5.61224401279338,4.03501151361846,156.375573056346,14.28,199,9,19,9.43,9.72,9.12,12.65,0,0.623290399877299,0.629211822958345,0.970264969323029,0.721971852739474,0.088427830640635,0.0676633043253385,0.650889351154574,0.657072971547079,1.01322776101638,0.753940363711636,1.04427944226753,0.0923433656623303,0.0706593977028429,0.681950065051794,0.688428770413072,1.06157941639655,0.789918715318208,1.09411289695147,0.0967500299533594,0.0740312939127052
"median",0.0125070426588733,0.1,0.00125070426588733,0.02,"abrupt_coef",10.6804197816786,2.09452874934393,2.09452874934393,10.0440546693466,2.21123247259641,2.52166666110443,2.16631420223105,2.14793754738954,212.777141743817,10.6609463162587,1.84563860043235,1.84563860043235,10.0202912882948,2.14718390714032,2.48423308242642,2.06169279038958,2.04279083975639,212.777141743817,15.57,199,199,19,51.21,29.93,83.65,84.07,0,0.251060626820389,1.20393031697192,1.14038966610485,0.236101830513268,1.20393031697192,0.0118512103341463,0.21568124363584,1.03427284199828,0.979686319316477,0.202830436117051,0.859080320030189,1.03427284199828,0.0101811415666035,0.213851638416984,1.02549919549318,0.971375725532581,0.201109843179962,0.851792816441804,1.02549919549318,0.0100947758287667
"median",0.0125070426588733,0.1,0.00125070426588733,0.02,"gradual",4.51934085125853,1.01327905469429,1.01327905469429,4.21129812641492,1.15835308928169,1.5013910096898,1.0870386326501,1.05638876896171,60.7636422370531,4.50000496330791,0.764388905782717,0.764388905782717,4.18753474536306,1.0961305520538,1.4676345015535,0.984093164524911,0.947502455573561,60.7636422370531,15.46,199,199,19,49.75,26.99,82.31,87.06,0,0.356515013808327,1.48171523208162,1.2961427940947,0.332214599231146,1.48171523208162,0.0247087066280939,0.258124359762554,1.07279295630763,0.938434612648361,0.240530349098892,0.724021008274645,1.07279295630763,0.0178896226860349,0.250846351232088,1.04254476007147,0.911974749958832,0.233748416800103,0.703606696819085,1.04254476007147,0.017385211453265
"median",0.0125070426588733,0.1,0.00125070426588733,0.02,"none",0.0337619466602139,0.2503524076376,0.2503524076376,0.041774084253157,0.0330979856627958,0.102675046059678,0.0919771606669096,0.0897230333752282,0.468803946964647,0.0185533827870241,0.00146225872602181,0.00146225872602181,0.0180107032012978,0.00740852004147009,0.0994482290536886,0.00260183382660127,0.00555063628101118,0.468803946964647,12.16,199,199,19,20.54,2.58,71.46,67.3,0,2.45786467603819,0.410122063648401,3.10215392277154,3.04114709655273,0.410122063648401,0.219014892524829,2.20177562982625,0.367390757432028,2.77893529847944,2.72428487588656,0.895808321463519,0.367390757432028,0.19619536324818,2.1478156847555,0.358386940320973,2.71083063148712,2.65751955235924,0.873854327984215,0.358386940320973,0.19138711172582
"median",0.0125070426588733,0.1,0.00125070426588733,0.02,"variance",5.66627407542311,1.18219181040818,1.18219181040818,5.09786128012888,1.37893748048112,1.55875923791916,1.20766157395294,1.15117794765099,111.223528574288,5.64616275082764,0.933301661496603,0.933301661496603,5.07409789907702,1.31737781651415,1.51994988454868,1.10212714799737,1.01606436580718,111.223528574288,16.08,199,199,19,49.22,31.03,84.38,108.03,0,0.305767291863177,1.31853327370028,1.13040602636698,0.275094218382432,1.31853327370028,0.014014653714911,0.236895730894116,1.02154452714062,0.875791390869715,0.213131514268089,0.774758246542996,1.02154452714062,0.0108579685380717,0.2258158636325,0.973765794616283,0.834829688761037,0.203163124890853,0.738521972891549,0.973765794616283,0.010350129710928
"median",0.0125070426588733,0.1,0.00125070426588733,0.05,"abrupt_coef",11.7233587486207,2.16931687384646,2.16931687384646,10.7356463847502,2.39424919584047,2.63046528232299,2.27951046268944,2.29738933006468,266.647583638243,11.7029472550014,1.92042672493488,1.92042672493488,10.7118830036983,2.32502271472361,2.58722843585126,2.17361333249676,2.19480656617661,266.647583638243,16.32,199,199,19,55.35,34.57,84.67,82.02,0,0.245021602617196,1.21257770777344,1.09865977480243,0.224378127354712,1.21257770777344,0.00986495075797011,0.212330993495413,1.05079644664709,0.952077363813939,0.194441756118538,0.866580706465885,1.05079644664709,0.0085487759970929,0.213996367589761,1.05903815056356,0.959544785085838,0.19596681969107,0.873377552444197,1.05903815056356,0.00861582654797846
"median",0.0125070426588733,0.1,0.00125070426588733,0.05,"gradual",5.80852074102853,1.2317276889944,1.2317276889944,5.40757616012997,1.44094349656175,1.76594590077152,1.36412120140307,1.31188453983222,88.4975184548079,5.78827183896381,0.982837540082822,0.982837540082822,5.38381277907811,1.37115419852524,1.72548561777006,1.25787387401594,1.1985207051722,88.4975184548079,16.19,199,199,19,55.8,32.35,84.95,90.64,0,0.326568844983049,1.4337145430361,1.22554833342547,0.304026787456873,1.4337145430361,0.0199547505015445,0.252261116812506,1.10748602437992,0.9466861154917,0.234848296532298,0.772459224717533,1.10748602437992,0.0154142311018548,0.242601213738743,1.06507676295177,0.910434408401525,0.225855187288171,0.742879235008886,1.06507676295177,0.0148239697873805
"median",0.0125070426588733,0.1,0.00125070426588733,0.05,"none",0.031725627754173,0.251008927261451,0.251008927261451,0.0344521785948615,0.0290053689702814,0.10421064634512,0.0923949132835624,0.086490840428954,0.321322853096418,0.0165420779663009,0.00211877834987334,0.00211877834987334,0.0106887975430023,0.00356604420213321,0.10120895610699,0.00298206531527749,0.00390683775241385,0.321322853096418,12.14,199,199,19,20.34,2.4,71.49,66.03,0,3.02479119159862,0.415167091792611,3.59280540274777,3.28474655104066,0.415167091792611,0.324317568267856,2.68183078841182,0.368094132314759,3.18544174970603,2.91231158606181,0.886616833538998,0.368094132314759,0.287545415438714,2.51046070107897,0.344572766285978,2.98189071539037,2.72621368122739,0.829961654229817,0.344572766285978,0.269171145455381
"median",0.0125070426588733,0.1,0.00125070426588733,0.05,"variance",5.84611358785609,1.21184703980311,1.21184703980311,5.35730379871694,1.44087099407793,1.58647748473265,1.24662969243257,1.19862828401691,131.276925188851,5.82547696746895,0.962956890891533,0.962956890891533,5.33354041766508,1.37744778075478,1.54429122984427,1.13978202699781,1.05741126535558,131.276925188851,16.5,199,199,19,50.71,33.73,85.43,112.91,0,0.296133567245638,1.30914004212149,1.10105449499169,0.271373017456962,1.30914004212149,0.0120849683404026,0.232697218464843,1.0287021806276,0.865191746906069,0.213240757932269,0.785784673548421,1.0287021806276,0.00949618290220622,0.223737224740546,0.989092059185668,0.831877585809801,0.20502993416118,0.755528077487279,0.989092059185668,0.00913053289671897
"median",0.0125070426588733,0.1,0.00125070426588733,0.1,"abrupt_coef",12.2878168964202,2.31502355233275,2.31502355233275,11.4226489877161,2.53861352257606,2.79469602282094,2.44191082936854,2.47018722068215,303.688878779504,12.2670176844785,2.06613340342117,2.06613340342117,11.3988856066642,2.46693566109806,2.74904531711605,2.33575105128002,2.36893020331591,303.688878779504,16.63,199,199,19,57.31,36.5,84.88,80.96,0,0.244662689523801,1.20719982308812,1.10087494530677,0.227436333596012,1.20719982308812,0.00920249708864067,0.2137779802211,1.05481036117664,0.961907280353018,0.198726173245626,0.873766166133408,1.05481036117664,0.00804083059999541,0.216253447281676,1.06702466080444,0.973045797918669,0.201027346151437,0.883884043384713,1.06702466080444,0.00813394033594376
"median",0.0125070426588733,0.1,0.00125070426588733,0.1,"gradual",5.98105392489501,1.25993843468913,1.25993843468913,5.49305413055054,1.49523556089753,1.76165310080511,1.3973095491556,1.35604055942893,97.962849803923,5.96071747353168,1.01104828577755,1.01104828577755,5.46929074949868,1.42298237545722,1.71874143744252,1.29082458795795,1.24151356980163,97.962849803923,16.26,199,199,19,57.77,34.31,85.14,91.57,0,0.320705578160496,1.39820569982038,1.17817763760759,0.294538909517696,1.39820569982038,0.0179828690603748,0.254377531323464,1.1090300213759,0.934507970313955,0.233622630175522,0.793180875688296,1.1090300213759,0.0142636678286961,0.246864590663159,1.07627525448378,0.906907643779522,0.226722677383775,0.76975458948711,1.07627525448378,0.0138423959913693
"median",0.0125070426588733,0.1,0.00125070426588733,0.1,"none",0.0260873742662359,0.252441674603513,0.252441674603513,0.0368428463156452,0.0335047753878539,0.0969714021194239,0.0957464149792847,0.0874255811073585,0.308962391606085,0.0114541343553542,0.00355152569193504,0.00355152569193504,0.013079465263786,0.00826556330224767,0.094207345691813,0.00634607405365864,0.00487909955879495,0.308962391606085,11.7,199,199,19,20.18,2.21,71.48,66,0,2.63202797331772,0.384133888636764,2.89425614697831,3.71717755607666,0.384133888636764,0.313861507917956,2.59877899115048,0.379281333518584,2.8576945784867,3.67022046765382,0.987367542250956,0.379281333518584,0.309896665680131,2.37293232879875,0.346319922194582,2.60934687952129,3.35126027691145,0.90156045180919,0.346319922194582,0.282965122884026
"median",0.0125070426588733,0.1,0.00125070426588733,0.1,"variance",5.49474773338918,1.17214005469823,1.17214005469823,5.19076555903224,1.3985611595217,1.50668645746124,1.1960909530865,1.15795024557163,135.546667936401,5.47394852144747,0.92324990578665,0.92324990578665,5.16700217798038,1.33653873497635,1.46490042793794,1.08954345667556,1.01804646638947,135.546667936401,16.63,199,199,19,49.59,33.41,85.19,111.86,0,0.290262860136211,1.28541504184766,1.07731181236044,0.274204846258139,1.28541504184766,0.011115628885604,0.230426695153903,1.02043347831368,0.855229637219125,0.21767895654579,0.793855249155098,1.02043347831368,0.00882420033849677,0.223078895088361,0.987894100990986,0.827958246722399,0.210737653802607,0.768540952789058,0.987894100990986,0.00854281601459168
"median",0.0125070426588733,0.1,0.00125070426588733,0.2,"abrupt_coef",9.90737525654939,1.86950150413905,1.86950150413905,9.09984704461568,2.0977077347258,2.36388347811094,1.98169827037574,2.02049602447077,251.298459845266,9.88627587558387,1.62061135522748,1.62061135522748,9.07608366356383,2.02736812681229,2.319921223165,1.87630142188942,1.92276599313434,251.298459845266,16.87,199,199,19,56.24,35.15,84.27,78.14,0,0.259771781494902,1.2644458818981,1.12688886014902,0.238598358990012,1.2644458818981,0.00940667714225734,0.217772701086036,1.06001426903818,0.944697031702933,0.200022530595651,0.838323161325781,1.06001426903818,0.00788583531946814,0.222036262210175,1.08076726335733,0.963192341346295,0.203938578296517,0.854735879826625,1.08076726335733,0.00804022446343232
"median",0.0125070426588733,0.1,0.00125070426588733,0.2,"gradual",6.52203554781858,1.33969417863604,1.33969417863604,6.07503742800719,1.60286074636825,1.8957245721608,1.50299216294035,1.4495538244171,118.376222616344,6.50153650490069,1.09080402972446,1.09080402972446,6.05127404695533,1.52810615239616,1.84944851432297,1.39535655381809,1.33185004595444,118.376222616344,16.39,199,199,19,59.77,37,86.06,94.11,0,0.312051504970343,1.41504277796509,1.18271320603248,0.290664556833773,1.41504277796509,0.0160144033173353,0.2474045930995,1.12189198617745,0.937693537224505,0.230448324287815,0.792832558596418,1.12189198617745,0.0126967403564779,0.238608212969084,1.08200352553066,0.904354185291198,0.222254818114557,0.764643685957423,1.08200352553066,0.0122453123809761
"median",0.0125070426588733,0.1,0.00125070426588733,0.2,"none",0.0342464856430434,0.252399227851687,0.252399227851687,0.044121630976244,0.0362225085077722,0.1139865546272,0.0947126571791605,0.0907385151198152,0.439226054457424,0.0181749358263913,0.0035090789401089,0.0035090789401089,0.0203582499243848,0.0108707330382361,0.111097427773,0.00527479512555784,0.00757918848096687,0.439226054457424,12.85,199,199,19,20.27,2.31,71.51,66.49,0,2.58346194610469,0.451612136841322,3.14684320117537,3.32841611297872,0.451612136841322,0.259516833007567,2.14662638446335,0.375249393531485,2.61474594336387,2.76561683339907,0.830910781441934,0.375249393531485,0.215635334511654,2.05655396484937,0.359503933083085,2.50503123217834,2.64957158131778,0.796045774140476,0.359503933083085,0.206587278233994
"median",0.0125070426588733,0.1,0.00125070426588733,0.2,"variance",6.22119517321562,1.26474184467132,1.26474184467132,5.67220300431669,1.49616766574954,1.63134398466411,1.29010190776279,1.24680126345451,156.375573056346,6.20053353874316,1.01585169575974,1.01585169575974,5.64843962326484,1.43453295952662,1.5899581805059,1.1834793690959,1.10488385040427,156.375573056346,16.52,199,199,19,49.28,33.09,85.25,113.47,0,0.287603243999309,1.28986321717541,1.09034837606041,0.262223566251,1.28986321717541,0.0104322174670867,0.227442830727495,1.02005157273662,0.862270945493586,0.207372035733121,0.790821506617088,1.02005157273662,0.00825002193467861,0.219808998815038,0.985814827514091,0.833329908135589,0.2004118547546,0.764278579610064,0.985814827514091,0.00797312034792834
"median",0.0125070426588733,0.25,0.00312676066471831,0.02,"abrupt_coef",10.7096299798084,2.46786397271129,2.46786397271129,10.0796997409244,2.30730532078055,2.57781702912144,2.32502284479219,2.30920295462559,212.777141743817,10.6609463162587,1.84563860043235,1.84563860043235,10.0202912882948,2.14718390714032,2.48423308242642,2.06540790680062,2.04830604476149,212.777141743817,15.57,199,199,19,51.21,29.93,83.03,83.44,0,0.255743434365935,1.04455393718048,1.11724140099906,0.24070084904722,1.04455393718048,0.0121151031919826,0.230663899178702,0.942119529480315,1.00767888144324,0.217096468241733,0.901934783782769,0.942119529480315,0.0109270329779667,0.229094418879367,0.935709172045089,1.00082244591903,0.215619303279319,0.895797850870976,0.935709172045089,0.0108526834024581
"median",0.0125070426588733,0.25,0.00312676066471831,0.02,"gradual",4.54834468318446,1.38661427806166,1.38661427806166,4.24694319799271,1.25168689512353,1.55202577189425,1.24384531132768,1.21970771288288,60.7636422370531,4.50000496330791,0.764388905782717,0.764388905782717,4.18753474536306,1.0961305520538,1.4676345015535,0.987826148100541,0.949493056237918,60.7636422370531,15.46,199,199,19,49.75,26.99,81.88,86.42,0,0.365445380250859,1.11929164184276,1.23994728868762,0.341228706265863,1.11929164184276,0.0255420135257764,0.29288013833469,0.897037720588338,0.993735187428736,0.273472086653032,0.801433412932031,0.897037720588338,0.0204702230731191,0.287196615546768,0.879630140970347,0.974451132815046,0.268165189281327,0.785881094870107,0.879630140970347,0.0200729855548242
"median",0.0125070426588733,0.25,0.00312676066471831,0.02,"none",0.0565747924699988,0.623687631004966,0.623687631004966,0.0774191558309458,0.0716321840947843,0.107515271568662,0.224982611114631,0.21397279731004,0.468803946964647,0.0185533827870241,0.00146225872602181,0.00146225872602181,0.0180107032012978,0.00740852004147009,0.0994482290536886,0.00260739263986443,0.00591814267968295,0.468803946964647,12.16,199,199,19,20.54,2.58,71.12,66.54,0,1.38874249421467,0.172386409836955,1.50093526991159,1.90040947345369,0.172386409836955,0.229339518715208,2.90603286357072,0.36072963440386,3.14080345249465,3.97672888033902,2.09256422675686,0.36072963440386,0.479907672645079,2.76382240304035,0.343076865201349,2.98710419086076,3.78212253139962,1.99016190154337,0.343076865201349,0.456422772665298
"median",0.0125070426588733,0.25,0.00312676066471831,0.02,"variance",5.69644106231631,1.55552703377555,1.55552703377555,5.13350635170667,1.47127697643159,1.61697326797488,1.36865699679272,1.35465701671566,111.223528574288,5.64616275082764,0.933301661496603,0.933301661496603,5.07409789907702,1.31737781651415,1.51994988454868,1.10616543898961,1.01881165371827,111.223528574288,16.08,199,199,19,49.22,31.03,83.95,107.41,0,0.314984175959442,1.03950187484058,1.09902709950418,0.283856753767129,1.03950187484058,0.0145380504350289,0.266612506739705,0.879867059250481,0.930251080331752,0.240265278236055,0.846431430809513,0.879867059250481,0.0123054628309024,0.263885329812691,0.870866907036428,0.920735550420443,0.237807606871794,0.837773291337245,0.870866907036428,0.0121795903625811
"median",0.0125070426588733,0.25,0.00312676066471831,0.05,"abrupt_coef",11.7539759890496,2.54265209721383,2.54265209721383,10.771291456328,2.49808891751577,2.69532055203057,2.44157405679902,2.45600607636593,266.647583638243,11.7029472550014,1.92042672493488,1.92042672493488,10.7118830036983,2.32502271472361,2.58722843585126,2.17851968207627,2.20151902586451,266.647583638243,16.32,199,199,19,55.35,34.57,84.13,81.39,0,0.250231883795802,1.06004299801142,1.07895300809026,0.229311388294618,1.06004299801142,0.0101081754248607,0.226674216986732,0.960247003305892,0.977376761763571,0.207723246931393,0.905856654029374,0.960247003305892,0.00915655796870624,0.228014076707865,0.965922974305905,0.983153985891069,0.20895108843629,0.911211126452343,0.965922974305905,0.00921068191526519
"median",0.0125070426588733,0.25,0.00312676066471831,0.05,"gradual",5.8388940941256,1.60506291236177,1.60506291236177,5.44322123170776,1.54562744361652,1.8266363252737,1.52823828129397,1.48493544958412,88.4975184548079,5.78827183896381,0.982837540082822,0.982837540082822,5.38381277907811,1.37115419852524,1.72548561777006,1.26437094879839,1.203745863006,88.4975184548079,16.19,199,199,19,55.8,32.35,84.39,89.93,0,0.335580026516874,1.13804655954943,1.18180893644051,0.312839434287983,1.13804655954943,0.0206405372395441,0.280759905989436,0.95213606240845,0.988749447744107,0.261734201144614,0.836640693141248,0.95213606240845,0.0172687133828999,0.272804537308551,0.925157162468548,0.960733102738913,0.254317928300511,0.812934369605079,0.925157162468548,0.0167794021291389
"median",0.0125070426588733,0.25,0.00312676066471831,0.05,"none",0.0545009524359812,0.624344150628818,0.624344150628818,0.0700972501726503,0.0671643561225037,0.108713181702314,0.224751430529995,0.208424988284516,0.321322853096418,0.0165420779663009,0.00211877834987334,0.00211877834987334,0.0106887975430023,0.00356604420213321,0.10120895610699,0.00256381769511165,0.00402864363187994,0.321322853096418,12.14,199,199,19,20.34,2.4,71.06,65.37,0,1.55089081860633,0.174123809108841,1.61861421710092,1.99470241974234,0.174123809108841,0.338330064776604,3.20628027456755,0.359980037137584,3.34629025729156,4.1238073920634,2.06737975110898,0.359980037137584,0.699456725110539,2.97336896627419,0.333830289071496,3.10320831341495,3.82424487956132,1.9172007020753,0.333830289071496,0.648646637722886
"median",0.0125070426588733,0.25,0.00312676066471831,0.05,"variance",5.87706851843681,1.58518226317048,1.58518226317048,5.39294887029473,1.53600581406265,1.64975686706522,1.41157086193722,1.41112825017122,131.276925188851,5.82547696746895,0.962956890891533,0.962956890891533,5.33354041766508,1.37744778075478,1.54429122984427,1.14617141671593,1.05983668949012,131.276925188851,16.5,199,199,19,50.71,33.73,84.88,112.35,0,0.305909977406305,1.04073639063157,1.07405639481384,0.280710844511989,1.04073639063157,0.0125669980820463,0.261743787283501,0.890478587057855,0.918987968023178,0.24018281520949,0.855623571034613,0.890478587057855,0.0107526197761456,0.26166171497452,0.890199368840315,0.91869981041209,0.240107503552903,0.855355281946181,0.890199368840315,0.0107492481876858
"median",0.0125070426588733,0.25,0.00312676066471831,0.1,"abrupt_coef",12.3190157143328,2.68835877570012,2.68835877570012,11.4582940592939,2.64613031479307,2.86317208137827,2.60268231561158,2.62427347674704,303.688878779504,12.2670176844785,2.06613340342117,2.06613340342117,11.3988856066642,2.46693566109806,2.74904531711605,2.33894005354259,2.37375741228981,303.688878779504,16.63,199,199,19,57.31,36.5,84.35,80.12,0,0.249877692661931,1.06502603270749,1.08202232723454,0.232418899997592,1.06502603270749,0.00942797804412554,0.227143962455784,0.968130570642965,0.983580551971083,0.211273560807577,0.909020569367491,0.968130570642965,0.0085702259696552,0.229028288431687,0.976161924690879,0.99174007496009,0.213026230147088,0.916561562546311,0.976161924690879,0.00864132228777602
"median",0.0125070426588733,0.25,0.00312676066471831,0.1,"gradual",6.01155860194,1.6332736580565,1.6332736580565,5.52869920212833,1.603615339058,1.826020595849,1.55933905054528,1.5314227598432,97.962849803923,5.96071747353168,1.01104828577755,1.01104828577755,5.46929074949868,1.42298237545722,1.71874143744252,1.29481509831011,1.24760669430671,97.962849803923,16.26,199,199,19,57.77,34.31,84.6,90.77,0,0.330280329800915,1.11801264095685,1.13868990360347,0.303751608652659,1.11801264095685,0.0186399293150808,0.282044472584978,0.954732259871747,0.972389707535017,0.259390143854218,0.853954798806782,0.954732259871747,0.0159176570880325,0.27699513101629,0.937640028839687,0.954981361517026,0.254746374650492,0.838666750706152,0.937640028839687,0.0156326889520712
"median",0.0125070426588733,0.25,0.00312676066471831,0.1,"none",0.0480372341325585,0.62577689797088,0.62577689797088,0.072487917893434,0.0713635935162633,0.10111748676084,0.227829367841161,0.209168003130567,0.308962391606085,0.0114541343553542,0.00355152569193504,0.00355152569193504,0.013079465263786,0.00826556330224767,0.094207345691813,0.00579809303951384,0.00480292608457813,0.308962391606085,11.7,199,199,19,20.18,2.21,71.01,65.36,0,1.39495642445539,0.161587120088198,1.41693378624209,2.104981450052,0.161587120088198,0.327280890839818,3.14299781897582,0.364074430647587,3.19251535153202,4.74276614703643,2.25311541197632,0.364074430647587,0.737401619196535,2.88555678255333,0.334253315852355,2.93101836418733,4.35428906155107,2.06856410133377,0.334253315852355,0.677001501843784
"median",0.0125070426588733,0.25,0.00312676066471831,0.1,"variance",5.52594655130174,1.54547527806559,1.54547527806559,5.22641063061003,1.49159479633973,1.56936550174618,1.35738949632099,1.36828328951359,135.546667936401,5.47394852144747,0.92324990578665,0.92324990578665,5.16700217798038,1.33653873497635,1.46490042793794,1.09264667083929,1.0201810247105,135.546667936401,16.63,199,199,19,49.59,33.41,84.67,111.33,0,0.300275966177385,1.01545817265384,1.05213929788257,0.283999399410855,1.01545817265384,0.0115780455959458,0.259717345661864,0.878299067986369,0.910025631392606,0.245639273510749,0.864928848512768,0.878299067986369,0.0100141856453297,0.261801719424768,0.885347898431746,0.917329084863575,0.247610663044012,0.871870375633432,0.885347898431746,0.0100945549628383
"median",0.0125070426588733,0.25,0.00312676066471831,0.2,"abrupt_coef",9.93902432799767,2.24283672750642,2.24283672750642,9.13549211619347,2.20321714659605,2.42982686052984,2.14384114402769,2.17193826569998,251.298459845266,9.88627587558387,1.62061135522748,1.62061135522748,9.07608366356383,2.02736812681229,2.319921223165,1.88188113553759,1.92983318743084,251.298459845266,16.87,199,199,19,56.24,35.15,83.78,77.43,0,0.26597657024111,1.08337215577494,1.10285400796009,0.244473378909554,1.08337215577494,0.00966908775336698,0.234671664838673,0.95586143999488,0.973050317504975,0.215699355719315,0.882302018655028,0.95586143999488,0.0085310556433483,0.237747265070704,0.968388933114509,0.985803087569287,0.218526305402207,0.893865444069694,0.968388933114509,0.00864286341841222
"median",0.0125070426588733,0.25,0.00312676066471831,0.2,"gradual",6.55278411219542,1.71302940200341,1.71302940200341,6.11068249958498,1.71499263732637,1.96513865891755,1.66606168221795,1.62920283545553,118.376222616344,6.50153650490069,1.09080402972446,1.09080402972446,6.05127404695533,1.52810615239616,1.84944851432297,1.39862984256459,1.33713212176419,118.376222616344,16.39,199,199,19,59.77,37,85.53,93.41,0,0.321590699410584,1.14717158772599,1.14585836472228,0.299893697895559,1.14717158772599,0.0166007887013471,0.27264739778758,0.972582070260715,0.971468708352762,0.254252490802685,0.847808715511026,0.972582070260715,0.014074293345359,0.26661552708166,0.95106530778173,0.949976577156277,0.24862757685293,0.82905235621029,0.95106530778173,0.013762922987801
"median",0.0125070426588733,0.25,0.00312676066471831,0.2,"none",0.0583538103680217,0.625734451219053,0.625734451219053,0.0797667025540328,0.0742501717120763,0.1183202449085,0.228125605306971,0.212829034649854,0.439226054457424,0.0181749358263913,0.0035090789401089,0.0035090789401089,0.0203582499243848,0.0108707330382361,0.111097427773,0.0056565840122625,0.00746339419115533,0.439226054457424,12.85,199,199,19,20.27,2.31,71.15,65.68,0,1.48332877153034,0.189090187823267,1.5935349667246,2.02763528486462,0.189090187823267,0.269383484216711,2.85991018811943,0.364572551283595,3.07239161939699,3.90935234337302,1.92803526973247,0.364572551283595,0.519380858653237,2.66814382236356,0.340126765012253,2.86637767620461,3.6472174363182,1.79875417612971,0.340126765012253,0.484554667215181
"median",0.0125070426588733,0.25,0.00312676066471831,0.2,"variance",6.25218762492431,1.63807706803868,1.63807706803868,5.70784807589448,1.58861972508394,1.69342269090142,1.45222102635848,1.4599850188387,156.375573056346,6.20053353874316,1.01585169575974,1.01585169575974,5.64843962326484,1.43453295952662,1.5899581805059,1.1872280600236,1.10716134543188,156.375573056346,16.52,199,199,19,49.28,33.09,84.75,112.84,0,0.296683210272033,1.03378694686753,1.06597108430839,0.270852826641127,1.03378694686753,0.0108292021432992,0.254425311789838,0.886540111386376,0.914140120148485,0.23227406365241,0.857565588415171,0.886540111386376,0.00928675110808522,0.25578554289217,0.891279810532223,0.919027376902019,0.233515867792974,0.862150381403909,0.891279810532223,0.00933640075814544
"median",0.0125070426588733,0.5,0.00625352132943663,0.02,"abrupt_coef",10.7583136433581,3.09008934499024,3.38039819540921,10.1391081935541,2.46742673442077,2.67140097581646,2.59668050843474,2.58067057779125,212.777141743817,10.6609463162587,1.84563860043235,2.76129958379498,10.0202912882948,2.14718390714032,2.48423308242642,2.22903598947716,2.1950159174049,212.777141743817,15.57,199,99,19,51.21,29.93,58.79,61.67,0,0.263474945214096,0.790262218055964,1.08266678744711,0.248310382498072,0.864506063602151,0.0125549246217097,0.256105414683864,0.76815817496329,1.05238403726881,0.241365012632614,0.97202948263546,0.840325381738417,0.0122037568845677,0.254526387185799,0.763422067049961,1.0458955241875,0.239876867633851,0.966036398561442,0.835144324216751,0.0121285141657668
"median",0.0125070426588733,0.5,0.00625352132943663,0.02,"gradual",4.596684403061,2.00883965034061,1.76878032745055,4.30635165062236,1.40724323819327,1.636417042235,1.48372545258765,1.56491935518649,60.7636422370531,4.50000496330791,0.764388905782717,1.14968171583633,4.18753474536306,1.0961305520538,1.4676345015535,1.12327248315892,1.16832103247362,60.7636422370531,15.46,199,99,19,49.75,26.99,57.64,63.42,0,0.380000793014314,0.925166916908026,1.16285301490307,0.355999433231762,0.814608095751961,0.0269308583552472,0.344543495971404,0.838840996567524,1.05434896563623,0.32278166662902,0.906691518294872,0.73859825115264,0.0244179808511033,0.363397948460693,0.884744889401895,1.11204610028587,0.340445246609574,0.956308394985389,0.779016560590662,0.0257542059292853
"median",0.0125070426588733,0.5,0.00625352132943663,0.02,"none",0.0945962021529735,1.24591300328391,0.623269920538503,0.136827608460594,0.135855848148098,0.115582314083635,0.277937326372331,0.282022809684985,0.468803946964647,0.0185533827870241,0.00146225872602181,0.00417130892427646,0.0180107032012978,0.00740852004147009,0.0994482290536886,0.00290745830370774,0.0153101249845124,0.468803946964647,12.16,199,99,19,20.54,2.58,43.98,42.65,0,0.844729476631339,0.185445037976119,0.850771723552432,1.22184941311623,0.092769169098476,0.246547229032505,2.03129565370118,0.445934124547827,2.04582526377037,2.93814466169448,2.40467002738166,0.223079240396206,0.592864731988467,2.06115427184571,0.452489042694886,2.07589745696886,2.98133332275771,2.44001698634372,0.226358348409274,0.601579426775288
"median",0.0125070426588733,0.5,0.00625352132943663,0.02,"variance",5.74671937380498,2.17775240605449,2.01793586910174,5.19291480433632,1.62517613634902,1.71399665140109,1.62118557824962,1.6190313301238,111.223528574288,5.64616275082764,0.933301661496603,1.39883725748751,5.07409789907702,1.31737781651415,1.51994988454868,1.25222781981286,1.08573103114944,111.223528574288,16.08,199,99,19,49.22,31.03,59,85.28,0,0.330064465908401,0.849381131306249,1.05465285458326,0.298256542543896,0.787048448040244,0.0154103783018922,0.312191830471753,0.803388057605257,0.997544538090275,0.2821062719087,0.945851076736,0.744430622022262,0.0145759229097538,0.311776986745832,0.802320507263937,0.996218990614134,0.281731406183458,0.944594220064744,0.743441414929741,0.0145565542729785
"median",0.0125070426588733,0.5,0.00625352132943663,0.05,"abrupt_coef",11.8050047230978,3.16487746949277,3.49999960858431,10.8306999089576,2.67115512030792,2.80341266820989,2.75051688072918,2.80608726292237,266.647583638243,11.7029472550014,1.92042672493488,2.88090099697009,10.7118830036983,2.32502271472361,2.58722843585126,2.37230391072486,2.42581063087933,266.647583638243,16.32,199,99,19,55.35,34.57,60.48,60.81,0,0.258839474066796,0.800975137635463,1.04951324125524,0.237476624022411,0.885788690157152,0.0105135498696783,0.253955598793237,0.785862053807977,1.02971065207629,0.232995830602887,0.981131644270381,0.869075314049994,0.0103151764707561,0.259086419761439,0.801739307638776,1.05051452893492,0.237703188498684,1.00095404959206,0.88663377649565,0.0105235803176426
"median",0.0125070426588733,0.5,0.00625352132943663,0.05,"gradual",5.88951634928739,2.22728828464071,2.08753163193082,5.50262968433741,1.7201006887078,1.92778703277734,1.80517728305674,1.78913723609676,88.4975184548079,5.78827183896381,0.982837540082822,1.4684330203166,5.38381277907811,1.37115419852524,1.72548561777006,1.42884036945124,1.35883243341822,88.4975184548079,16.19,199,99,19,55.8,32.35,60.18,68.81,0,0.35033922749055,0.923476800681706,1.1207408062987,0.327325185710808,0.86553098944186,0.0217835151362101,0.328057199305082,0.864742481237074,1.04946024084953,0.306506880361264,0.936398706062485,0.81048209857034,0.0203980553870397,0.325142220852936,0.857058742837792,1.04013517804055,0.303783388989698,0.92807826055307,0.803280495135979,0.0202168068363453
"median",0.0125070426588733,0.5,0.00625352132943663,0.05,"none",0.0924598269056615,1.24656952290776,0.622022754452598,0.129505702802298,0.130762668042874,0.116217407297638,0.278877186754003,0.281083246461472,0.321322853096418,0.0165420779663009,0.00211877834987334,0.00292414283837157,0.0106887975430023,0.00356604420213321,0.10120895610699,0.00447267081832406,0.0290663368851756,0.321322853096418,12.14,199,99,19,20.34,2.4,43.88,40.3,0,0.897392198049023,0.186837871228543,0.888765953135285,1.25695030141271,0.0932297839486304,0.361684225624516,2.1533969602847,0.448339204245711,2.13269728224393,3.01619845166428,2.39961631599461,0.223715710699786,0.867903369046465,2.17043142023305,0.451885794288723,2.14956799726135,3.04005810813669,2.41859849567634,0.225485415210388,0.874768924005317
"median",0.0125070426588733,0.5,0.00625352132943663,0.05,"variance",5.92866006940466,2.20740763544942,2.07336906880021,5.45235732292438,1.69456384737051,1.75522250428617,1.67282652852094,1.69193876667498,131.276925188851,5.82547696746895,0.962956890891533,1.45427045718599,5.33354041766508,1.37744778075478,1.54429122984427,1.29967891079346,1.13074776257133,131.276925188851,16.5,199,99,19,50.71,33.73,59.67,89.74,0,0.321919933036369,0.846555748659768,1.03579602917281,0.296057200739867,0.795151052346891,0.0133703809847859,0.306807941858022,0.806815609287039,0.987172322315681,0.282159292139839,0.953056677678175,0.757824020202033,0.0127427308806515,0.310313258370144,0.816033571704648,0.998450881210755,0.285382994954689,0.963945461355095,0.766482248001513,0.0128883180668728
"median",0.0125070426588733,0.5,0.00625352132943663,0.1,"abrupt_coef",12.371013744187,3.31058414797906,3.66002957979918,11.5177025119235,2.82532496848807,2.97729884564049,2.89927039880264,2.96639815769039,303.688878779504,12.2670176844785,2.06613340342117,3.04093096818495,11.3988856066642,2.46693566109806,2.74904531711605,2.51592954130818,2.59243758219008,303.688878779504,16.63,199,99,19,57.31,36.5,61.3,59.8,0,0.258497633756236,0.813463055619307,1.05378987509311,0.240667329873389,0.899327343018292,0.00980377963660032,0.2517229799781,0.792143980148302,1.02617236287482,0.234359969098326,0.973792201964508,0.875757953644673,0.00954684415989983,0.257551204731974,0.810484749648704,1.04993166831276,0.239786182363936,0.99633873234927,0.896034664909882,0.00976788537536195
"median",0.0125070426588733,0.5,0.00625352132943663,0.1,"gradual",6.06239973034832,2.25549903033544,2.13001298413228,5.58810765475797,1.78424830265878,1.93329975425549,1.85749029942733,1.85043657634052,97.962849803923,5.96071747353168,1.01104828577755,1.51091437251805,5.46929074949868,1.42298237545722,1.71874143744252,1.47665085046464,1.41431599882561,97.962849803923,16.26,199,99,19,57.77,34.31,60.9,69.74,0,0.345966805526623,0.907646933919078,1.0835373929596,0.318900079217378,0.857149450411408,0.0197350297395908,0.332400593221532,0.872055857529918,1.04104921756653,0.306395220052672,0.960787531958619,0.823538504980463,0.0189611705166314,0.331138319206319,0.8687442706338,1.03709588714929,0.305231700093488,0.957138991130282,0.820411160214651,0.018889166454878
"median",0.0125070426588733,0.5,0.00625352132943663,0.1,"none",0.0846203339097628,1.24800227024982,0.625043880567289,0.131896370523082,0.134461623730279,0.108027627829868,0.280826199891616,0.273209175704199,0.308962391606085,0.0114541343553542,0.00355152569193504,0.00594526895306245,0.013079465263786,0.00826556330224767,0.094207345691813,0.00692196566229167,0.00987339252162271,0.308962391606085,11.7,199,99,19,20.18,2.21,43.8,42.11,0,0.819034120510261,0.172832070176933,0.803408621976515,1.27661547572084,0.0865604417596476,0.349646529042923,2.12914274121342,0.449290375640089,2.08852304546712,3.31866097563598,2.59957758522558,0.225020584165604,0.908933279651907,2.0713926745724,0.437103992532868,2.03187473217071,3.22864686395049,2.52906762087264,0.218917210502757,0.884279715352961
"median",0.0125070426588733,0.5,0.00625352132943663,0.1,"variance",5.57794458115601,2.16770065034454,2.00739221709434,5.28581908323968,1.64665085770311,1.67383057555442,1.60860684963564,1.65167793287501,135.546667936401,5.47394852144747,0.92324990578665,1.38829360548011,5.16700217798038,1.33653873497635,1.46490042793794,1.23520909105498,1.09742833744705,135.546667936401,16.63,199,99,19,49.59,33.41,59.71,88.63,0,0.316664371064423,0.833833349208285,1.01650605999697,0.300080173117734,0.772168691875595,0.0123487401131821,0.304324991889379,0.801341579357154,0.976896129565355,0.28838702612249,0.961033256966777,0.742079792880979,0.0118675499304077,0.312473413649773,0.822797816395733,1.00305290896876,0.296108702559521,0.986765301696041,0.761949272198859,0.0121853082633502
"median",0.0125070426588733,0.5,0.00625352132943663,0.2,"abrupt_coef",9.99177278041147,2.86506209978537,3.04176905490199,9.19490056882312,2.37906616637981,2.53973249789469,2.44065474256411,2.51511509423369,251.298459845266,9.88627587558387,1.62061135522748,2.42267044328776,9.07608366356383,2.02736812681229,2.319921223165,2.0611910682939,2.15722606855004,251.298459845266,16.87,199,99,19,56.24,35.15,60.68,57.23,0,0.276210980084558,0.834952441179506,1.06753335984739,0.254182371207815,0.886449371580796,0.0101064387718831,0.265435686258487,0.802380029026483,1.02588771050367,0.244266437618451,0.960988901227705,0.851868007589418,0.00971217549071697,0.273533691355143,0.826859320624766,1.05718585291006,0.251718603846206,0.9903070879782,0.877857095810283,0.0100084779500135
"median",0.0125070426588733,0.5,0.00625352132943663,0.2,"gradual",6.60403171949015,2.33525477428235,2.27066993288457,6.17009095221463,1.90187912225659,2.08082880351213,1.97655047795498,1.96051736560617,118.376222616344,6.50153650490069,1.09080402972446,1.65157132127035,6.05127404695533,1.52810615239616,1.84944851432297,1.5878315921172,1.50807509742143,118.376222616344,16.39,199,99,19,59.77,37,62.16,72.35,0,0.337244429559868,0.916394220655718,1.09409098567906,0.315084616776004,0.891050015796066,0.0175780976747,0.320343815555189,0.870470185617885,1.03926188306321,0.299294516124398,0.949886158159125,0.846396076232152,0.0166971916679666,0.317745294322198,0.863409224393792,1.03083174038948,0.296866739725098,0.94218100129002,0.839530396082225,0.0165617496679226
"median",0.0125070426588733,0.5,0.00625352132943663,0.2,"none",0.098532684909652,1.247959823498,0.625288265364689,0.139175155183681,0.137629610385917,0.125543062043999,0.280802309728702,0.282556386121823,0.439226054457424,0.0181749358263913,0.0035090789401089,0.0061896537504628,0.0203582499243848,0.0108707330382361,0.111097427773,0.00664793464620059,0.0213468001912555,0.439226054457424,12.85,199,99,19,20.27,2.31,43.84,41.77,0,0.902050814157956,0.200776296306757,0.912180610640206,1.27412606445378,0.100598640821709,0.285827902898616,2.01761808246669,0.449076570411775,2.04027540978519,2.84983921818612,2.23670113789554,0.225009094396662,0.63931159565563,2.03022145546675,0.451881798800473,2.05302031539237,2.86764119318284,2.25067304812747,0.226414649575677,0.643305157456712
"median",0.0125070426588733,0.5,0.00625352132943663,0.2,"variance",6.30384171110546,2.26030244031763,2.1555596422908,5.76725652852413,1.74270649064125,1.79688720129695,1.70254638208864,1.75151012401671,156.375573056346,6.20053353874316,1.01585169575974,1.53646103067657,5.64843962326484,1.43453295952662,1.5899581805059,1.32977397564092,1.19357095100437,156.375573056346,16.52,199,99,19,49.28,33.09,59.61,89.22,0,0.311567067011806,0.833605884079055,1.03108998041074,0.285046370712542,0.794976446180559,0.01149084327032,0.295209060611065,0.789839607629356,0.976955322787697,0.270080763463535,0.947497639729295,0.753238306396463,0.0108875468771275,0.303699014488771,0.81255470257149,1.00505170171956,0.277848049536377,0.974746841511536,0.774900779990566,0.0112006631840485
"median",0.0125070426588733,1,0.0125070426588733,0.02,"abrupt_coef",10.8556809704574,4.33454008954813,4.45608650419147,10.2579250988134,2.78766956170122,2.8585688692065,2.96432502739232,3.03572470459918,212.777141743817,10.6609463162587,1.84563860043235,3.63062168870584,10.0202912882948,2.14718390714032,2.48423308242642,2.22903598947716,2.45102046029685,212.777141743817,15.57,199,66,19,51.21,29.93,58.79,46.75,0,0.278669306089705,0.641497616017481,1.02543318206696,0.263324693953866,0.659486083909885,0.013434567481164,0.288979008799277,0.66523058396735,1.06337030332364,0.27306670447109,1.0369961904102,0.683884556643089,0.0139315952977757,0.295939449289832,0.681253539791861,1.0889829792978,0.27964387612906,1.06197361109647,0.700356817997651,0.0142671561414909
"median",0.0125070426588733,1,0.0125070426588733,0.02,"gradual",4.69336384281409,3.2532903948985,2.34048794464169,4.42516855588166,1.71835592433274,1.80519958291649,1.84417842201638,1.89653163606519,60.7636422370531,4.50000496330791,0.764388905782717,1.51502312915605,4.18753474536306,1.0961305520538,1.4676345015535,1.12327248315892,1.28768879943124,60.7636422370531,15.46,199,66,19,49.75,26.99,57.64,48.68,0,0.407939168897224,0.77129198082362,1.05053880709695,0.384628092637734,0.55488424450127,0.0297085480141889,0.416747610566204,0.787946131591252,1.0732226053415,0.392933189026025,1.0215925371736,0.566865603177708,0.0303500309415589,0.428578394724521,0.810314635632756,1.10368964264585,0.404087920643299,1.05059388114922,0.582957992019142,0.0312116187615347
"median",0.0125070426588733,1,0.0125070426588733,0.02,"none",0.170639021518923,2.4903637478418,0.82991812068188,0.25564451371989,0.264303176254727,0.131716399113582,0.552967194440954,0.335049797231203,0.468803946964647,0.0185533827870241,0.00146225872602181,0.00445330519624505,0.0180107032012978,0.00740852004147009,0.0994482290536886,0.00290745830370774,0.0571433093510396,0.468803946964647,12.16,199,66,19,20.54,2.58,43.98,22.22,0,0.5152326455083,0.158710113481268,0.498353447658297,0.771900811087194,0.0528904258374825,0.2809626496671,2.16303172868729,0.66629126495831,2.0921700687699,3.24056707263545,4.19816513480694,0.222042741716011,1.17952760001539,1.3106082049479,0.403714280820762,1.26767223148425,1.96350045991121,2.54372120317595,0.134538497647809,0.714690649258697
"median",0.0125070426588733,1,0.0125070426588733,0.02,"variance",5.84727599678232,3.42220315061238,2.67100270285826,5.31173170959562,1.93297445618389,1.90804341825351,1.99014333668638,2.09066624832287,111.223528574288,5.64616275082764,0.933301661496603,1.84553788737263,5.07409789907702,1.31737781651415,1.51994988454868,1.25222781981286,1.25306960145813,111.223528574288,16.08,199,66,19,49.22,31.03,59,66.97,0,0.35921306319117,0.714354731356767,0.987102241392471,0.326313213076223,0.557548261830126,0.0171550340356186,0.374669400770223,0.745092221193455,1.02957560060848,0.340353925106585,1.0430283282065,0.581538631431118,0.0178931864704969,0.393594097485401,0.782727118203825,1.08157986342473,0.357545333839781,1.09571209351018,0.610912373202848,0.018796978257406
"median",0.0125070426588733,1,0.0125070426588733,0.05,"abrupt_coef",11.9070621911942,4.40932821405066,4.68100865144627,10.9495168142169,3.01728752589224,3.01959690056851,3.12872985073351,3.18833986988734,266.647583638243,11.7029472550014,1.92042672493488,3.85554383596064,10.7118830036983,2.32502271472361,2.58722843585126,2.37230391072486,2.59875787894806,266.647583638243,16.32,199,66,19,55.35,34.57,60.48,47.14,0,0.275774443000795,0.645073984137064,1.00076538104389,0.253597138578954,0.684820170779379,0.0113242987593135,0.285741362273735,0.668387965864331,1.03693460563004,0.262762535417623,1.03614156251931,0.709570641796084,0.0117335766109106,0.291185439867774,0.681122404869355,1.05669076696445,0.267768809693902,1.0558826144268,0.723089712334738,0.0119571301805341
"median",0.0125070426588733,1,0.0125070426588733,0.05,"gradual",5.99076085961097,3.4717390291986,2.7702945173437,5.6214465895967,2.06904717889037,2.13008844778461,2.18151419666223,2.33668270519868,88.4975184548079,5.78827183896381,0.982837540082822,1.94482970185807,5.38381277907811,1.37115419852524,1.72548561777006,1.42884036945124,1.67280888086569,88.4975184548079,16.19,199,66,19,55.8,32.35,60.18,53.08,0,0.378921762189584,0.768903246369288,1.02950211552304,0.355562256231162,0.61355085444781,0.0240694709295421,0.388069896581325,0.78746652495056,1.05435691313341,0.364146432779475,1.02414254156024,0.628363531450636,0.0246505691317915,0.415672846473904,0.843478081687578,1.12935206554925,0.390047735163714,1.09698858168492,0.673058281612276,0.0264039347769049
"median",0.0125070426588733,1,0.0125070426588733,0.05,"none",0.168377575845022,2.49102026746565,0.829529345107698,0.248322608061594,0.257959291883615,0.131225858488286,0.553281702689683,0.340662388245709,0.321322853096418,0.0165420779663009,0.00211877834987334,0.00406452962206296,0.0106887975430023,0.00356604420213321,0.10120895610699,0.00447267081832406,0.0748877317446528,0.321322853096418,12.14,199,66,19,20.34,2.4,43.88,21.25,0,0.528449098987139,0.158193148032935,0.508707624098657,0.77935472006717,0.0526795627487184,0.408392547320342,2.22807623924619,0.666982676324549,2.14484114392479,3.28595835824916,4.21625515781306,0.222110478150621,1.72188718405181,1.37185410102173,0.410669484153669,1.32060522324355,2.02320520732084,2.59600045425589,0.136756168825675,1.06018723835833
"median",0.0125070426588733,1,0.0125070426588733,0.05,"variance",6.03184317134036,3.45185838000731,2.78386975338076,5.57117422818367,2.01167991398624,1.96615377872807,2.04597414624843,2.09362039755321,131.276925188851,5.82547696746895,0.962956890891533,1.95840493789513,5.33354041766508,1.37744778075478,1.54429122984427,1.29967891079346,1.20562036877321,131.276925188851,16.5,199,66,19,50.71,33.73,59.67,71,0,0.352915507251885,0.706266439491412,0.977369095877701,0.325962350624438,0.569592828638556,0.0149771467902651,0.367242893948312,0.734938889926073,1.017047559119,0.339195514228495,1.04059721491978,0.592716711119561,0.0155851772373946,0.375795175631364,0.752054005044846,1.04073236651481,0.347094633942211,1.06483044215779,0.606519783569098,0.0159481218389401
"median",0.0125070426588733,1,0.0125070426588733,0.1,"abrupt_coef",12.4750098038956,4.55503489253695,4.97874970627434,11.6365194171828,3.18371427587809,3.20555237416493,3.28261125629711,3.3640743672378,303.688878779504,12.2670176844785,2.06613340342117,4.1532848907887,11.3988856066642,2.46693566109806,2.74904531711605,2.51592954130818,2.76336110833212,303.688878779504,16.63,199,66,19,57.31,36.5,61.3,48.03,0,0.275473469277378,0.643846861818584,1.00685931474828,0.256957904206531,0.703738269802709,0.0105553828215499,0.282095628307027,0.6593244187713,1.03106339697891,0.263134964052056,1.02403918986108,0.720655567683003,0.0108091256732535,0.289096270682994,0.675686581110578,1.05665084104005,0.269665068013598,1.0494523172825,0.738539758004831,0.0110773709618794
"median",0.0125070426588733,1,0.0125070426588733,0.1,"gradual",6.16408198716496,3.49994977489333,2.82485468397191,5.70692456001727,2.14551422986033,2.14785807106846,2.23832974839002,2.27558084444193,97.962849803923,5.96071747353168,1.01104828577755,1.99938986848628,5.46929074949868,1.42298237545722,1.71874143744252,1.47665085046464,1.5865678643646,97.962849803923,16.26,199,66,19,57.77,34.31,60.9,55.09,0,0.376359990127845,0.760342853476783,1.00109243796919,0.348447356076833,0.613682540954154,0.0219252305886108,0.392212955480745,0.792369873427543,1.04326026704364,0.363124590660985,1.04212181360594,0.639531962557446,0.0228487610647316,0.39874030583559,0.805556780443774,1.06062258304857,0.369167841891171,1.05946518305557,0.65017528559,0.0232290184390981
"median",0.0125070426588733,1,0.0125070426588733,0.1,"none",0.157786533464171,2.49245301480771,0.833351995799905,0.250713275782378,0.26065768415831,0.121847909967923,0.55473043412094,0.338454661524633,0.308962391606085,0.0114541343553542,0.00355152569193504,0.00788718031427013,0.013079465263786,0.00826556330224767,0.094207345691813,0.00692196566229167,0.040912116670038,0.308962391606085,11.7,199,66,19,20.18,2.21,43.8,23.79,0,0.486005017435488,0.146214217499972,0.467463333610832,0.772232631599014,0.0488867429973692,0.394377805449131,2.21260893500691,0.665661613479997,2.12819520710552,3.51570201804898,4.55264628065411,0.222564048680266,1.79546264915051,1.34996705088092,0.406136498418969,1.29846416236505,2.14501614360826,2.77768130461764,0.13579179206744,1.09545585715218
"median",0.0125070426588733,1,0.0125070426588733,0.1,"variance",5.68194064086454,3.41215139490243,2.71003443201888,5.40463598849897,1.95676298042987,1.8827607231709,1.9820046082163,2.05975824279429,135.546667936401,5.47394852144747,0.92324990578665,1.88456961653325,5.16700217798038,1.33653873497635,1.46490042793794,1.23520909105498,1.1805131438755,135.546667936401,16.63,199,66,19,49.59,33.41,59.71,70.3,0,0.348360320135787,0.694736827298651,0.962181287156855,0.331358745571905,0.55178112143079,0.0138901291476548,0.366723052659604,0.731357721805688,1.01289968587861,0.348825292887032,1.05271189473204,0.580866549818777,0.0146223041731004,0.38110952285731,0.760048735343869,1.05263553296669,0.36250963763692,1.09400956661413,0.603653825522355,0.0151959341690401
"median",0.0125070426588733,1,0.0125070426588733,0.2,"abrupt_coef",10.0972696852391,4.10951284434326,4.00488381844158,9.31371747408242,2.73076420594732,2.75954377262439,2.82011841683433,2.90880727992312,251.298459845266,9.88627587558387,1.62061135522748,3.17941900295594,9.07608366356383,2.02736812681229,2.319921223165,2.0611910682939,2.34549007856747,251.298459845266,16.87,199,66,19,56.24,35.15,60.68,45.04,0,0.296288112700805,0.689044650912798,1.01053901564053,0.273296035329085,0.67150143512093,0.0109811408089152,0.302791922203134,0.704169844790085,1.03272132053452,0.279295146583733,1.02195096334795,0.686241538511364,0.0112221874283304,0.312314313593638,0.726315022305697,1.06519899213123,0.288078596551247,1.0540899219572,0.707822895340769,0.0115751098582705
"median",0.0125070426588733,1,0.0125070426588733,0.2,"gradual",6.70652693407962,3.57970551884024,3.01295623969537,6.28890785747393,2.27565209211701,2.31220909270128,2.36526936379276,2.4579959975251,118.376222616344,6.50153650490069,1.09080402972446,2.18749142420974,6.05127404695533,1.52810615239616,1.84944851432297,1.5878315921172,1.7420928757312,118.376222616344,16.39,199,66,19,59.77,37,62.16,57.24,0,0.367664647837603,0.767422062835888,1.01606440664234,0.344769970422642,0.645921593419337,0.0195327156214059,0.376101767969427,0.785032763712462,1.03938091942358,0.352681706499009,1.0229478688839,0.660744117454407,0.0199809498184325,0.390846241228347,0.815808728033044,1.08012819975414,0.366508033395743,1.06305091753337,0.686647542539044,0.0207642712632539
"median",0.0125070426588733,1,0.0125070426588733,0.2,"none",0.178890433992913,2.49241056805589,0.832786645673622,0.257992060442977,0.264388487733597,0.139988696314998,0.554956684811204,0.336700319163723,0.439226054457424,0.0181749358263913,0.0035090789401089,0.00732183018798754,0.0203582499243848,0.0108707330382361,0.111097427773,0.00664793464620059,0.0425346758270244,0.439226054457424,12.85,199,66,19,20.27,2.31,43.84,23.52,0,0.542608544133624,0.168096711255215,0.529481058403923,0.782538748385751,0.0561659856964058,0.318716740262427,2.15106109799788,0.666385187243621,2.09901985358148,3.10221554291266,3.96429639977831,0.222658614886262,1.26348762597142,1.30508015861265,0.404305617666784,1.27350597618679,1.88215944054931,2.40519647676475,0.135090230911015,0.766576380765137
"median",0.0125070426588733,1,0.0125070426588733,0.2,"variance",6.40714988346775,3.50475318487552,2.8356069023358,5.88607343378343,2.05088002175589,2.00381622208801,2.07531878853636,2.16604221478573,156.375573056346,6.20053353874316,1.01585169575974,2.01014208685016,5.64843962326484,1.43453295952662,1.5899581805059,1.32977397564092,1.27353965064853,156.375573056346,16.52,199,66,19,49.28,33.09,59.61,71.36,0,0.340433439139071,0.706662203578849,0.977051900077711,0.312746893475743,0.571742464129948,0.0128141255243617,0.352581192178976,0.731878169300137,1.01191623426101,0.323906702087814,1.03568319572433,0.592144062381406,0.0132713744734836,0.367994426021533,0.763872528664489,1.05615257441107,0.338066418638765,1.08095851850559,0.618029886992644,0.0138515381427587
"median",0.0125070426588733,2,0.0250140853177465,0.02,"abrupt_coef",11.2898083955437,6.82344157866391,5.28155131967711,10.495558909332,3.32345803221379,3.23290465598657,4.07769996630828,3.6204289489015,212.777141743817,10.991390357703,1.84563860043235,3.63062168870584,10.0202912882948,2.42970476381071,2.48423308242642,3.27424754590226,2.45102046029685,212.777141743817,11.93,199,66,19,35.73,29.93,32.12,46.75,0,0.30802596449743,0.6121127033154,0.972753266221658,0.286356025073256,0.473793850026573,0.0151938532000725,0.388516705163996,0.772064819500338,1.22694492507013,0.361184160389986,1.26131154494685,0.597601652963332,0.019164182453479,0.344948656872618,0.685485897943115,1.08935600022904,0.320681168542289,1.11986876637309,0.530586934344416,0.017015121639619
"median",0.0125070426588733,2,0.0250140853177465,0.02,"gradual",4.80473916567504,5.74219188401427,3.16595276012732,4.66280236640025,2.20021222627624,2.14276466427948,3.83117317555574,2.50537447269914,60.7636422370531,4.51132394489787,0.764388905782717,1.51502312915605,4.18753474536306,1.35748769192136,1.4676345015535,3.1878109011833,1.28768879943124,60.7636422370531,11.73,199,66,19,33.69,26.99,25.72,48.68,0,0.459544388953745,0.67681510958278,0.973889990560599,0.445968988199682,0.373161452553464,0.0352639273320723,0.821646056277839,1.21011697451912,1.74127437789937,0.797373810200887,1.787957977571,0.667196996014948,0.0630504201938626,0.537310886421576,0.791349291199904,1.13869673242357,0.521438185572587,1.16922521379248,0.436309779140935,0.0412314729740046
"median",0.0125070426588733,2,0.0250140853177465,0.02,"none",0.170394858785756,4.97926523695758,1.65538293616751,0.493278324238482,0.306129356487972,0.163984569173475,0.316866519252266,0.612956285111367,0.468803946964647,0.082345278467288,0.00146225872602181,0.00445330519624505,0.0180107032012978,0.014465121683048,0.0994482290536886,0.230567924906041,0.0571433093510396,0.468803946964647,3.52,199,66,19,11.66,2.58,3.45,22.22,0,0.332438222228054,0.0990614108619037,0.535670838807377,0.962379794449426,0.0329334874463671,0.349793490936289,0.64236862574783,0.191415842418833,1.03507394026981,1.85960140763798,1.93229473266513,0.0636372043209085,0.67590412005674,1.24261751427583,0.370280659368437,2.00227868422495,3.59726983243116,3.73789002343835,0.123101754162808,1.30748960003443
"median",0.0125070426588733,2,0.0250140853177465,0.02,"variance",5.92371660316682,5.91110463972816,3.4964675183439,5.54936552011421,2.48811048844409,2.29613695195835,3.08400493081273,2.92826289518761,111.223528574288,5.60403659280603,0.933301661496603,1.84553788737263,5.07409789907702,1.60936567123165,1.51994988454868,2.25603870679532,1.25306960145813,111.223528574288,12.78,199,66,19,35.13,31.03,33.1,66.97,0,0.413765671703509,0.656701925561121,0.922843644855264,0.387617623491784,0.388444646458491,0.0206443455030715,0.555740096707356,0.882034486130011,1.23949677682573,0.52061993127153,1.34312760751593,0.521730728650163,0.0277279903842726,0.527675260275043,0.837491805608018,1.17690227535626,0.494328660763778,1.27529975626677,0.495383362951646,0.0263277287883541
"median",0.0125070426588733,2,0.0250140853177465,0.05,"abrupt_coef",11.7844745559715,6.89822970316644,5.50647346693191,11.1871506247355,3.62078864628529,3.45196536528576,4.07600063021359,3.77792186082663,266.647583638243,11.4317759529912,1.92042672493488,3.85554383596064,10.7118830036983,2.64799086827813,2.58722843585126,3.1034529930596,2.59875787894806,266.647583638243,14.1,199,66,19,38.89,34.57,38.88,47.14,0,0.308565199582925,0.62689221804407,0.953373892405254,0.292924843521052,0.500413223946606,0.012945796538584,0.364346630070511,0.740219789433518,1.12572177732476,0.345878860432363,1.18077680361552,0.590876327058609,0.015286096257086,0.337701885632379,0.686087363085326,1.04339751084409,0.320584667808737,1.09442635167166,0.547665419012138,0.0141682208752061
"median",0.0125070426588733,2,0.0250140853177465,0.05,"gradual",6.17520317432527,5.96064051831438,3.59575933282934,5.8590804001153,2.66942144393191,2.53469127779916,3.94186798574251,3.00055652953168,88.4975184548079,5.84601781154372,0.982837540082822,1.94482970185807,5.38381277907811,1.70412789152008,1.72548561777006,3.1184042970823,1.67280888086569,88.4975184548079,13.16,199,66,19,38.59,32.35,32.92,53.08,0,0.432609062294022,0.70491126996665,0.94952832703168,0.410462814946347,0.425238071313174,0.0286413825162061,0.672779295820031,1.0962546769338,1.4766750281051,0.638338184908908,1.5551669034681,0.661316174600854,0.0445421301587735,0.512120729640889,0.834470900801549,1.12404751087637,0.485904098185325,1.18379565819827,0.503394982521142,0.0339055442674807
"median",0.0125070426588733,2,0.0250140853177465,0.05,"none",0.137136594646417,4.97992175658143,1.65499416059333,0.485956418580186,0.303423333009922,0.161242760869582,0.280851132926772,0.606437044746766,0.321322853096418,0.0550903948042087,0.00211877834987334,0.00406452962206296,0.0106887975430023,0.0100081122327551,0.10120895610699,0.185547467866158,0.0748877317446528,0.321322853096418,3.28,199,66,19,11.73,2.4,3.81,21.25,0,0.331804982308255,0.0974279938315761,0.531411870241071,1.17578215563335,0.0323785731485609,0.501809190711992,0.577934815116409,0.169699168501044,0.925608225777378,2.04796636266853,1.74179064791587,0.0563966959030232,0.874046555420379,1.24792475530746,0.366428510254895,1.99865000074644,4.42213871731581,3.76101873644592,0.121776420271122,1.88731376838857
"median",0.0125070426588733,2,0.0250140853177465,0.05,"variance",6.09784783049616,5.94075986912309,3.6093345688664,5.80880803870227,2.59549984819847,2.38801632761186,2.76523671645987,2.98162042633321,131.276925188851,5.74064669215875,0.962956890891533,1.95840493789513,5.33354041766508,1.69299164993417,1.54429122984427,1.8347127426397,1.20562036877321,131.276925188851,14.28,199,66,19,36.08,33.73,37.2,71,0,0.411102641316645,0.661622324572111,0.920060284060267,0.391616254454411,0.401971528932435,0.0181906784012235,0.476042020675493,0.766134771853075,1.06539660111297,0.453477488013156,1.15796390689893,0.46546852210474,0.0210641490306228,0.513292986524535,0.826085908480816,1.14876540193318,0.488962747056711,1.24857623118305,0.501892096637349,0.0227124486808626
"median",0.0125070426588733,2,0.0250140853177465,0.1,"abrupt_coef",13.5334239964055,7.04393638165273,5.80421452175997,11.8741532277014,3.80105326539319,3.6620594312138,4.02313016617205,3.96478762614348,303.688878779504,13.1667175056473,2.06613340342117,4.1532848907887,11.3988856066642,2.79773830329838,2.74904531711605,2.96978703344175,2.76336110833212,303.688878779504,14.66,199,66,19,40.11,36.5,42.11,48.03,0,0.308405943648303,0.630931096272331,0.963432810730419,0.270593711701226,0.5198882035267,0.012058589191449,0.338814068592818,0.693139468069169,1.0584250956967,0.297273636534303,1.09859772670008,0.571147998532619,0.013247538672936,0.333900662229452,0.683087713467432,1.0430760500625,0.292962640289445,1.08266610649444,0.56286533712464,0.013055425809722
"median",0.0125070426588733,2,0.0250140853177465,0.1,"gradual",6.27134300924259,5.98885126400911,3.65031949945755,5.94455837053586,2.74839875472202,2.5769747046944,3.47244954187576,2.96459382451925,97.962849803923,5.92739933612358,1.01104828577755,1.99938986848628,5.46929074949868,1.74658463774627,1.71874143744252,2.58094754115127,1.5865678643646,97.962849803923,13.75,199,66,19,40.05,34.31,35.64,55.09,0,0.433501455291809,0.705958671584049,0.937627664205169,0.410912734464771,0.430295325612962,0.0263056322866508,0.584139195114462,0.95127277006623,1.26344459147704,0.553701103058487,1.34749073615278,0.579818965073312,0.0354465958149035,0.498707160352438,0.812146395667504,1.07866219173102,0.472720726668927,1.15041634639205,0.49501877636124,0.0302624293847415
"median",0.0125070426588733,2,0.0250140853177465,0.1,"none",0.142160270535277,4.98135450392349,1.65881681128554,0.48834708630097,0.29795148725688,0.149488474244033,0.210720351002879,0.635997206379228,0.308962391606085,0.0428543518238238,0.00355152569193504,0.00788718031427013,0.013079465263786,0.0105396469559722,0.094207345691813,0.130925418839267,0.040912116670038,0.308962391606085,3.97,199,66,19,11.49,2.21,3.19,23.79,0,0.306111121449187,0.0901175302944893,0.501720852680795,1.05154888690886,0.0300096036381852,0.483840358261547,0.431497098915854,0.127030513296749,0.707230404999475,1.48227314290731,1.40960934994151,0.0423018178764246,0.682025892884525,1.30234667968769,0.383404123983013,2.13456630888001,4.47380413658824,4.25448991700185,0.127675556091881,2.05849392566231
"median",0.0125070426588733,2,0.0250140853177465,0.1,"variance",6.00435181821273,5.90105288401821,3.53549924750452,5.64226979901756,2.53557107081555,2.30062101840385,2.53156163428049,2.93900334171308,135.546667936401,5.63439349636325,0.92324990578665,1.88456961653325,5.16700217798038,1.65157329568638,1.46490042793794,1.60453963240481,1.1805131438755,135.546667936401,14.79,199,66,19,35.34,33.41,37.06,70.3,0,0.407747431504328,0.650720268156673,0.907338407857713,0.383158930065604,0.389866192291653,0.0169729072166002,0.448677876892964,0.716040778701159,0.998418724451782,0.421621135957028,1.10038185951933,0.429001685637611,0.0186766792044516,0.52089025275339,0.83128382612089,1.15910903683239,0.489478869775474,1.27748260934873,0.498047280625593,0.0216825937992962
"median",0.0125070426588733,2,0.0250140853177465,0.2,"abrupt_coef",9.89935082184564,6.59841433345903,4.83034863392721,9.55135128460101,3.3228044606744,3.19916632208379,3.47380081991895,3.47212448127877,251.298459845266,9.52814179573029,1.62061135522748,3.17941900295594,9.07608366356383,2.35350865461172,2.319921223165,2.4454717725064,2.34549007856747,251.298459845266,14.84,199,66,19,38.75,35.15,41.11,45.04,0,0.334943844777396,0.662305469964136,0.962791027863999,0.323169304700662,0.484838653714356,0.0127305448829795,0.363697315323281,0.719161510521168,1.04544244508866,0.350911982253731,1.08584564545437,0.526459940883693,0.0138234067254447,0.363521807315017,0.718814467529611,1.04493794996714,0.350742644014249,1.08532165311655,0.526205889144068,0.0138167360174698
"median",0.0125070426588733,2,0.0250140853177465,0.2,"gradual",6.91727651695143,6.06860700795602,3.83842105518101,6.52654166799252,2.92336568512447,2.77496967107959,3.42362315729834,3.17389911931901,118.376222616344,6.56707932250297,1.09080402972446,2.18749142420974,6.05127404695533,1.88603156699752,1.84944851432297,2.44732340734669,1.7420928757312,118.376222616344,14,199,66,19,41.47,37,39.03,57.24,0,0.425182249994451,0.722945615185704,0.949237957194345,0.401165063197817,0.457266332692424,0.0234419515148176,0.524569263701859,0.89193527965808,1.17112380935421,0.494938022053684,1.23375155879321,0.564153050742934,0.0289215442225611,0.486306420885115,0.826876226888907,1.08570034035406,0.458836524973532,1.14375993092718,0.523002909095611,0.026811964845386
"median",0.0125070426588733,2,0.0250140853177465,0.2,"none",0.178621464910682,4.98131205717167,1.65825146115926,0.495625870961569,0.300896070322711,0.168879964856995,0.255939734305017,0.630865962500422,0.439226054457424,0.0815668138778254,0.0035090789401089,0.00732183018798754,0.0203582499243848,0.0134842300218031,0.111097427773,0.16488846374842,0.0425346758270244,0.439226054457424,3.88,199,66,19,11.49,2.31,3.64,23.52,0,0.340740818330062,0.101842192702748,0.561256797657315,0.945462881190912,0.0339027073427082,0.384494414990049,0.516397043214202,0.154343138118566,0.850591814078936,1.4328610194357,1.51551271651284,0.0513799841020876,0.582706175345585,1.27286729660918,0.380440468334877,2.0966241327905,3.53185975053939,3.73558795464359,0.126646545179228,1.43631270526456
"median",0.0125070426588733,2,0.0250140853177465,0.2,"variance",6.52513945833824,5.9936546739913,3.66107171782143,6.12370724430202,2.63680343192552,2.41767426367013,2.64838901388208,3.05854477892292,156.375573056346,6.15968367184596,1.01585169575974,2.01014208685016,5.64843962326484,1.75205523423682,1.5899581805059,1.72436870224452,1.27353965064853,156.375573056346,14.61,199,66,19,35.37,33.09,36.94,71.36,0,0.394805657295215,0.660373368787431,0.916895902970146,0.370516872337597,0.403372298734747,0.015460690032445,0.43248132352283,0.723391732806053,1.00439379811794,0.405874699045367,1.09542838490646,0.441865465719009,0.0169360787117807,0.499459666653535,0.835423344490762,1.15994417402947,0.468732476669831,1.26507727897137,0.510297130095781,0.0195589676772654
"median",0.0125070426588733,4,0.050028170635493,0.02,"abrupt_coef",11.5882264333844,11.8012445568955,7.36272394137495,10.9708265303692,4.1103945606018,3.96335920103411,4.8811523867143,5.21677643368738,212.777141743817,10.991390357703,1.84563860043235,5.41162528659073,10.0202912882948,2.77464240463414,2.73716873875817,3.27424754590226,3.99358766164958,212.777141743817,11.93,199,39,19,26.7,24.51,32.12,24.45,0,0.361263500982614,0.538300665975257,0.964228407419319,0.342016030133489,0.335842476776597,0.0186268091043632,0.444921116308094,0.662954692526848,1.1875143163871,0.421216517883377,1.23156951947245,0.413613357742192,0.0229402103379657,0.475513528469932,0.708538915111514,1.26916682979543,0.450179021239903,1.31625123262263,0.442053074024233,0.0245175604434445
"median",0.0125070426588733,4,0.050028170635493,0.02,"gradual",5.0981543864522,10.7199948622458,4.23112376338044,5.13806998743743,2.91485021333573,2.8549955521174,4.47453544992818,4.31080675319464,60.7636422370531,4.51132394489787,0.764388905782717,2.28002510859621,4.18753474536306,1.67565242669457,1.80240284194663,3.1878109011833,3.2011819284994,60.7636422370531,11.73,199,39,19,24.77,21.04,25.72,22.18,0,0.555655247806639,0.674760586496391,0.979465613380582,0.560005707105349,0.266324339592014,0.0469852603795441,0.870859186595045,1.05752885052771,1.53508246477185,0.877677510476884,1.5672652963013,0.417400895002926,0.0736383680305399,0.83899338929492,1.01883258308439,1.47891192949547,0.845562222409377,1.50991715205915,0.402127688360806,0.0709438505410386
"median",0.0125070426588733,4,0.050028170635493,0.02,"none",0.258444439104223,9.95706821518914,1.96044486538108,0.968545945275666,0.400273230600828,0.202228908196771,0.403165113598491,0.34122405205071,0.468803946964647,0.082345278467288,0.00146225872602181,0.00934621059685108,0.0180107032012978,0.0220602605965006,0.127186652243532,0.230567924906041,0.214152498636557,0.468803946964647,3.52,199,39,19,7.56,1.5,3.45,2.54,0,0.208796401640206,0.103154601166231,0.50522716168957,0.782485043585007,0.0203100856423057,0.431372025568764,0.416258119261181,0.20564980975383,1.00722477242188,1.55996822758452,1.99360772499551,0.0404903436318211,0.85998660252085,0.352305488154814,0.174054398609359,0.852477822557649,1.32029945482055,1.68731589906372,0.0342695304156082,0.727860877153497
"median",0.0125070426588733,4,0.050028170635493,0.02,"variance",6.24339661352763,10.8889076179597,4.72974749069583,6.02463314115139,3.27065023884089,3.04310955647179,3.91197115483014,3.79148605481835,111.223528574288,5.60403659280603,0.933301661496603,2.7786488359116,5.07409789907702,1.97442033767526,1.78490106498914,2.25603870679532,1.86189951340738,111.223528574288,12.78,199,39,19,25.91,25.15,33.1,38.57,0,0.505111180245278,0.643397890153349,0.930429527539535,0.487412500733697,0.279468764291159,0.0273603040245144,0.649329355526951,0.827099366832081,1.19608361309112,0.626577389998585,1.28551768585214,0.359262039139528,0.0351721547138047,0.629330610841765,0.801625469917116,1.15924534204001,0.607279384846911,1.2459249279261,0.348197100007059,0.0340888848197793
"median",0.0125070426588733,4,0.050028170635493,0.05,"abrupt_coef",12.1371731589517,11.876032681398,7.61012311775187,11.6624182457727,4.51079501407854,4.28198749288082,5.04854826736757,4.78702080946655,266.647583638243,11.4317759529912,1.92042672493488,5.65902446296764,10.7118830036983,3.05497524858569,2.86869167242814,3.1034529930596,3.38373062314097,266.647583638243,14.1,199,39,19,29.1,28.25,38.88,28.05,0,0.367161201274266,0.562669936691613,0.949275566616619,0.352799406979101,0.360557065457382,0.0160586022736667,0.432890345807786,0.663399026435065,1.11921473966577,0.415957505199145,1.17901985369206,0.4251039385632,0.0189334109031974,0.41046554055817,0.629033293600735,1.06123661007115,0.394409863546844,1.11794366924831,0.403082488730827,0.0179526127488221
"median",0.0125070426588733,4,0.050028170635493,0.05,"gradual",6.50438853710681,10.9384434965459,4.89971117964952,6.33434802115248,3.4794675233556,3.31534035079675,4.76533167440273,4.59646251161909,88.4975184548079,5.84601781154372,0.982837540082822,2.94861252486529,5.38381277907811,2.07767818214909,2.00810425209131,3.1184042970823,3.14864725342793,88.4975184548079,13.16,199,39,19,28.02,26.13,32.92,28.94,0,0.523390937745405,0.67663995473176,0.952829801842619,0.509708227281181,0.303090686699953,0.0374625233417111,0.752300261761702,0.972573994605045,1.36955773905515,0.732633305531649,1.43735821067587,0.435649887107566,0.0538470655178449,0.725640980929685,0.938108868683947,1.32102469149827,0.706670963057756,1.38642251632309,0.420211752528642,0.0519388858792275
"median",0.0125070426588733,4,0.050028170635493,0.05,"none",0.219182794488626,9.95772473481299,1.95809364221162,0.96122403961737,0.379287419041356,0.19926994805973,0.376154797987386,0.35723523955622,0.321322853096418,0.0550903948042087,0.00211877834987334,0.00699498742739577,0.0106887975430023,0.0135814916959015,0.12822994575733,0.185547467866158,0.245172137332716,0.321322853096418,3.28,199,39,19,7.31,1.42,3.81,2.24,0,0.20730853562407,0.101767322953288,0.525379799212382,0.909149591438714,0.0200115943517766,0.620154919388619,0.391328954004439,0.192102558263009,0.991740772573246,1.71616936842598,1.88766445542825,0.0377751753542975,1.17064439818887,0.371646176991603,0.182440324535619,0.941858921814829,1.62985073892175,1.79272009168759,0.0358751872611319,1.11176418394688
"median",0.0125070426588733,4,0.050028170635493,0.05,"variance",6.45504896883359,10.9185628473546,4.84680119076626,6.28407565973945,3.42448920665851,3.16023106979198,3.69576069028004,3.84364313758429,131.276925188851,5.74064669215875,0.962956890891533,2.89570253598203,5.33354041766508,2.07422888120656,1.8024665187447,1.8347127426397,1.71744588557584,131.276925188851,14.28,199,39,19,26.99,27.14,37.2,42.5,0,0.50289513381241,0.652024076376931,0.922832831140855,0.489575072946817,0.289436541601044,0.0240730125667232,0.588115244053774,0.762515429211521,1.07921516677409,0.572537978894351,1.16945900747799,0.33848417066862,0.0281524013832854,0.611648131834182,0.79302677916868,1.12239896394206,0.59544755681053,1.21625382850163,0.352028301830541,0.0292788936978449
"median",0.0125070426588733,4,0.050028170635493,0.1,"abrupt_coef",13.9001304871636,12.0217393598843,8.49405235853048,12.3494208487386,4.7326660309637,4.5268495919533,5.07647329890236,4.98901493591373,303.688878779504,13.1667175056473,2.06613340342117,6.54295370374625,11.3988856066642,3.23882485578788,3.01449799364235,2.96978703344175,3.51568531069846,303.688878779504,14.66,199,39,19,29.86,30.23,42.11,29.45,0,0.366563715610655,0.532943452768694,0.956511522751906,0.325669575270082,0.376555293409462,0.0149062079920288,0.411069746596326,0.59765034221906,1.07264557982526,0.365210477958486,1.121414174645,0.422274443566976,0.0167160329324676,0.40398776566298,0.587353918404249,1.05416585562405,0.358918568463867,1.10209425662871,0.414999426169705,0.0164280462161278
"median",0.0125070426588733,4,0.050028170635493,0.1,"gradual",6.61528668236161,10.9666542422407,4.93758224912962,6.41982599157305,3.62923556372057,3.39514404884422,4.36395154260024,4.54079581995648,97.962849803923,5.92739933612358,1.01104828577755,2.98648359434539,5.46929074949868,2.14990255802904,1.99635639787584,2.58094754115127,3.05495915208234,97.962849803923,13.75,199,39,19,29.57,27.96,35.64,29.7,0,0.52885297098408,0.687612656871226,0.935498396076455,0.513227046969366,0.309587953978436,0.0346574651068211,0.67976165527361,0.883823564330397,1.20244372843257,0.659676859392334,1.28535092467897,0.397929162915655,0.0445470048220819,0.707308239493864,0.91963953020872,1.25117142170331,0.686409529622298,1.33743833976713,0.414054799180823,0.0463522225930042
"median",0.0125070426588733,4,0.050028170635493,0.1,"none",0.241466189246731,9.95915748215505,1.95944521773975,0.963614707338154,0.382836668861335,0.190182257124302,0.29051528316649,0.264171734858947,0.308962391606085,0.0428543518238238,0.00355152569193504,0.00834656295552031,0.013079465263786,0.0141290512777513,0.121643663353676,0.130925418839267,0.170619055770575,0.308962391606085,3.97,199,39,19,7.37,1.37,3.19,1.87,0,0.1973633815217,0.0970592366668358,0.496771267208959,0.787614438765059,0.0190962194809222,0.615551479051135,0.301484899466714,0.148264049709746,0.75884915630095,1.20313027704943,1.52756249483679,0.0291706686722285,0.940293353039827,0.274146640609796,0.13481965837436,0.690037701050604,1.09403198718234,1.38904511311108,0.0265255103488717,0.855028773844279
"median",0.0125070426588733,4,0.050028170635493,0.1,"variance",6.3743101400622,10.8788558622498,4.76200717284072,6.11753742005475,3.36160756181334,3.11173801674157,3.45858363615618,3.67669157711279,135.546667936401,5.63439349636325,0.92324990578665,2.81090851805649,5.16700217798038,2.0278565326711,1.75347318398793,1.60453963240481,1.5264808031993,135.546667936401,14.79,199,39,19,26.66,27.15,37.06,42.98,0,0.508658599543756,0.653450930206243,0.925669626666062,0.488168593677999,0.286035411824829,0.0229569495445037,0.565355534208604,0.726286943850402,1.02884812476163,0.542581637880963,1.11146363143315,0.317917957545302,0.0255158145073618,0.60100843274938,0.772088626426722,1.09373016020034,0.576798350931339,1.18155563139689,0.337966751620556,0.0271249130140027
"median",0.0125070426588733,4,0.050028170635493,0.2,"abrupt_coef",10.270559847961,11.5762173116906,6.75724150703982,10.0266189056382,4.22293323539504,4.03396017751424,4.50212986733151,4.44207242545086,251.298459845266,9.52814179573029,1.62061135522748,4.80614285225559,9.07608366356383,2.75660755406874,2.56963562301336,2.4454717725064,3.04878787325238,251.298459845266,14.84,199,39,19,29.31,29.27,41.11,27.85,0,0.402325072437515,0.596983276875866,0.955250758809801,0.392769258660724,0.348469631218863,0.0160524667759528,0.449017750619789,0.666267420313616,1.06611438456956,0.438352916878754,1.1160570925878,0.388912003473268,0.0179154693988322,0.443027950623812,0.657379556557661,1.05189264850769,0.432505383465803,1.10116913156741,0.38372400118689,0.0176764808991906
"median",0.0125070426588733,4,0.050028170635493,0.2,"gradual",7.26747371139988,11.0464099861876,5.21850194223197,7.0018092890297,3.86045893016484,3.66008921646015,4.39992290724998,4.61713945284722,118.376222616344,6.56707932250297,1.09080402972446,3.26740328744775,6.05127404695533,2.32709550018697,2.17325198517329,2.44732340734669,2.94369714508998,118.376222616344,14,199,39,19,30.65,29.72,39.03,33.45,0,0.522734776880413,0.70136779807247,0.948096918700768,0.503626068948673,0.331337440945675,0.0309191249354395,0.628397993379182,0.843139076301295,1.13974089268762,0.605426738640718,1.20213542540511,0.398312475523871,0.0371689754074184,0.65942090997555,0.884763386879656,1.19600791936157,0.635315604321307,1.26148276169964,0.417976470058643,0.0390039431128945
"median",0.0125070426588733,4,0.050028170635493,0.2,"none",0.275676115943538,9.95911503540322,1.9620581770804,0.970893491998752,0.390795502063313,0.199582562594632,0.346991004861615,0.325836801536919,0.439226054457424,0.0815668138778254,0.0035090789401089,0.0109595222961686,0.0203582499243848,0.0155842222971153,0.129543123704941,0.16488846374842,0.199265529829121,0.439226054457424,3.88,199,39,19,7.5,1.4,3.64,2.53,0,0.205565867151665,0.101721021795397,0.510708443523225,0.723974806129046,0.020040190507404,0.454396000804588,0.357393481078212,0.176850517948427,0.887909413055114,1.25869085058019,1.73858377380584,0.0348415500401503,0.790005513881121,0.335605093887412,0.166068878763714,0.833778279986779,1.18195513754138,1.63259153154937,0.0327174453130239,0.741843062883473
"median",0.0125070426588733,4,0.050028170635493,0.2,"variance",6.89059524483051,10.9714576522229,4.9772495934057,6.5989748653392,3.46071413796873,3.19376289494559,3.57240932551964,3.81090957461424,156.375573056346,6.15968367184596,1.01585169575974,3.02615093862147,5.64843962326484,2.12946451735826,1.83699890731101,1.72436870224452,1.62717992637497,156.375573056346,14.61,199,39,19,26.61,27.12,36.94,43.65,0,0.483978642155567,0.641672239860537,0.922862382623771,0.463495936340423,0.291097408948073,0.0204236686876587,0.541358225848615,0.71774767539339,1.03227518457114,0.518447129542218,1.11855809057501,0.325609361924289,0.0228450598498041,0.577500240928459,0.765665756377431,1.10119166815987,0.553059560053723,1.19323497077549,0.347347608258975,0.0243702357096468
"q75",0.080699258661979,0.1,0.0080699258661979,0.02,"abrupt_coef",10.7865950619954,3.45155384780573,3.56022224454858,10.1736198797525,2.56044481074831,2.72576596360172,2.70137512734832,2.73299627660452,212.777141743817,10.6609463162587,1.84563860043235,2.76129958379498,10.0202912882948,2.14718390714032,2.48423308242642,2.22347411755208,2.30448321310941,212.777141743817,15.57,199,99,19,51.21,29.93,59.22,53.1,0,0.267924887681967,0.765616800404926,1.06456735648408,0.25269938733544,0.789721407746423,0.0128104266335316,0.26552742871046,0.758765869598357,1.05504134125774,0.250438169952825,0.99105174964428,0.782654782878636,0.0126957957288512,0.268635579951606,0.767647660420439,1.06739120684494,0.253369692743331,1.00265258026527,0.791816207167672,0.0128444073184094
"q75",0.080699258661979,0.1,0.0080699258661979,0.02,"gradual",4.62476601719933,2.3703041531561,1.94860437658992,4.34086333682083,1.49760936389714,1.68544180068218,1.58437423161856,1.67118660056492,60.7636422370531,4.50000496330791,0.764388905782717,1.14968171583633,4.18753474536306,1.0961305520538,1.4676345015535,1.11615713286176,1.22782487347601,60.7636422370531,15.46,199,99,19,49.75,26.99,58.02,54.94,0,0.388273407823194,0.864948175694713,1.12542151599283,0.364438286048221,0.711065623556365,0.0277376690835431,0.364990581062368,0.813081531917339,1.05793558040772,0.34258473309273,0.940034969452689,0.668426551718665,0.0260743789096373,0.384989452763761,0.857632580857443,1.11590287884959,0.361355924678101,0.991542158197636,0.705051543001226,0.0275030682664682
"q75",0.080699258661979,0.1,0.0080699258661979,0.02,"none",0.116683681319991,1.6073775060994,0.803093969677869,0.171339294659058,0.173164797333175,0.120268637788479,0.36124595076023,0.286431175578046,0.468803946964647,0.0185533827870241,0.00146225872602181,0.00417130892427646,0.0180107032012978,0.00740852004147009,0.0994482290536886,0.00310264081836703,0.0424773166428837,0.468803946964647,12.16,199,99,19,20.54,2.58,44.38,30.23,0,0.701932607040303,0.149756619187068,0.69453283600753,1.03072371755788,0.0748228946418026,0.256543569155464,2.10836604340563,0.44981778521526,2.08613965611717,3.0959423517806,3.00365878755163,0.2247424450009,0.770569345883669,1.67171912402234,0.356659601980248,1.65409586699624,2.45476635925245,2.3815949099033,0.178197825023148,0.610982858469079
"q75",0.080699258661979,0.1,0.0080699258661979,0.02,"variance",5.7759271587561,2.53921690886999,2.1977599182411,5.22742649053478,1.71457956764841,1.7703596841768,1.72768416578625,1.72616445053252,111.223528574288,5.64616275082764,0.933301661496603,1.39883725748751,5.07409789907702,1.31737781651415,1.51994988454868,1.24857266711008,1.1234216875862,111.223528574288,16.08,199,99,19,49.22,31.03,59.37,74.69,0,0.338667542696652,0.805529152426093,1.03253282471159,0.306506580764786,0.697206953054141,0.015917132884292,0.330503770624903,0.786111418015549,1.00764303878636,0.299118066814112,0.97589443615782,0.680400386336082,0.0155334414213653,0.330213051041092,0.785419934272889,1.00675669015466,0.298854954899442,0.975036014410355,0.679801888725097,0.0155197778083401
"q75",0.080699258661979,0.1,0.0080699258661979,0.05,"abrupt_coef",11.8346484451378,3.52634197230827,3.67982365772368,10.8652115951561,2.77169311141766,2.86620577304572,2.85119475763501,2.95027630499416,266.647583638243,11.7029472550014,1.92042672493488,2.88090099697009,10.7118830036983,2.32502271472361,2.58722843585126,2.35909067831426,2.52450701629356,266.647583638243,16.32,199,99,19,55.35,34.57,60.98,52.76,0,0.263796590424759,0.778897588483559,1.03409925191167,0.242187656552088,0.812798587191352,0.0107490408648678,0.262415023643546,0.774818312733698,1.02868342309971,0.240919261003179,0.994762757247968,0.808541763681722,0.0106927455285069,0.27153417852529,0.801743936506779,1.0644310846828,0.249291419062496,1.02933164559888,0.836639307294116,0.0110643279220439
"q75",0.080699258661979,0.1,0.0080699258661979,0.05,"gradual",5.91892393873755,2.5887527874562,2.26735568107019,5.53714137053587,1.82145606185908,1.98654771954157,1.91145853931274,2.01370135810883,88.4975184548079,5.78827183896381,0.982837540082822,1.4684330203166,5.38381277907811,1.37115419852524,1.72548561777006,1.42298592663178,1.53216888167281,88.4975184548079,16.19,199,99,19,55.8,32.35,60.53,59.67,0,0.358767744329654,0.876151781622509,1.09063718919137,0.335626499022942,0.767376371033718,0.022447496316589,0.345206743227462,0.843034269070007,1.04941237910608,0.322940209926136,0.962201169652166,0.738370441772078,0.0215990072115846,0.363671653540237,0.888127687649945,1.10554484419105,0.340214096168693,1.01366875726174,0.77786545237777,0.0227543256948742
"q75",0.080699258661979,0.1,0.0080699258661979,0.05,"none",0.114510977981943,1.60803402572326,0.801846803591964,0.164017389000762,0.167708336320599,0.120576778185865,0.360602081548206,0.289061756317846,0.321322853096418,0.0165420779663009,0.00211877834987334,0.00292414283837157,0.0106887975430023,0.00356604420213321,0.10120895610699,0.00423415529690704,0.0434939122094442,0.321322853096418,12.14,199,99,19,20.34,2.4,44.16,30.43,0,0.735146309305683,0.150373834061229,0.718967111780092,1.05297134223129,0.0749839718917841,0.37525117502204,2.19856006576553,0.449714434144837,2.15017386409978,3.14906123328252,2.99064286650909,0.224250280640682,1.12224224972882,1.76238481833474,0.360494991091766,1.72359801939281,2.52431479856391,2.39732526168735,0.179760970037828,0.899599121358197
"q75",0.080699258661979,0.1,0.0080699258661979,0.05,"variance",5.95863074426122,2.56887213826492,2.25319311793958,5.48686900912284,1.78667372142968,1.81648982931113,1.78136840513466,1.80343687682271,131.276925188851,5.82547696746895,0.962956890891533,1.45427045718599,5.33354041766508,1.37744778075478,1.54429122984427,1.29547816873088,1.16970559855019,131.276925188851,16.5,199,99,19,50.71,33.73,60.21,78.53,0,0.331061271244294,0.806184705096298,1.0166880541891,0.304850209263361,0.707115703523506,0.0138370839101997,0.32466027568233,0.79059730431079,0.99703061827608,0.298955998716702,0.980665223878632,0.693443779703975,0.0135695469906234,0.328682327539476,0.800391614222512,1.00938232604643,0.302659613294482,0.992814189059696,0.702034503765066,0.0137376532412558
"q75",0.080699258661979,0.1,0.0080699258661979,0.1,"abrupt_coef",12.4012205516334,3.67204865079456,3.83985362893855,11.552214198122,2.92942311248986,3.04359761123228,3.01098971153788,3.11746945748203,303.688878779504,12.2670176844785,2.06613340342117,3.04093096818495,11.3988856066642,2.46693566109806,2.74904531711605,2.51218759374819,2.69073177767748,303.688878779504,16.63,199,99,19,57.31,36.5,61.81,52.88,0,0.263464437122977,0.792633757780402,1.03897507951501,0.245427262466629,0.828855470249203,0.0100220911067412,0.260641783462374,0.784141793542846,1.02784391189523,0.242797851953476,0.989286395949957,0.819975440926241,0.00991471839087012,0.269859042086393,0.811871951052414,1.06419227874267,0.251384083082969,1.02427122625446,0.848972808899869,0.0102653395475357
"q75",0.080699258661979,0.1,0.0080699258661979,0.1,"gradual",6.09193446811606,2.61696353315094,2.30983703327164,5.62261934095644,1.88918199274748,1.99562059391177,1.96503711214104,1.99261395099161,97.962849803923,5.96071747353168,1.01104828577755,1.51091437251805,5.46929074949868,1.42298237545722,1.71874143744252,1.46938226543917,1.49736260058305,97.962849803923,16.26,199,99,19,57.77,34.31,61.42,61.37,0,0.354927209703707,0.863965970397997,1.0563411050777,0.32758405468024,0.762571036482482,0.0203711978357723,0.349487844184519,0.850725433801611,1.04015236207246,0.322563731180243,0.984674701261339,0.750884407538938,0.0200590031432748,0.354392469089444,0.862664301545674,1.05474959990155,0.327090509824186,0.998493379488403,0.761422131317368,0.0203405061712672
"q75",0.080699258661979,0.1,0.0080699258661979,0.1,"none",0.10587226698987,1.60946677306532,0.804867929706655,0.166408056721546,0.171116667282121,0.11204188185611,0.362555547860537,0.281645130069295,0.308962391606085,0.0114541343553542,0.00355152569193504,0.00594526895306245,0.013079465263786,0.00826556330224767,0.094207345691813,0.00731741123050588,0.0351088948569493,0.308962391606085,11.7,199,99,19,20.18,2.21,44.02,30.55,0,0.673296017413341,0.139205300299324,0.654768957552136,1.05827413582096,0.0696142869993647,0.362639223737494,2.1787139096709,0.450453465070569,2.11876232525491,3.4244619310478,3.2358930594021,0.22526438813647,1.17346174715912,1.69249695969095,0.349927136706695,1.64592458784243,2.66023518790095,2.51374865722978,0.174992820468662,0.911583861728975
"q75",0.080699258661979,0.1,0.0080699258661979,0.1,"variance",5.60815138860235,2.52916515316003,2.18721626623371,5.32033076943814,1.7367263586811,1.73451665112761,1.71366124857454,1.76299375318025,135.546667936401,5.47394852144747,0.92324990578665,1.38829360548011,5.16700217798038,1.33653873497635,1.46490042793794,1.22890080179204,1.13797799484322,135.546667936401,16.63,199,99,19,49.59,33.41,60.07,77.45,0,0.326016694505404,0.793024758413295,0.998727659344582,0.309284919564179,0.685806005574782,0.0127964536313165,0.322096749776991,0.783489623330845,0.986719203061977,0.305566153591588,0.987976245405594,0.677560042464381,0.0126425922131748,0.331369200446617,0.806044550965256,1.01512465931541,0.314362725079649,1.01641788911863,0.697065492531203,0.0130065443881472
"q75",0.080699258661979,0.1,0.0080699258661979,0.2,"abrupt_coef",10.0224155249466,3.22652660260086,3.22159310404135,9.22941225502158,2.48122075752726,2.60357911736185,2.54676803038035,2.6606413118256,251.298459845266,9.88627587558387,1.62061135522748,2.42267044328776,9.07608366356383,2.02736812681229,2.319921223165,2.05321136440369,2.2601308910862,251.298459845266,16.87,199,99,19,56.24,35.15,61.16,49.63,0,0.282095874083995,0.808165101326971,1.04931377406198,0.259775611067145,0.806929381974766,0.0103605056671059,0.275940434776298,0.790530631315772,1.02641734825659,0.254107208391154,0.978179619508137,0.789321875830013,0.0101344354913615,0.288278520701899,0.825877516464738,1.07231140306804,0.265469068330189,1.02191682752532,0.824614714064621,0.0105875750828869
"q75",0.080699258661979,0.1,0.0080699258661979,0.2,"gradual",6.63380258984767,2.69671927709785,2.45049398202394,6.20460263841309,2.01044562141881,2.1480357713723,2.08576884044821,2.09779351803262,118.376222616344,6.50153650490069,1.09080402972446,1.65157132127035,6.05127404695533,1.52810615239616,1.84944851432297,1.58107567677619,1.58591812033968,118.376222616344,16.39,199,99,19,59.77,37,62.54,63.43,0,0.346200376809575,0.876572555219322,1.0684376381473,0.323801581714179,0.796536662015472,0.0181458381074893,0.336164773475594,0.851162604662065,1.03746593204359,0.314415271211154,0.971012153636387,0.773446779633983,0.0176198293402904,0.338102798887562,0.856069646945219,1.04344703267933,0.316227908446215,0.976610141223309,0.777905781980474,0.0177214095167705
"q75",0.080699258661979,0.1,0.0080699258661979,0.2,"none",0.121873483207034,1.60942432631349,0.805112314504055,0.173686841382145,0.174448130346068,0.129738956523918,0.362190347833348,0.286963017663829,0.439226054457424,0.0181749358263913,0.0035090789401089,0.0061896537504628,0.0203582499243848,0.0108707330382361,0.111097427773,0.00598382009937266,0.0340515410171869,0.439226054457424,12.85,199,99,19,20.27,2.31,44.14,31.34,0,0.746970556269525,0.161143922638714,0.743710788224232,1.06453802016573,0.0806120265505707,0.295380830001499,2.08530677943794,0.449863132520157,2.07620653265151,2.97185522479957,2.79168537760343,0.225043415780208,0.82461034393955,1.6521862875752,0.356426069374677,1.64497617196903,2.35459765416195,2.21184928068176,0.178301652940179,0.653337876365997
"q75",0.080699258661979,0.1,0.0080699258661979,0.2,"variance",6.33384871405275,2.62176694313312,2.33538369143017,5.8017682147226,1.83221890621285,1.85699202741838,1.80508882405727,1.87010774568524,156.375573056346,6.20053353874316,1.01585169575974,1.53646103067657,5.64843962326484,1.43453295952662,1.5899581805059,1.32057047505075,1.23710276074068,156.375573056346,16.52,199,99,19,49.28,33.09,60.04,78.44,0,0.320073460140319,0.795155003536562,1.01352083046492,0.293185409259669,0.708297902787347,0.011875205258236,0.311127359324123,0.772930302922453,0.985192772510107,0.28499083346471,0.972049851267662,0.688500871057638,0.0115432915050412,0.322334101686387,0.800771090655345,1.0206792099699,0.295256143636029,1.00706288345518,0.713300528326283,0.0119590784489813
"q75",0.080699258661979,0.25,0.0201748146654948,0.02,"abrupt_coef",11.2320758966624,5.86042671886581,4.96215945662849,10.4036127669392,3.15055089180884,3.08806528536468,3.79214263013477,3.41830171161828,212.777141743817,10.991390357703,1.84563860043235,3.63062168870584,10.0202912882948,2.42970476381071,2.48423308242642,3.05818287260407,2.53141685892313,212.777141743817,11.93,199,66,19,35.73,29.93,36.38,43.96,0,0.296826242435512,0.622322864139244,0.980166768101852,0.274932729601863,0.526935227331419,0.0145131439404459,0.364502477657139,0.764212166755182,1.20364430233265,0.337617254817662,1.22799950121098,0.647076196333478,0.0178221335198708,0.328568718213064,0.688873814212497,1.08498539747622,0.304333922158951,1.10693958700248,0.5832854629193,0.0160651735595448
"q75",0.080699258661979,0.25,0.0201748146654948,0.02,"gradual",4.74797452092413,4.77917702421617,2.84656089707871,4.57085622400747,2.03717719800188,2.0121527493752,3.22104780348282,2.28952212327226,60.7636422370531,4.51132394489787,0.764388905782717,1.51502312915605,4.18753474536306,1.35748769192136,1.4676345015535,2.5821114230266,1.37378728560545,60.7636422370531,11.73,199,66,19,33.69,26.99,31.67,45.39,0,0.440213529099164,0.706871492347198,0.987716115882695,0.423791817017495,0.421024946173701,0.0331144196643995,0.704692435208297,1.1315576655284,1.58113285709369,0.678404610068525,1.60079686021998,0.673975411909146,0.0530094590267773,0.500895677104658,0.804311661001839,1.12386989483187,0.482210280022025,1.13784707646235,0.479062004121465,0.0376791456038843
"q75",0.080699258661979,0.25,0.0201748146654948,0.02,"none",0.15336062608983,4.01625037715948,1.3359910731189,0.401332181845698,0.249703460682717,0.151499250890665,0.290215908944508,0.45136547548778,0.468803946964647,0.082345278467288,0.00146225872602181,0.00445330519624505,0.0180107032012978,0.014465121683048,0.0994482290536886,0.175219465351188,0.0730877005097537,0.468803946964647,3.52,199,66,19,11.66,2.58,5.7,18.75,0,0.377490910880685,0.113398400587353,0.606716664945089,0.987862756910798,0.0377215653068457,0.323161210291794,0.723131416000148,0.217228928234523,1.16224223785696,1.89237561389791,1.91562603272509,0.0722604124969334,0.619056027201908,1.12466803287985,0.337850667245896,1.807606006956,2.94316401149404,2.97932480084357,0.112384795045326,0.962802208492964
"q75",0.080699258661979,0.25,0.0201748146654948,0.02,"variance",5.86187072423105,4.94808977993006,3.17707565529528,5.45741937772142,2.31810691043048,2.14597438361898,2.73039086929756,2.58802030615136,111.223528574288,5.60403659280603,0.933301661496603,1.84553788737263,5.07409789907702,1.60936567123165,1.51994988454868,1.96031819351562,1.32608564882467,111.223528574288,12.78,199,66,19,35.13,31.03,38.17,62.55,0,0.393221454150911,0.675455864591153,0.925744353706474,0.366090363396829,0.433697543711365,0.0192942483584815,0.500308054104053,0.859403793153863,1.1778537292702,0.46578831191398,1.27233152927623,0.551807059033628,0.0245486805201822,0.474220529343287,0.814591966621214,1.11643699197237,0.441500747441143,1.20598844324829,0.523034225581078,0.023268640541491
"q75",0.080699258661979,0.25,0.0201748146654948,0.05,"abrupt_coef",11.7162408397747,5.93521484336834,5.18708160388329,11.0952044823427,3.43258941061922,3.28467177883742,3.82515203474502,3.55862586283046,266.647583638243,11.4317759529912,1.92042672493488,3.85554383596064,10.7118830036983,2.64799086827813,2.58722843585126,2.93967941907645,2.66286409168249,266.647583638243,14.1,199,66,19,38.89,34.57,43.89,44.4,0,0.29604427607123,0.633240814329653,0.956907857571256,0.280352019368405,0.553420872794102,0.0123184006921048,0.344757236410784,0.737438183328623,1.11436340825132,0.326482878515031,1.16454619892003,0.644484173815378,0.0143453467027646,0.32073549149038,0.686055499910838,1.03671760211732,0.30373444106317,1.0834037926584,0.59957827252145,0.0133458020293122
"q75",0.080699258661979,0.25,0.0201748146654948,0.05,"gradual",6.11151837254163,4.99762565851628,3.27636746978072,5.76713425772251,2.48267398946152,2.37814087219882,3.30443487535674,2.87542914751581,88.4975184548079,5.84601781154372,0.982837540082822,1.94482970185807,5.38381277907811,1.70412789152008,1.72548561777006,2.53436219957481,1.87657407342717,88.4975184548079,13.16,199,66,19,38.59,32.35,38.17,49.51,0,0.412360934551568,0.725846808739674,0.957894948065504,0.389124392210541,0.475854142485905,0.0268724017771554,0.57297692886756,1.00856662319929,1.33099830641616,0.540689673813826,1.38950342008187,0.66120095844429,0.0373392941751715,0.498588903781016,0.877627181333313,1.15819844237361,0.470493414604592,1.20910799739849,0.575359049274908,0.032491635898064
"q75",0.080699258661979,0.25,0.0201748146654948,0.05,"none",0.121263786907031,4.01690689678333,1.33560229754472,0.394010276187403,0.246658688259009,0.149628511304177,0.269914496033679,0.440872435360587,0.321322853096418,0.0550903948042087,0.00211877834987334,0.00406452962206296,0.0106887975430023,0.0100081122327551,0.10120895610699,0.165812452359726,0.0821642306080902,0.321322853096418,3.28,199,66,19,11.73,2.4,5.16,17.78,0,0.379757890459207,0.11203073817651,0.606621693970323,1.23390927432352,0.0372496836867186,0.465664081662064,0.685044305558417,0.202091967444106,1.09428335137439,2.22584584333172,1.80389749039857,0.0671946109206121,0.84001026827895,1.1189363882248,0.330092600298051,1.78737849646569,3.63564792594336,2.94644671338301,0.109754208073289,1.37205440295371
"q75",0.080699258661979,0.25,0.0201748146654948,0.05,"variance",6.02874304558201,4.97774500932499,3.28994270581778,5.71686189630948,2.42089896306522,2.22478772851141,2.55342858624547,2.60676747677049,131.276925188851,5.74064669215875,0.962956890891533,1.95840493789513,5.33354041766508,1.69299164993417,1.54429122984427,1.7145597924542,1.24597622758287,131.276925188851,14.28,199,66,19,36.08,33.73,41.58,67.45,0,0.389162405680575,0.67623904956679,0.918992391856988,0.369030113191137,0.446946905545309,0.0169472870065391,0.446648639158807,0.776131627377615,1.05474397122813,0.42354244772742,1.14771784899854,0.512968941049017,0.019450703789506,0.455978738694613,0.792344338447234,1.07677665055048,0.432389879127588,1.17169267133393,0.523684413702819,0.0198570119845547
"q75",0.080699258661979,0.25,0.0201748146654948,0.1,"abrupt_coef",13.4624802886435,6.08092152185463,5.48482265871136,11.7822070853086,3.60695011953137,3.48542605240661,3.77594705475724,3.71309653396578,303.688878779504,13.1667175056473,2.06613340342117,4.1532848907887,11.3988856066642,2.79773830329838,2.74904531711605,2.83479195061191,2.79937917776552,303.688878779504,14.66,199,66,19,40.11,36.5,46.65,45.29,0,0.295821150245494,0.635467410577228,0.96630835939019,0.258899250188452,0.573173990139505,0.0114769630893768,0.320478754737346,0.688435577540513,1.04685313897488,0.280479300529971,1.08335308165555,0.620949808542441,0.0124336033309234,0.315144395874325,0.676976588854408,1.02942830117324,0.27581073133292,1.06532070344799,0.610614118373512,0.0122266463918216
"q75",0.080699258661979,0.25,0.0201748146654948,0.1,"gradual",6.20480303777413,5.02583640421101,3.33092763640893,5.85261222814308,2.55458596509934,2.41093932861564,3.06322544552808,2.68785131452946,97.962849803923,5.92739933612358,1.01104828577755,1.99938986848628,5.46929074949868,1.74658463774627,1.71874143744252,2.22556714061674,1.63371724825736,97.962849803923,13.75,199,66,19,40.05,34.31,41.52,52.25,0,0.411942434358168,0.723804174627724,0.943769112315581,0.388560170876999,0.479709074214112,0.0246107512535746,0.52339456743745,0.919631339944251,1.19910838287604,0.493686169710709,1.27055268839427,0.609495653889866,0.0312692561686319,0.45925668910791,0.806937768671321,1.0521671031043,0.433188821331818,1.11485647217544,0.534806766148891,0.0274374553201475
"q75",0.080699258661979,0.25,0.0201748146654948,0.1,"none",0.122948366045838,4.01833964412539,1.33942494823692,0.396400943908186,0.242348267462507,0.138793686102556,0.235843998791981,0.448943398343257,0.308962391606085,0.0428543518238238,0.00355152569193504,0.00788718031427013,0.013079465263786,0.0105396469559722,0.094207345691813,0.129119229211514,0.0531135346062499,0.308962391606085,3.97,199,66,19,11.49,2.21,5.29,19.62,0,0.350134600422908,0.103621846289521,0.572703438550593,1.12887784170154,0.0345400584307167,0.449225180388663,0.594963262364498,0.176078547067845,0.973161480630216,1.91823613746971,1.6992415535222,0.0586919025465587,0.763342093404923,1.13254876216248,0.335176225390006,1.85247207683344,3.65147917602972,3.23460966381084,0.111723606788587,1.45306810971234
"q75",0.080699258661979,0.25,0.0201748146654948,0.1,"variance",5.93277900526592,4.93803802422011,3.2161073844559,5.55032365662478,2.36455124596497,2.13894098591212,2.2991146433006,2.5486032383171,135.546667936401,5.63439349636325,0.92324990578665,1.88456961653325,5.16700217798038,1.65157329568638,1.46490042793794,1.43966753855052,1.20314484827526,135.546667936401,14.79,199,66,19,35.34,33.41,42.6,66.69,0,0.385372298669306,0.665071382955077,0.90458643667045,0.360529354626829,0.433156037969136,0.015780107460227,0.414230734194467,0.71487496170454,0.972325995143462,0.38752743718583,1.07488456130554,0.465592737849302,0.0169617938847405,0.459181012854112,0.79244967087698,1.07783802218971,0.429580005601923,1.19152573871985,0.516116568122138,0.0188024041986256
"q75",0.080699258661979,0.25,0.0201748146654948,0.2,"abrupt_coef",9.82753604536623,5.63539947366093,4.5109567708786,9.45940514220823,3.13528272289964,3.02906595865714,3.22344735709901,3.26658256798738,251.298459845266,9.52814179573029,1.62061135522748,3.17941900295594,9.07608366356383,2.35350865461172,2.319921223165,2.28894994179329,2.40854770026389,251.298459845266,14.84,199,66,19,38.75,35.15,46.32,42.53,0,0.320217382924147,0.671490797298677,0.96612210966918,0.308222319885091,0.537506874679349,0.0120536590654883,0.34076639161123,0.714581744145418,1.02812015438207,0.328001580682972,1.06417205867912,0.571999797381703,0.0128271671823369,0.345326425803644,0.72414406386589,1.04187815157107,0.332390799983644,1.07841249169613,0.579654128026758,0.0129988165068689
"q75",0.080699258661979,0.25,0.0201748146654948,0.2,"gradual",6.8495267278199,5.10559214815792,3.51902919213239,6.43459552559974,2.72268113117558,2.59591665694628,3.18204790067949,2.87826855384291,118.376222616344,6.56707932250297,1.09080402972446,2.18749142420974,6.05127404695533,1.88603156699752,1.84944851432297,2.28003193698522,1.77349570276042,118.376222616344,14,199,66,19,41.47,37,44.71,54.76,0,0.403431209719173,0.737679773373308,0.953441307254893,0.378992120200474,0.50844575548066,0.0219293756767321,0.49452182161565,0.904240268251739,1.16871853418456,0.464564637401202,1.2257897002066,0.623247570181955,0.0268808028364993,0.447311496486742,0.817915509276807,1.05714493000513,0.420214223291165,1.10876770490343,0.563748233372182,0.0243145835390554
"q75",0.080699258661979,0.25,0.0201748146654948,0.2,"none",0.159845094779945,4.01829719737357,1.33885959811064,0.403679728568785,0.245292850528338,0.157701249650293,0.246166726238169,0.429158571212901,0.439226054457424,0.0815668138778254,0.0035090789401089,0.00732183018798754,0.0203582499243848,0.0134842300218031,0.111097427773,0.132582519671433,0.064397922060756,0.439226054457424,3.88,199,66,19,11.49,2.31,5.63,18.08,0,0.390659323442895,0.117787742548088,0.642910094242941,0.98658798299314,0.0392457904192278,0.359043476701539,0.609807004951508,0.183862988012747,1.0035625812491,1.54003303371342,1.56096877345011,0.0612614533337822,0.560455655442067,1.06311647784358,0.320540385129641,1.74957635450252,2.68484041880493,2.72133906462106,0.106801102589775,0.97707903904526
"q75",0.080699258661979,0.25,0.0201748146654948,0.2,"variance",6.45443771410884,5.03063981419319,3.34167985477282,6.03176110190924,2.46563842895537,2.25754279778712,2.43772281250989,2.66873318553134,156.375573056346,6.15968367184596,1.01585169575974,2.01014208685016,5.64843962326484,1.75205523423682,1.5899581805059,1.60147674462513,1.29845977345093,156.375573056346,14.61,199,66,19,35.37,33.09,41.45,67.92,0,0.374275897145949,0.675571238388602,0.915601724598192,0.349765990126812,0.448758583633397,0.0144366716211724,0.404147772321134,0.729490231994595,0.988678138644476,0.377681669648967,1.07981244692211,0.484575104270478,0.0155888977086691,0.442446764790901,0.798620245359432,1.08237004833755,0.413472606559936,1.18214068328949,0.53049577868841,0.0170661768546788
"q75",0.080699258661979,0.5,0.0403496293309895,0.02,"abrupt_coef",11.4727614356217,9.87521483729926,6.98526083049932,10.7869342455836,3.85197750777156,3.69189748830294,4.52610238766547,4.79492007763812,212.777141743817,10.991390357703,1.84563860043235,5.41162528659073,10.0202912882948,2.77464240463414,2.48423308242642,3.05818287260407,3.59976405685421,212.777141743817,11.93,199,39,19,26.7,29.93,36.38,29.62,0,0.342256419131736,0.528526790607908,0.958442119886304,0.321796762620722,0.37385490332407,0.0173510061186364,0.419591172488936,0.647950376871172,1.17500748084168,0.394508542085814,1.22595559654772,0.458329511026952,0.0212715630568761,0.444511848174217,0.686433934822068,1.24479441221142,0.417939491250153,1.29876847686857,0.48555096336005,0.0225349397888387
"q75",0.080699258661979,0.5,0.0403496293309895,0.02,"gradual",4.98462509695038,8.79396514264963,3.8536606525048,4.95417770265187,2.67511274522318,2.55667099719691,3.85998418393904,3.77957170496967,60.7636422370531,4.51132394489787,0.764388905782717,2.28002510859621,4.18753474536306,1.67565242669457,1.4676345015535,2.5821114230266,2.60701147661111,60.7636422370531,11.73,199,39,19,24.77,26.99,31.67,29.06,0,0.516063643786612,0.663439578037346,0.955724577127538,0.512911392024466,0.290730171853579,0.0420756706324934,0.779137208153207,1.00164091548386,1.44292392566692,0.77437803422781,1.50976961375596,0.438935579266582,0.0635245689993425,0.762905961759617,0.98077439758818,1.41286445280434,0.75824593253403,1.47831758920625,0.429791526764101,0.0622012039736637
"q75",0.080699258661979,0.5,0.0403496293309895,0.02,"none",0.224375973712371,8.03103849559293,1.58298175450544,0.784653660490099,0.327103458338781,0.203550272727642,0.405212352537829,0.380910725722766,0.468803946964647,0.082345278467288,0.00146225872602181,0.00934621059685108,0.0180107032012978,0.0220602605965006,0.0994482290536886,0.175219465351188,0.161812238455493,0.468803946964647,3.52,199,39,19,7.56,2.58,5.7,5.43,0,0.259414163186983,0.128586619617252,0.622281017025581,0.907183908151297,0.0253454485169434,0.434190612185677,0.516421923380477,0.255980431476562,1.23878957011255,1.80595250834331,1.99072370234561,0.0504557851092596,0.864353543013976,0.48545077261839,0.240628626728405,1.16449617395441,1.69764489227825,1.87133488262352,0.0474298219254947,0.812516038290716
"q75",0.080699258661979,0.5,0.0403496293309895,0.02,"variance",6.11970485565607,8.96287789836352,4.35228437982019,5.84074085636582,3.0198792336412,2.77199888268928,3.50046354507949,3.47217616095585,111.223528574288,5.60403659280603,0.933301661496603,2.7786488359116,5.07409789907702,1.97442033767526,1.51994988454868,1.96031819351562,1.59753238223808,111.223528574288,12.78,199,39,19,25.91,31.03,38.17,46.46,0,0.474597136023948,0.636906654248498,0.917917131191687,0.452962838579918,0.309275537848776,0.0249227741487972,0.599318413735877,0.804281898790839,1.15914024179663,0.571998752822896,1.2627939956756,0.390551292204775,0.0314723295506802,0.594475297970381,0.797782465009627,1.14977318373401,0.567376408315955,1.25258930753511,0.387395231791545,0.0312180004128957
"q75",0.080699258661979,0.5,0.0403496293309895,0.05,"abrupt_coef",12.0007057265582,9.9500029618018,7.23266000687623,11.4785259609871,4.22914946211748,3.98211512182357,4.71062465041358,4.45414057202887,266.647583638243,11.4317759529912,1.92042672493488,5.65902446296764,10.7118830036983,3.05497524858569,2.58722843585126,2.93967941907645,3.10000701168087,266.647583638243,14.1,199,39,19,29.1,34.57,43.89,33.56,0,0.346918684102634,0.550574078974775,0.941587701615486,0.331823412102418,0.400212455926995,0.0149340004041666,0.410385851495559,0.651299058152201,1.11384681307882,0.39252896935792,1.18294537106612,0.473429472181841,0.0176661066496084,0.388041163749377,0.615837128773402,1.05320008477514,0.371156553082677,1.11853636466169,0.447652185544907,0.0167042225219327
"q75",0.080699258661979,0.5,0.0403496293309895,0.05,"gradual",6.37701893353954,9.01241377694973,4.52224806877388,6.15045573636692,3.20827479600341,3.03079612662757,4.07450755113868,4.12788963330993,88.4975184548079,5.84601781154372,0.982837540082822,2.94861252486529,5.38381277907811,2.07767818214909,1.72548561777006,2.53436219957481,2.68054842920734,88.4975184548079,13.16,199,39,19,28.02,32.35,38.17,35.87,0,0.49277586191001,0.670196787203077,0.94468096386353,0.4752684848852,0.336291275748921,0.0342472442114327,0.662472461519656,0.900991606204257,1.26999955122745,0.638936091236777,1.34436873379288,0.452099476564169,0.0460409243364193,0.671151831709349,0.912795930372109,1.28663842587676,0.647307100124722,1.36198195485459,0.458022649145057,0.0466441286194695
"q75",0.080699258661979,0.5,0.0403496293309895,0.05,"none",0.187437179009854,8.03169501521679,1.58063053133599,0.777331754831803,0.308537282105435,0.198048066501365,0.374016539707632,0.397766245401078,0.321322853096418,0.0550903948042087,0.00211877834987334,0.00699498742739577,0.0106887975430023,0.0135814916959015,0.10120895610699,0.165812452359726,0.185930691413383,0.321322853096418,3.28,199,39,19,7.31,2.4,5.16,5.25,0,0.254779333624699,0.125296875250138,0.64189346956679,1.05661036699103,0.0246583151036169,0.616352259395437,0.481154330030633,0.236624898920246,1.21222478254612,1.99542343564597,1.88851396691144,0.0465675724736838,1.1639898504057,0.511707186704531,0.251650362001344,1.28919993942629,2.12213098544428,2.00843286393981,0.0495245704234876,1.23790213353335
"q75",0.080699258661979,0.5,0.0403496293309895,0.05,"variance",6.31683939900528,8.99253312775845,4.46933807989062,6.10018337495388,3.16326537684996,2.90528422717855,3.39229738003674,3.58146015520544,131.276925188851,5.74064669215875,0.962956890891533,2.89570253598203,5.33354041766508,2.07422888120656,1.54429122984427,1.7145597924542,1.54985631839012,131.276925188851,14.28,199,39,19,26.99,33.73,41.58,50.35,0,0.476261785687797,0.650047988146301,0.91844467063705,0.459926878564627,0.323077400539168,0.0221309588337715,0.556097607485838,0.759015612468449,1.07240366390469,0.53702447786957,1.16763012317427,0.37723490498637,0.0258407741890412,0.587106966310257,0.801340174134486,1.13220350762095,0.566970272470346,1.23274002650114,0.398270443302574,0.0272817187792392
"q75",0.080699258661979,0.5,0.0403496293309895,0.1,"abrupt_coef",13.7582430716396,10.0957096402881,8.11658924765485,12.165528563953,4.44366478761122,4.22180678769717,4.71710215890257,4.64397069693269,303.688878779504,13.1667175056473,2.06613340342117,6.54295370374625,11.3988856066642,3.23882485578788,2.74904531711605,2.83479195061191,3.25513645536003,303.688878779504,14.66,199,39,19,29.86,36.5,46.65,34.42,0,0.347030280312404,0.520145427947705,0.95007319171946,0.306856534349196,0.418178309214596,0.0139017497271029,0.387743297309707,0.581168026984426,1.06153420304198,0.342856434091219,1.11731834167512,0.467238294976158,0.0155326799514692,0.381731929896821,0.57215790466106,1.0450767370842,0.337540968912337,1.09999602787739,0.459994479080538,0.0152918694803588
"q75",0.080699258661979,0.5,0.0403496293309895,0.1,"gradual",6.48220673942468,9.04062452264447,4.56011913825399,6.23593370678748,3.3430410973464,3.10313721978877,3.90088375043942,3.95529683637745,97.962849803923,5.92739933612358,1.01104828577755,2.98648359434539,5.46929074949868,2.14990255802904,1.71874143744252,2.22556714061674,2.47890389915654,97.962849803923,13.75,199,39,19,29.57,34.31,41.52,36.59,0,0.497621906469462,0.680494769041697,0.928237831790922,0.478716175606608,0.343243678798539,0.0316766736165785,0.625549265572455,0.855434613037988,1.16686682480087,0.6017832980726,1.25707742653577,0.431483880418737,0.0398200313511419,0.634274997515179,0.867366995567551,1.18314334798846,0.610177520615224,1.27461228950961,0.437502611293107,0.0403754774824758
"q75",0.080699258661979,0.5,0.0403496293309895,0.1,"none",0.203042380267852,8.03312776255885,1.58198210686411,0.779722422552587,0.311505819447144,0.1833800265133,0.342568768372448,0.320743048106253,0.308962391606085,0.0428543518238238,0.00355152569193504,0.00834656295552031,0.013079465263786,0.0141290512777513,0.094207345691813,0.129119229211514,0.0943816275594014,0.308962391606085,3.97,199,39,19,7.37,2.21,5.29,5.61,0,0.23518629349271,0.115917889157928,0.588688926706923,0.903161331498311,0.0228279733540409,0.593535108140611,0.439347078478232,0.216544022139104,1.09971867935063,1.68717864674623,1.86808113667495,0.0426445064112023,1.1087717394718,0.411355424480717,0.202747582741025,1.0296534706013,1.57968522474535,1.74906206638044,0.0399275422458965,1.03812974271376
"q75",0.080699258661979,0.5,0.0403496293309895,0.1,"variance",6.23116451416859,8.95282614265356,4.38454406196508,5.93364513526918,3.10357765063528,2.8129815438863,3.15856174805068,3.41378617213686,135.546667936401,5.63439349636325,0.92324990578665,2.81090851805649,5.16700217798038,2.0278565326711,1.46490042793794,1.43966753855052,1.38258583161485,135.546667936401,14.79,199,39,19,26.66,33.41,42.6,50.34,0,0.47407310005213,0.641567630324045,0.906367380017221,0.45143753426668,0.314200398741637,0.0207528638417446,0.532313894081128,0.720385450211455,1.01771635950663,0.506897505413098,1.12285192731373,0.352800523289789,0.0233023931619822,0.57532698607902,0.778595476266432,1.09995191241246,0.547856851536258,1.21358285466051,0.381308216840346,0.0251853197434452
"q75",0.080699258661979,0.5,0.0403496293309895,0.2,"abrupt_coef",10.1269302950022,9.65018759209439,6.37977839616418,9.84272662085263,3.93925518976004,3.73821069414928,4.15794477240473,4.0715812338067,251.298459845266,9.52814179573029,1.62061135522748,4.80614285225559,9.07608366356383,2.75660755406874,2.319921223165,2.28894994179329,2.76949869529567,251.298459845266,14.84,199,39,19,29.31,35.15,46.32,32.27,0,0.379794221474116,0.585946793449262,0.948963830489232,0.369135620099425,0.387371816192639,0.0148755813961257,0.422438307246671,0.651738119133523,1.05551546475414,0.410582935922522,1.11228208161524,0.430866730073827,0.0165458426405197,0.413663956203022,0.638201044138888,1.03359164046814,0.402054829568255,1.0891791733888,0.421917314554819,0.0162021734487101
"q75",0.080699258661979,0.5,0.0403496293309895,0.2,"gradual",7.13197413313682,9.12038026659137,4.84103883135634,6.81791700424414,3.5638116391818,3.34238479956959,4.08406386437376,4.13001221651054,118.376222616344,6.56707932250297,1.09080402972446,3.26740328744775,6.05127404695533,2.32709550018697,1.84944851432297,2.28003193698522,2.51683403585758,118.376222616344,14,199,39,19,30.65,37,44.71,39.98,0,0.490235477711002,0.690427182265161,0.937867973386199,0.468647913912094,0.366474280882014,0.0282352716254701,0.599019298978184,0.843633775032024,1.14598196477954,0.572641429726763,1.2219011601835,0.447795348987146,0.034500711157258,0.605758652377202,0.853125199029527,1.15887500088493,0.579084015086585,1.23564833619468,0.452833335430002,0.0348888664060169
"q75",0.080699258661979,0.5,0.0403496293309895,0.2,"none",0.238123375682065,8.03308531580702,1.58459506620476,0.787001207213186,0.318206442279537,0.204305071527586,0.359750932804904,0.362745800790292,0.439226054457424,0.0815668138778254,0.0035090789401089,0.0109595222961686,0.0203582499243848,0.0155842222971153,0.111097427773,0.132582519671433,0.117016558164566,0.439226054457424,3.88,199,39,19,7.5,2.31,5.63,6.09,0,0.259599438546024,0.128932038149604,0.642051964957105,0.857979906182618,0.0254329517857313,0.465147887868274,0.457116113047402,0.227030198741271,1.13055829488478,1.51077537757248,1.76085170140443,0.0447836564236418,0.819056449757527,0.460921530317336,0.228920188208776,1.13997000875183,1.52335233679292,1.77551050533424,0.0451564730772251,0.825874961444152
"q75",0.080699258661979,0.5,0.0403496293309895,0.2,"variance",6.74919175637172,9.04542793262665,4.59978648253006,6.41508258055364,3.20316815385589,2.92512741506834,3.27396888039464,3.57772752624739,156.375573056346,6.15968367184596,1.01585169575974,3.02615093862147,5.64843962326484,2.12946451735826,1.5899581805059,1.60147674462513,1.49366917130178,156.375573056346,14.61,199,39,19,26.61,33.09,41.45,51.65,0,0.455976579932958,0.635926781857797,0.913198207077312,0.433404105359254,0.323381871687626,0.0187057822260664,0.51035490802865,0.71176540320494,1.0221033436704,0.485090511364384,1.11925684451532,0.36194737327855,0.0209365747885378,0.557705607265717,0.777802956688437,1.11693403355694,0.530097181320972,1.22310143066496,0.395528829912249,0.022879069002409
"q75",0.080699258661979,1,0.080699258661979,0.02,"abrupt_coef",12.0507702725969,17.9047910741662,8.55889637440791,11.5535772028724,4.89467003840465,4.72497997802204,5.85565660874474,5.99007609842203,212.777141743817,11.1057819536652,1.84563860043235,5.41162528659073,10.0202912882948,3.31215757604325,3.14892345635359,3.96487297829457,3.59976405685421,212.777141743817,11.71,199,39,19,19.61,19.53,23.43,29.62,0,0.408962513951726,0.552054817739151,0.965331665045613,0.392089457448748,0.263894728424921,0.0222062385992143,0.506826284701585,0.684160241296276,1.19633326920915,0.485915545337406,1.239297655436,0.327044118218924,0.0275201394320586,0.518460732398344,0.699865477555383,1.2237956902963,0.497069976683837,1.26774634522993,0.334551577486139,0.0281518778254577
"q75",0.080699258661979,1,0.080699258661979,0.02,"gradual",5.46201590948818,16.8235413795165,5.42729619641339,5.72082065994067,3.54510317344912,3.45926587596005,5.49706916780356,4.95213193332822,60.7636422370531,4.55334225695429,0.764388905782717,2.28002510859621,4.18753474536306,2.12479622099829,2.11400923406486,4.17198734057386,2.60701147661111,60.7636422370531,11.26,199,39,19,17.6,16.67,16.42,29.06,0,0.60468000687089,0.63738291605424,0.975787080575836,0.633331343826899,0.205620552648438,0.0569298637903346,0.960888217716052,1.01285593578553,1.55060907929946,1.00641764119626,1.58908547793481,0.326748634178562,0.0904664198100273,0.865633136868791,0.912449174342248,1.3968935997172,0.906649122849638,1.43155574358789,0.294357283143588,0.0814982734907299
"q75",0.080699258661979,1,0.080699258661979,0.02,"none",0.367124471968759,16.0606147324598,3.15661729841403,1.5512966177789,0.415562778381949,0.244403602243861,0.375117724796638,0.600009212990039,0.468803946964647,0.0854840592384527,0.00146225872602181,0.00934621059685108,0.0180107032012978,0.0346622774974081,0.179844195314278,0.272629666295924,0.161812238455493,0.468803946964647,3.49,199,39,19,4.72,0.8,1.27,5.43,0,0.157547950174603,0.0774257944942061,0.588126788437309,0.665724082443239,0.0152175745645589,0.521334352720993,0.241809155320483,0.118835351052884,0.902674022580199,1.021772596049,1.5348289524078,0.0233563740271095,0.80015905844096,0.38677916661039,0.190079808943422,1.44384734197383,1.63434818107439,2.4549933285818,0.0373590440331882,1.27987235789055
"q75",0.080699258661979,1,0.080699258661979,0.02,"variance",6.5688870869374,16.9924541352304,5.92591992372878,6.60738381365463,4.02234192627533,3.7789058878385,4.82427998531412,5.34681993967362,111.223528574288,5.55449740555632,0.933301661496603,2.7786488359116,5.07409789907702,2.48986300428435,2.18267455150456,2.92058447347804,1.59753238223808,111.223528574288,12.57,199,39,19,18.99,19.78,23.59,46.46,0,0.571921655289515,0.637691014471335,0.93947902915796,0.57527338159809,0.222387293663704,0.0339757777538455,0.730134667724979,0.814098072097898,1.19937093209313,0.73441359570748,1.27663406512449,0.283907194741927,0.0433746352696579,0.809218911821657,0.902276778709697,1.3292803142235,0.81396131017476,1.41491217256325,0.314658488828172,0.0480727415162196
"q75",0.080699258661979,1,0.080699258661979,0.05,"abrupt_coef",12.5481802542514,17.9795791986687,8.80629555078482,12.2451689182759,5.36354561036203,5.11281243297053,5.87938775402715,5.80827413237688,266.647583638243,11.4361444698893,1.92042672493488,5.65902446296764,10.7118830036983,3.64384440827525,3.27771129099712,3.57784489698751,3.10000701168087,266.647583638243,13.78,199,39,19,21.31,22.74,28.52,33.56,0,0.417537109295377,0.580586059539515,0.953252345443451,0.407454493749265,0.284367747235658,0.0191744187710585,0.480139375231661,0.667634616635502,1.09617558628914,0.46854505074831,1.14993222049635,0.327003635016246,0.0220492819541302,0.474331891306786,0.659559300375655,1.08291689011755,0.462877804963713,1.13602331564553,0.323048391077304,0.0217825867878738
"q75",0.080699258661979,1,0.080699258661979,0.05,"gradual",6.8753847331332,17.0419900138166,6.09588361268247,6.91709869365572,4.27108069303243,4.08335639381675,6.08089057319106,5.57523083741252,88.4975184548079,5.85292512588593,0.982837540082822,2.94861252486529,5.38381277907811,2.63772769771398,2.42337264313984,4.28613906054865,2.68054842920734,88.4975184548079,12.67,199,39,19,20.24,20.57,22.24,35.87,0,0.590327906924613,0.669854717258928,0.956047587786875,0.593909512312617,0.239605608881721,0.0461409140630532,0.879109991414231,0.997540464936007,1.42373582009608,0.88444367976771,1.4891892812489,0.356818104473775,0.0687125546497253,0.806007125867101,0.914589449479197,1.30534429998188,0.810897288488439,1.36535494326551,0.3271467025208,0.0629987251027787
"q75",0.080699258661979,1,0.080699258661979,0.05,"none",0.28970938837212,16.0612712520837,3.15426607524458,1.5439747121206,0.39089586644358,0.22179807340398,0.360987561279129,0.609601799388773,0.321322853096418,0.0685934196382975,0.00211877834987334,0.00699498742739577,0.0106887975430023,0.0237142395315758,0.166922577513834,0.273025369337571,0.185930691413383,0.321322853096418,2.74,199,39,19,4.55,0.68,1.09,5.25,0,0.143653954733071,0.0703168560016873,0.567409615818982,0.765588145590538,0.0138094967654074,0.690265479926591,0.233804063269484,0.114444232879478,0.923487793727365,1.24603335538251,1.62755048201718,0.0224756531169534,1.12344191457434,0.394826284785133,0.19326264330491,1.55949922145508,2.10418379195142,2.74845398804908,0.0379547664578348,1.89716291111685
"q75",0.080699258661979,1,0.080699258661979,0.05,"variance",6.8846094169755,17.0221093646254,6.04297362379921,6.86682633224268,4.23037817338,3.91179179291963,4.45139997018052,5.61306399202076,131.276925188851,5.75159182536131,0.962956890891533,2.89570253598203,5.33354041766508,2.62446292600662,2.15577592443496,2.30722066753174,1.54985631839012,131.276925188851,14.04,199,39,19,19.9,21.76,26.57,50.35,0,0.569665170437192,0.647328953665081,0.924690803657907,0.568193713832807,0.229806524510349,0.0297980150532339,0.648247058365128,0.736624093914534,1.0522463448283,0.646572623162126,1.13794399237648,0.261506953975471,0.0339084722145715,0.817417496881351,0.928857933437716,1.3268468590684,0.81530609102973,1.43490867846813,0.329751376388498,0.0427574304010091
"q75",0.080699258661979,1,0.080699258661979,0.1,"abrupt_coef",14.2692482877618,18.125285877155,9.69022479156344,12.9321715212418,5.66384115967576,5.39527601387781,6.01114260625189,6.03280493850535,303.688878779504,13.1071789630293,2.06613340342117,6.54295370374625,11.3988856066642,3.87473859513968,3.43105605804524,3.47799287685237,3.25513645536003,303.688878779504,14.4,199,39,19,22.17,24.34,31.39,34.42,0,0.417197993779758,0.556775114089725,0.952582507484493,0.378105132455025,0.297665705823597,0.0177658004322084,0.464820822734855,0.620330563588715,1.06131906541602,0.421265541465658,1.11414922810065,0.331644016375394,0.0197937528381351,0.466495895804979,0.622566046533582,1.0651437369848,0.422783654530663,1.1181642835302,0.332839160683753,0.0198650835116208
"q75",0.080699258661979,1,0.080699258661979,0.1,"gradual",7.00618640291433,17.0702007595114,6.13375468216258,7.00257666407628,4.44452729155658,4.17214490294507,5.83065271500404,5.43168977359836,97.962849803923,5.91432543321776,1.01104828577755,2.98648359434539,5.46929074949868,2.74338691896206,2.41935700480689,3.92130825506161,2.47890389915654,97.962849803923,13.53,199,39,19,21.08,21.72,23.66,36.59,0,0.595801388987067,0.680194288675741,0.938715104949639,0.59549441921922,0.244411003814374,0.0425890519854802,0.832643895912729,0.95058459575503,1.31187240678682,0.832214899760401,1.39751922587546,0.341569076846108,0.059519018961518,0.775670161736795,0.885540758484216,1.22210741824381,0.77527051968514,1.30189384596019,0.318197181750886,0.0554464246851753
"q75",0.080699258661979,1,0.080699258661979,0.1,"none",0.329091222051197,16.0627039994258,3.1556176507727,1.54636537984139,0.391049404294191,0.206110633109952,0.282204978214302,0.547104468653104,0.308962391606085,0.0506787796673695,0.00355152569193504,0.00834656295552031,0.013079465263786,0.019832814449087,0.143972203940229,0.195856771445984,0.0943816275594014,0.308962391606085,3.45,199,39,19,4.6,0.77,1.07,5.61,0,0.133287149206026,0.0653154646474623,0.527070571765641,0.626302433183367,0.0128316274219659,0.667105896088269,0.182495664927036,0.0894293952707482,0.721660677948498,0.857528123829444,1.36919174889806,0.0175689583910897,0.913395888565305,0.353800256902557,0.173374765006507,1.39906738802116,1.66247056133266,2.654421367777,0.0340605460122195,1.77078014514673
"q75",0.080699258661979,1,0.080699258661979,0.1,"variance",6.86304126085081,16.9824023795205,5.95817960587367,6.70028809255798,4.16264403587272,3.84759361231628,4.17638651498597,5.44498651265887,135.546667936401,5.69128802507887,0.92324990578665,2.81090851805649,5.16700217798038,2.56560570695216,2.09157774383161,1.99831352369915,1.38258583161485,135.546667936401,14.52,199,39,19,19.79,21.76,26.99,50.34,0,0.574243011519132,0.64576663793808,0.92431482950706,0.560625161073167,0.226563564231418,0.0283857483986369,0.623314469063604,0.700950087316739,1.00330138224523,0.608532916567112,1.08545416584985,0.245924364624782,0.0308114288500661,0.812649611097562,0.913867468394392,1.30805960484135,0.793378082063849,1.41516674090249,0.320625220800628,0.0401705670493771
"q75",0.080699258661979,1,0.080699258661979,0.2,"abrupt_coef",10.6621364384706,17.6797638289613,7.95341394007277,10.6093695781414,5.09957827284008,4.88509563051597,5.35506937138652,5.37366377231773,251.298459845266,9.48069929165921,1.62061135522748,4.80614285225559,9.07608366356383,3.36777218195401,2.98301410385312,2.89454897478278,2.76949869529567,251.298459845266,14.64,199,39,19,21.46,23.57,30.49,32.27,0,0.460451075300531,0.614213678217189,0.957941102018881,0.458172305213598,0.276310004917241,0.0194394173108896,0.504749064677661,0.673304496878421,1.05010043671791,0.502251064061104,1.09620563780466,0.302892585172114,0.0213095988518348,0.506501704247266,0.67564241127233,1.05374669920009,0.503995029826175,1.10001199132107,0.30394431873095,0.021383592146273
"q75",0.080699258661979,1,0.080699258661979,0.2,"gradual",7.68468572071959,17.1499565034583,6.41467437526493,7.58455996153294,4.74534819198195,4.46887325166352,5.74900529691145,5.7431903971635,118.376222616344,6.58233384739696,1.09080402972446,3.26740328744775,6.05127404695533,2.95866660520574,2.5635637546542,3.5491435057859,2.51683403585758,118.376222616344,13.66,199,39,19,22.14,23.61,27.26,39.98,0,0.589206661207581,0.69666408460195,0.941737691496363,0.581529735121693,0.260576360690033,0.0377514432619386,0.757987981645477,0.896227144292732,1.21150336378379,0.748111960052039,1.28645521435888,0.335219817948352,0.0485655410338942,0.75722130569098,0.895320644693879,1.21027797430493,0.747355273316982,1.28515401393978,0.334880755878616,0.0485164188401003
"q75",0.080699258661979,1,0.080699258661979,0.2,"none",0.360726954681772,16.0626615526739,3.15823061011335,1.55364416450199,0.412820964510855,0.232472201813876,0.338746381505391,0.608475043416018,0.439226054457424,0.0903844381641421,0.0035090789401089,0.0109595222961686,0.0203582499243848,0.0311134710396942,0.171947757817392,0.253205167323693,0.117016558164566,0.439226054457424,3.35,199,39,19,4.73,0.75,1.06,6.09,0,0.149630273859004,0.073608368264638,0.56313080438957,0.644454756698067,0.0144728319806487,0.529276893878822,0.218033439860391,0.107258279500126,0.820564871037415,0.939065897651669,1.45714790354419,0.0210890567789496,0.771234716309907,0.391643760726294,0.192663272107979,1.47394414461725,1.68680226281622,2.61740990392985,0.0378813337640627,1.38533458395966
"q75",0.080699258661979,1,0.080699258661979,0.2,"variance",7.29447870186555,17.0750041694936,6.17342202643866,7.18172553784244,4.29149682922715,3.99587660558934,4.30339047157453,5.661785881193,156.375573056346,6.14209328817249,1.01585169575974,3.02615093862147,5.64843962326484,2.69526549289321,2.22210690019904,2.15436921340603,1.49366917130178,156.375573056346,14.28,199,39,19,19.78,21.98,26.63,51.65,0,0.556395059172617,0.647270928259296,0.93111489174954,0.547794677166909,0.234019070562128,0.0255530740990444,0.599213997931111,0.697083473824497,1.00277144381568,0.589951749461403,1.07695779833518,0.252028663001033,0.0275195824224024,0.788360102507334,0.917122765452533,1.3193032889209,0.776174160292634,1.41690708698898,0.331583279570053,0.0362063317852905
"q75",0.080699258661979,2,0.161398517323958,0.02,"abrupt_coef",12.9957585915287,33.9639435479,13.08686311745,13.08686311745,6.40068722455881,6.20701463955892,8.10851646295355,7.67645998173138,212.777141743817,11.1057819536652,1.84563860043235,10.0202912882948,10.0202912882948,4.10398632303888,3.67305791757277,5.90219873113504,5.0392082086579,212.777141743817,11.71,199,19,19,14.23,15.7,13.67,16.34,0,0.474293540312384,0.474293540312384,0.96974190767254,0.477618493437156,0.18275306078062,0.0291714353745392,0.619592058859519,0.619592058859519,1.26681966771349,0.623935602207868,1.30634724321027,0.238738957139001,0.0381080241820157,0.586577540609835,0.586577540609835,1.19931809076337,0.590689641367706,1.23673946776399,0.226017923122064,0.0360774654590192
"q75",0.080699258661979,2,0.161398517323958,0.02,"gradual",6.37068956202206,32.8826938532504,7.25410657451827,7.25410657451827,4.76000105724286,4.67882370932933,7.43144974167178,6.73016022698573,60.7636422370531,4.55334225695429,0.764388905782717,4.18753474536306,4.18753474536306,2.7473615462131,2.66941216864606,6.02405467060686,4.78046613771232,60.7636422370531,11.26,199,19,19,12.47,12.45,8.72,12.08,0,0.644989656722826,0.644989656722826,0.982945939100159,0.734429713420893,0.142288333498773,0.0770003827465798,1.02444727897664,1.02444727897664,1.56122859056176,1.16650633645269,1.58831582537591,0.225998811862465,0.122300926476395,0.927772449694492,0.927772449694492,1.41389889330908,1.05642570736873,1.43842996554158,0.204671802651609,0.110759657900851
"q75",0.080699258661979,2,0.161398517323958,0.02,"none",0.648764884699066,32.1197672061937,3.0845825323565,3.0845825323565,0.521579353252553,0.311631240240184,0.410300984988274,0.377630024852747,0.468803946964647,0.0854840592384527,0.00146225872602181,0.0180107032012978,0.0180107032012978,0.0535236530130749,0.247071833310601,0.390933162909399,0.322754528962602,0.468803946964647,3.49,199,19,19,2.9,0.4,0.12,0.34,0,0.101028660109188,0.101028660109188,0.597476181326697,0.480345418794878,0.00970216372490059,0.664736810041585,0.13301669859189,0.13301669859189,0.786651124952799,0.632434021423023,1.31662340615159,0.012774095850519,0.875208043031292,0.122425002700204,0.122425002700204,0.724012602296962,0.582075315355444,1.21178487933911,0.0117569352987069,0.805518015148505
"q75",0.080699258661979,2,0.161398517323958,0.02,"variance",7.58327676831847,33.0516066089643,8.14066972823222,8.14066972823222,5.4472614176076,5.19260858745922,6.54066981051704,6.40769009000353,111.223528574288,5.55449740555632,0.933301661496603,5.07409789907702,5.07409789907702,3.26031150786797,2.70707142067026,4.37308772285629,2.88274647164829,111.223528574288,12.57,199,19,19,13.55,15.4,13.43,21.84,0,0.637860122177787,0.637860122177787,0.953251219167627,0.684744701545508,0.157106087122884,0.0466862421469661,0.803455984442373,0.803455984442373,1.20072625656906,0.862512342664685,1.25961156138623,0.197892643704136,0.0588065303659955,0.787120753441374,0.787120753441374,1.17631404090346,0.844976424541654,1.23400213632102,0.193869247138674,0.0576109225461564
"q75",0.080699258661979,2,0.161398517323958,0.05,"abrupt_coef",13.6602160386134,34.0387316724025,13.7784548328535,13.7784548328535,7.00573016178452,6.76248150516976,7.62755474274513,7.41766054547614,266.647583638243,11.4361444698893,1.92042672493488,10.7118830036983,10.7118830036983,4.51373705430261,3.85892217851175,4.9063757406632,4.37368450874629,266.647583638243,13.78,199,19,19,15.44,17.99,16.86,18.86,0,0.490801152030866,0.490801152030866,0.965278614648669,0.49504938179998,0.198670196359066,0.0253611205205756,0.553585640427393,0.553585640427393,1.08875942501363,0.558377314178946,1.12792245522802,0.22408457565795,0.0286053773249013,0.538352132765234,0.538352132765234,1.05879906507656,0.543011949775068,1.09688441141104,0.217918241398229,0.0278182177549359
"q75",0.080699258661979,2,0.161398517323958,0.05,"gradual",7.89784434038047,33.1011424875505,8.45038460823332,8.45038460823332,5.71430914830175,5.5804954030687,8.6599004390724,8.21727133988847,88.4975184548079,5.85292512588593,0.982837540082822,5.38381277907811,5.38381277907811,3.3837145581438,3.00941702209805,6.65533085390884,5.52675805609809,88.4975184548079,12.67,199,19,19,14.44,15.93,12.42,16.67,0,0.660383599301688,0.660383599301688,0.976582690617496,0.706584627723856,0.168589208217437,0.0630582133884176,1.02479364437862,1.02479364437862,1.51547636194063,1.0964891261272,1.55181571053895,0.261619381939141,0.097854726214664,0.972413886568225,0.972413886568225,1.43801658724232,1.04044483351929,1.47249854114561,0.24824736315307,0.0928531272216938
"q75",0.080699258661979,2,0.161398517323958,0.05,"none",0.510825357105943,32.1204237258175,3.07726062669821,3.07726062669821,0.504112212069277,0.287518430409915,0.322534672880341,0.318443454997018,0.321322853096418,0.0685934196382975,0.00211877834987334,0.0106887975430023,0.0106887975430023,0.0457404228692364,0.239098875212728,0.295096924935268,0.27163788497307,0.321322853096418,2.74,199,19,19,2.84,0.3,0.17,0.29,0,0.0934332399132577,0.0934332399132577,0.570346092648125,0.562850740297697,0.00895126517832378,0.894796083251636,0.104812270394663,0.104812270394663,0.639807299165403,0.631399104201965,1.12178781868176,0.0100414202388338,1.00377134639583,0.103482770433617,0.103482770433617,0.631691610266438,0.623390069751322,1.10755840779672,0.0099140490086705,0.991038925268923
"q75",0.080699258661979,2,0.161398517323958,0.05,"variance",8.01762700858968,33.0812618383592,8.40011224682028,8.40011224682028,5.80404117752347,5.4449607083037,6.14388623457263,6.4858171630243,131.276925188851,5.75159182536131,0.962956890891533,5.33354041766508,5.33354041766508,3.44923680976693,2.68181809171754,3.66964696399635,2.48636190373662,131.276925188851,14.04,199,19,19,14.59,17.12,15.33,24.78,0,0.648200946405781,0.648200946405781,0.938132680620817,0.67912372357435,0.164593501146018,0.0414769061696925,0.731405254364106,0.731405254364106,1.05855317814857,0.766297338101458,1.12836190446757,0.185721036416106,0.0468009608370568,0.772110773338701,0.772110773338701,1.11746573889604,0.808944735901998,1.19115958966118,0.196057127285989,0.0494056145335064
"q75",0.080699258661979,2,0.161398517323958,0.1,"abrupt_coef",15.4313176124943,34.1844383508888,14.4654574358194,14.4654574358194,7.40594008958621,7.09270627527023,7.72193551501175,7.65896058926232,303.688878779504,13.1071789630293,2.06613340342117,11.3988856066642,11.3988856066642,4.78644215341837,3.96964496505164,4.7312209889988,4.4406741538226,303.688878779504,14.4,199,19,19,16.23,19.35,18.53,19.94,0,0.490320220203147,0.490320220203147,0.957705056950646,0.459630632547377,0.20748348129832,0.0233551729117481,0.533818964887391,0.533818964887391,1.04266783441441,0.500406751317173,1.08871497215885,0.225890372565123,0.025427126426379,0.529465495525718,0.529465495525718,1.03416453503748,0.496325769554576,1.07983614321749,0.224048162226517,0.0252197598411997
"q75",0.080699258661979,2,0.161398517323958,0.1,"gradual",8.09804737261091,33.1293532332452,8.53586257865388,8.53586257865388,5.99744713209508,5.66298541765837,7.99101949628568,7.40464666833065,97.962849803923,5.91432543321776,1.01104828577755,5.46929074949868,5.46929074949868,3.55871553533007,2.932122504537,5.84764718622352,4.5075432823656,97.962849803923,13.53,199,19,19,15.11,16.92,13.28,17.95,0,0.663434464352802,0.663434464352802,0.944232653148895,0.699302579633163,0.170935586269628,0.0578074793556239,0.936170120201944,0.936170120201944,1.33240349106574,0.986783495897145,1.41109660486994,0.241206625436524,0.0815719378548098,0.867474915405489,0.867474915405489,1.23463308725224,0.914374333419503,1.30755178094604,0.223507130253908,0.0755862725834475
"q75",0.080699258661979,2,0.161398517323958,0.1,"none",0.607503664435025,32.1218564731596,3.07965129441899,3.07965129441899,0.492587036416889,0.242320266397909,0.293104692036128,0.268481609943003,0.308962391606085,0.0506787796673695,0.00355152569193504,0.013079465263786,0.013079465263786,0.0374432175633277,0.187444770507764,0.270508899610774,0.234587921304972,0.308962391606085,3.45,199,19,19,2.82,0.34,0.14,0.21,0,0.0786843194997588,0.0786843194997588,0.491933909102771,0.398878690918294,0.00754378149346342,0.784303439451809,0.0951746363516216,0.0951746363516216,0.595031274408257,0.48247394903982,1.20957564298327,0.00912477435048129,0.94867433706891,0.0871792239691394,0.0871792239691394,0.545044002570502,0.441942371150451,1.10796184707941,0.00835822207746122,0.868978287445762
"q75",0.080699258661979,2,0.161398517323958,0.1,"variance",8.03479449662274,33.0415548532543,8.23357400713559,8.23357400713559,5.6809242333595,5.34605168272044,5.67405904137743,6.17698827602249,135.546667936401,5.69128802507887,0.92324990578665,5.16700217798038,5.16700217798038,3.35839956906775,2.59420696234696,3.18367991906875,2.18721692777425,135.546667936401,14.52,199,19,19,14.39,17.05,15.43,24.72,0,0.649299038071111,0.649299038071111,0.941053156690134,0.665362590787797,0.161797824178177,0.0394406720881461,0.689136823991626,0.689136823991626,0.998791536077569,0.706185957059934,1.0613550669024,0.171724940505292,0.0418605571627899,0.750219560869828,0.750219560869828,1.08732101015359,0.768779870924995,1.15542995889617,0.186946053339682,0.0455709341296441
"q75",0.080699258661979,2,0.161398517323958,0.2,"abrupt_coef",11.843573585282,33.7389163026951,12.142655492719,12.142655492719,6.77101014863657,6.54157856255565,7.21225673019517,7.18608980070436,251.298459845266,9.48069929165921,1.62061135522748,9.07608366356383,9.07608366356383,4.26126320424902,3.54925005136947,4.40069455841182,4.16309557122663,251.298459845266,14.64,199,19,19,15.55,18.54,17.42,18.73,0,0.538727180926619,0.538727180926619,0.966115604460124,0.552331483014965,0.193888224027904,0.0260311128312667,0.593960417844332,0.593960417844332,1.06516702410311,0.608959506880412,1.10252543193145,0.213766697942786,0.0286999639179485,0.591805458452913,0.591805458452913,1.06130247082134,0.606750129001143,1.09852533788066,0.212991126811335,0.0285958370183769
"q75",0.080699258661979,2,0.161398517323958,0.2,"gradual",8.78703759404222,33.2091089771921,9.11784587611054,9.11784587611054,6.3323659073039,6.15829409196333,8.06109069046487,7.50236036086712,118.376222616344,6.58233384739696,1.09080402972446,6.05127404695533,6.05127404695533,3.81132106670367,3.1966312990687,5.63042901956606,4.30989768819923,118.376222616344,13.66,199,19,19,15.62,18.35,15.06,19.78,0,0.675411075778165,0.675411075778165,0.972510777505799,0.700838482373031,0.185439907351709,0.0520230664220659,0.884100345629394,0.884100345629394,1.27299824559522,0.917384340762402,1.30898111881093,0.242737337397435,0.0680972116891309,0.822821581194292,0.822821581194292,1.18476418935516,0.853798596008496,1.21825301761048,0.225912726716628,0.0633772576540323
"q75",0.080699258661979,2,0.161398517323958,0.2,"none",0.631069471199402,32.1218140264078,3.08693007907959,3.08693007907959,0.532855643876659,0.273294313883907,0.375381412713971,0.370005781410909,0.439226054457424,0.0903844381641421,0.0035090789401089,0.0203582499243848,0.0203582499243848,0.050274077078024,0.224874758686719,0.354399605461857,0.32804216690668,0.439226054457424,3.35,199,19,19,2.99,0.3,0.13,0.26,0,0.088532719200881,0.088532719200881,0.512886214164162,0.433065338059354,0.00850805977704832,0.622217901489261,0.121603471117783,0.121603471117783,0.704471120889285,0.594833738352969,1.37354271071088,0.0116861834890572,0.854642863064396,0.119862054511203,0.119862054511203,0.694382776391414,0.586315450670876,1.35387295898181,0.0115188320655465,0.84240399142072
"q75",0.080699258661979,2,0.161398517323958,0.2,"variance",8.44686411555861,33.1341566432274,8.71501145242003,8.71501145242003,5.85970770362289,5.54645456044806,5.94324365887156,6.38738965152895,156.375573056346,6.14209328817249,1.01585169575974,5.64843962326484,5.64843962326484,3.53072709863818,2.74457629970415,3.40283099619246,2.30239317805958,156.375573056346,14.28,199,19,19,14.43,17.36,15.74,25.31,0,0.636425389769039,0.636425389769039,0.946541165699928,0.656628836994291,0.167393865495646,0.0354688040596311,0.681954773246019,0.681954773246019,1.01425599355357,0.703603559565314,1.07153923179197,0.179369094039892,0.0380062150546369,0.732918101875273,0.732918101875273,1.09005260579462,0.756184728929612,1.15161669169304,0.192773569591805,0.0408464667894609
"q75",0.080699258661979,4,0.322797034647916,0.02,"abrupt_coef",14.8857352293923,66.0822484953677,16.1534349466052,16.1534349466052,8.56453274377727,8.30856667545834,10.314834194772,10.2341559645505,212.777141743817,11.1057819536652,1.84563860043235,10.0202912882948,10.0202912882948,5.62707972848123,4.45114211141575,5.90219873113504,7.27087918648264,212.777141743817,11.71,199,19,19,9.1,11.95,13.67,9.18,0,0.514352935021072,0.514352935021072,0.970113247741985,0.558156285021977,0.125730689627499,0.0390482107587564,0.638553609734864,0.638553609734864,1.20436625130151,0.692934143716674,1.24146975016037,0.156090847839342,0.0484771724548828,0.633559115963835,0.633559115963835,1.19494621256324,0.687514308620974,1.23175950369152,0.154869971854361,0.0480980047042478
"q75",0.080699258661979,4,0.322797034647916,0.02,"gradual",8.18803686708983,65.000998800718,10.3206784036735,10.3206784036735,6.4283987556995,6.29268999432564,8.83884481273669,9.07211361397567,60.7636422370531,4.55334225695429,0.764388905782717,4.18753474536306,4.18753474536306,3.99128114410773,3.44239217838454,6.02405467060686,7.24508239786847,60.7636422370531,11.26,199,19,19,7.55,8.83,8.72,5.66,0,0.609716701577084,0.609716701577084,0.9788891811894,0.768522430525178,0.096809127712298,0.103560118561958,0.85642091217479,0.85642091217479,1.37496834727312,1.07948278155203,1.40462104770885,0.135980138395028,0.145462722235351,0.879022992398117,0.879022992398117,1.41125557992684,1.10797175943836,1.44169085433358,0.139568834038831,0.149301675804476
"q75",0.080699258661979,4,0.322797034647916,0.02,"none",1.21204571015968,64.2380721536613,6.1511543615117,6.1511543615117,0.589346765554473,0.402371401109632,0.429668807067149,0.453839271207203,0.468803946964647,0.0854840592384527,0.00146225872602181,0.0180107032012978,0.0180107032012978,0.108379183929078,0.37009169764484,0.390933162909399,0.447383330514245,0.468803946964647,3.49,199,19,19,1.49,0.1,0.12,0.02,0,0.0654139658122228,0.0654139658122228,0.682741341137369,0.331977084475322,0.00626375275003794,0.858293544060062,0.0698517354328845,0.0698517354328845,0.729059413201165,0.354498847251019,1.06784131745506,0.00668869398881329,0.916521308852271,0.0737811546474778,0.0737811546474778,0.770071709446337,0.374440722328378,1.12791135243617,0.0070649578356211,0.96807903206802
"q75",0.080699258661979,4,0.322797034647916,0.02,"variance",9.61205613108063,65.1699115564319,11.2072415573874,11.2072415573874,7.55169120600843,7.30582272073944,8.7082518981778,8.20109324321254,111.223528574288,5.55449740555632,0.933301661496603,5.07409789907702,5.07409789907702,4.79500453011523,3.5484652374377,4.37308772285629,4.92470334153619,111.223528574288,12.57,199,19,19,8.54,11.64,13.43,10.15,0,0.651884112904097,0.651884112904097,0.967441930746139,0.760068670127303,0.112104229486535,0.0656859462596509,0.777020094872285,0.777020094872285,1.15315254035403,0.905971810757495,1.19196047194756,0.133623810286088,0.0782950515039756,0.73176733107949,0.73176733107949,1.08599425208057,0.853209046157593,1.12254205401558,0.125841712031649,0.0737352370342655
"q75",0.080699258661979,4,0.322797034647916,0.05,"abrupt_coef",15.8842876073376,66.1570366198702,16.8450266620087,16.8450266620087,9.57647598251086,9.20824764077613,10.3487337448271,9.99624509838982,266.647583638243,11.4361444698893,1.92042672493488,10.7118830036983,10.7118830036983,6.34527766568522,4.75687653298136,4.9063757406632,6.62947202701206,266.647583638243,13.78,199,19,19,10.01,13.79,16.86,10.43,0,0.546644883711812,0.546644883711812,0.961548659192879,0.5797079395945,0.139187728339247,0.0345333999098556,0.614349502228274,0.614349502228274,1.08064112140275,0.651507577843565,1.12385484714818,0.156426803157607,0.0388105288771978,0.593424118522457,0.593424118522457,1.04383335964561,0.62931655139335,1.08557518089808,0.151098743370671,0.0374886018541671
"q75",0.080699258661979,4,0.322797034647916,0.05,"gradual",9.94276355487502,65.2194474350181,11.5169564373885,11.5169564373885,7.77798187150544,7.62233461441453,10.664470024236,11.5241152090908,88.4975184548079,5.85292512588593,0.982837540082822,5.38381277907811,5.38381277907811,4.90831623348546,3.83915336834095,6.65533085390884,8.98370254641169,88.4975184548079,12.67,199,19,19,8.89,11.72,12.42,7.87,0,0.661835846636484,0.661835846636484,0.979988734910643,0.766621329406675,0.116872112754545,0.0861304898431356,0.92597988732639,0.92597988732639,1.3711101671894,1.07258610399189,1.39910809006842,0.163516718458272,0.120505865141087,1.00062158537641,1.00062158537641,1.48163307648084,1.15904548524041,1.51188786533953,0.176697529070189,0.130219642429586
"q75",0.080699258661979,4,0.322797034647916,0.05,"none",0.953057294573588,64.2387286732852,6.14383245585341,6.14383245585341,0.539586232414221,0.309184641984269,0.349972420825414,0.321322853096418,0.321322853096418,0.0685934196382975,0.00211877834987334,0.0106887975430023,0.0106887975430023,0.0812144432141797,0.26722102748004,0.295096924935268,0.321322853096418,0.321322853096418,2.74,199,19,19,1.42,0.13,0.17,0,0,0.0503243934801151,0.0503243934801151,0.573003207663236,0.324413488826611,0.00481305667733192,0.962224252040652,0.0569632103967915,0.0569632103967915,0.648594051889658,0.367210264081759,1.13192045561959,0.00544799730712847,1.08916131377808,0.0523000676540722,0.0523000676540722,0.595498613185056,0.337149565850794,1.03925877764901,0.00500201139923937,1
"q75",0.080699258661979,4,0.322797034647916,0.05,"variance",10.2836621918181,65.1995667858268,11.4666840759755,11.4666840759755,8.12671874767881,7.66494283713926,8.61812550514891,8.20854118624936,131.276925188851,5.75159182536131,0.962956890891533,5.33354041766508,5.33354041766508,5.12147835510672,3.53314079364594,3.66964696399635,4.5157431098772,131.276925188851,14.04,199,19,19,9.31,12.8,15.33,11.44,0,0.668453302310694,0.668453302310694,0.943178061788905,0.74535148025746,0.117561254084981,0.058387586593095,0.751579571569887,0.751579571569887,1.06046804038967,0.838040509732584,1.12435613523315,0.132180717296151,0.0656484412074031,0.715860063106434,0.715860063106434,1.01006832414299,0.798211865883759,1.07092007868293,0.125898707474752,0.0625284388283838
"q75",0.080699258661979,4,0.322797034647916,0.1,"abrupt_coef",17.7554562619593,66.3027432983565,17.5320292649746,17.5320292649746,10.0912754397685,9.64937218386958,10.7126500410247,10.4628966272568,303.688878779504,13.1071789630293,2.06613340342117,11.3988856066642,11.3988856066642,6.72773033873722,4.82355651588323,4.7312209889988,6.79592231365653,303.688878779504,14.4,199,19,19,10.42,14.95,18.53,11.36,0,0.550385356882048,0.550385356882048,0.956209375263167,0.54345954513955,0.14553503676987,0.0317738740471809,0.61103309144175,0.61103309144175,1.06157542770138,0.603344114787763,1.1101914028078,0.161571746629226,0.035275081801078,0.596787540627687,0.596787540627687,1.03682598792456,0.589277823835673,1.08430853612914,0.157804882675438,0.0344526828552504
"q75",0.080699258661979,4,0.322797034647916,0.1,"gradual",10.2817693120041,65.2476581807128,11.6024344078091,11.6024344078091,8.13814052000078,7.84740509385059,10.1343918063478,10.2478544510091,97.962849803923,5.91432543321776,1.01104828577755,5.46929074949868,5.46929074949868,5.13935606812164,3.85117780490939,5.84764718622352,7.47179995303701,97.962849803923,13.53,199,19,19,9.29,12.38,13.28,8.6,0,0.676358496676253,0.676358496676253,0.964274956246373,0.763234892334014,0.120271061255809,0.0801059290287851,0.873471157012259,0.873471157012259,1.24529575047776,0.985666133796237,1.29143222315481,0.155321924018777,0.103451378013525,0.883250367191191,0.883250367191191,1.25923783520613,0.996701456727357,1.30589084269902,0.157060877535653,0.104609599164588
"q75",0.080699258661979,4,0.322797034647916,0.1,"none",1.16432854920268,64.2401614206272,6.14622312357419,6.14622312357419,0.515909128980563,0.249458231975995,0.315700484461482,0.274927923811765,0.308962391606085,0.0506787796673695,0.00355152569193504,0.013079465263786,0.013079465263786,0.0639932804734803,0.204266647125287,0.270508899610774,0.265244012772328,0.308962391606085,3.45,199,19,19,1.4,0.14,0.14,0.03,0,0.0405872398317569,0.0405872398317569,0.483531339073075,0.214250721711515,0.00388321303152728,0.80740646354798,0.0513649566756851,0.0513649566756851,0.611930409305427,0.271143814757158,1.26554446394,0.00491437875434902,1.02180878009252,0.0447311980519001,0.0447311980519001,0.532899901102784,0.236125725852925,1.10210002545926,0.00427968918090992,0.889842684032196
"q75",0.080699258661979,4,0.322797034647916,0.1,"variance",10.3783009681666,65.1598598007219,11.3001458362908,11.3001458362908,7.98917249885184,7.4982767522646,8.1644381636861,7.81025994910546,135.546667936401,5.69128802507887,0.92324990578665,5.16700217798038,5.16700217798038,4.98393210627974,3.35033485703888,3.18367991906875,4.17233736862344,135.546667936401,14.52,199,19,19,9.31,12.85,15.43,11.27,0,0.663555750597806,0.663555750597806,0.938554869523999,0.722495596848086,0.115075090327029,0.0553187833122007,0.722507327070571,0.722507327070571,1.02193789968353,0.786683503275623,1.08884193441117,0.125298583954222,0.0602334110309289,0.691164526746421,0.691164526746421,0.977605621887362,0.752556702013353,1.04160731954134,0.119863056381514,0.0576204496061094
"q75",0.080699258661979,4,0.322797034647916,0.2,"abrupt_coef",14.2064478789047,65.8572212501628,15.2092273218742,15.2092273218742,9.32605892574646,8.96691012330755,10.0238189019785,9.98174429527995,251.298459845266,9.48069929165921,1.62061135522748,9.07608366356383,9.07608366356383,6.0980885792673,4.39287614234658,4.40069455841182,6.58591949078387,251.298459845266,14.64,199,19,19,10,14.17,17.42,10.52,0,0.589570392600494,0.589570392600494,0.961489756251978,0.631185937522257,0.136156824613753,0.035682312294428,0.659061679455737,0.659061679455737,1.07481831090577,0.70558235157875,1.11786766724959,0.152205311911087,0.0398881032066435,0.656295292590176,0.656295292590176,1.07030680105648,0.702620695923711,1.11317545932958,0.151566435780272,0.0397206743782914
"q75",0.080699258661979,4,0.322797034647916,0.2,"gradual",10.9917413406875,65.3274139246598,12.1844177052657,12.1844177052657,8.71280023538696,8.54667485930604,10.4917523613637,10.3498673124706,118.376222616344,6.58233384739696,1.09080402972446,6.05127404695533,6.05127404695533,5.53002147375851,4.19214286190565,5.63042901956606,7.28006751296896,118.376222616344,13.66,199,19,19,9.86,13.49,15.06,9.51,0,0.701443028796725,0.701443028796725,0.980933182031857,0.777554219518368,0.130828305390486,0.0721992531135726,0.861079504589658,0.861079504589658,1.2041768522078,0.954512304845363,1.22758295291177,0.160602597455695,0.0886305723351836,0.849434709382767,0.849434709382767,1.18789218538889,0.94160397262617,1.21098175405622,0.158430690741973,0.0874319781770233
"q75",0.080699258661979,4,0.322797034647916,0.2,"none",1.17175450423466,64.2401189738754,6.15350190823479,6.15350190823479,0.578840349984126,0.363392099723013,0.396363219966086,0.411935163834776,0.439226054457424,0.0903844381641421,0.0035090789401089,0.0203582499243848,0.0203582499243848,0.110784649744648,0.334340366604701,0.354399605461857,0.408707193488297,0.439226054457424,3.35,199,19,19,1.45,0.09,0.13,0.01,0,0.0590545197096163,0.0590545197096163,0.62779331076864,0.310126479915146,0.00565677812444267,0.827346410886101,0.0644126264811361,0.0644126264811361,0.684753956729097,0.338264729116594,1.09073152737279,0.00617002624368232,0.90241281441219,0.0669432089203568,0.0669432089203568,0.711655923513405,0.351554154343818,1.13358315755561,0.00641242840789722,0.937865956844567
"q75",0.080699258661979,4,0.322797034647916,0.2,"variance",10.7516349429447,65.252461590695,11.7815832815752,11.7815832815752,8.32715355250196,7.77568200192295,8.48365632155066,8.09322853964434,156.375573056346,6.14209328817249,1.01585169575974,5.64843962326484,5.64843962326484,5.28317751577211,3.53412896664933,3.40283099619246,4.34878293772851,156.375573056346,14.28,199,19,19,9.43,13.14,15.74,11.6,0,0.659986167910304,0.659986167910304,0.933774302695148,0.723209264747719,0.119163044770586,0.049724402922707,0.720077778919402,0.720077778919402,1.0187942696219,0.789057326310886,1.09104980366386,0.130012816600936,0.0542518000461222,0.686938957712163,0.686938957712163,0.971908166292029,0.752743985690767,1.0408384161856,0.12402947478687,0.0517550687838449
