"score_unit_mode","score_unit","kappa","lambda","shift_prob","shift_type","policy","n_rep","mean_objective","se_objective","q025_objective","median_objective","q975_objective","mean_regret","mean_retrains","se_retrains"
"mean",0.149044950515486,0.1,0.0149044950515486,0.02,"abrupt_coef","alarm_tuned",100,10.9633761419187,1.50473747462731,0.291900075555659,3.77652913207914,50.0166277826489,10.7313131539661,15.57,0.240896893154132
"mean",0.149044950515486,0.1,0.0149044950515486,0.02,"abrupt_coef","always_retrain",100,4.84806895110021,0.256209112595761,3.01448201573868,3.64020186203877,11.8583557572576,1.88207443584203,199,0
"mean",0.149044950515486,0.1,0.0149044950515486,0.02,"abrupt_coef","calendar_tuned",100,4.65950158896806,0.50508325911181,1.04985185994406,2.20963224809846,17.8276777302143,3.67580491556585,66,0
"mean",0.149044950515486,0.1,0.0149044950515486,0.02,"abrupt_coef","calendar10",100,10.3734096999234,1.40348418675569,0.384650460717981,3.47345248211761,44.9713688658184,10.090224293944,19,0
"mean",0.149044950515486,0.1,0.0149044950515486,0.02,"abrupt_coef","cusum_tuned",100,2.97527181817113,0.293962627923457,0.373832532695572,1.79095201562963,10.7414724496492,2.21201262658133,51.21,2.29268908322154
"mean",0.149044950515486,0.1,0.0149044950515486,0.02,"abrupt_coef","debt_threshold_tuned",100,3.05169916506851,0.287040993094655,0.322483922157052,1.98842979517016,10.4310432216102,2.60560762817566,29.93,2.07316938843195
"mean",0.149044950515486,0.1,0.0149044950515486,0.02,"abrupt_coef","debt_utility_tuned",100,3.15774034319772,0.295481242908956,0.728003854033362,1.84594714171053,10.8624978730546,2.26048974109449,60.2,1.21281041012563
"mean",0.149044950515486,0.1,0.0149044950515486,0.02,"abrupt_coef","hybrid_utility_tuned",100,3.49782302856172,0.331108869091504,0.458587435932403,2.42474071338779,11.7028397399544,2.89955659719256,40.14,2.02484667083808
"mean",0.149044950515486,0.1,0.0149044950515486,0.02,"abrupt_coef","never_retrain",100,213.035054428136,33.4351073004974,0.72809535968802,61.0116280204888,1220.89709568141,213.035054428136,0,0
"mean",0.149044950515486,0.1,0.0149044950515486,0.02,"gradual","alarm_tuned",100,4.80926513242966,0.471056240413698,0.419806691096054,2.78532959633254,15.756355426737,4.57884163893272,15.46,0.191970115519383
"mean",0.149044950515486,0.1,0.0149044950515486,0.02,"gradual","always_retrain",100,3.76806217960314,0.0738243614177301,3.05804953085653,3.45012269740339,5.42588794728514,0.802067664344962,199,0
"mean",0.149044950515486,0.1,0.0149044950515486,0.02,"gradual","calendar_tuned",100,2.54383990684704,0.147677729629429,1.11763148261007,1.9261369419195,5.88206904633324,1.56014323344483,66,0
"mean",0.149044950515486,0.1,0.0149044950515486,0.02,"gradual","calendar10",100,4.54390713906604,0.435236984297253,0.569883503084485,2.6652664530603,14.7557175088725,4.26072173308662,19,0
"mean",0.149044950515486,0.1,0.0149044950515486,0.02,"gradual","cusum_tuned",100,1.90400153203263,0.113210116465868,0.497257373253343,1.5104285833667,4.34480656096462,1.16250290321809,49.75,1.76985846606416
"mean",0.149044950515486,0.1,0.0149044950515486,0.02,"gradual","debt_threshold_tuned",100,2.00524946220995,0.110744175312524,0.346155063651576,1.61500122397169,4.36637768360575,1.60297714076865,26.99,1.61679911984742
"mean",0.149044950515486,0.1,0.0149044950515486,0.02,"gradual","debt_utility_tuned",100,2.03158316107937,0.108488809926454,0.838347168071284,1.56456422757773,4.47190793959286,1.15206890808749,59.01,0.890975518034796
"mean",0.149044950515486,0.1,0.0149044950515486,0.02,"gradual","hybrid_utility_tuned",100,2.37844923941718,0.150600929151309,0.647786757074333,1.93301971412662,6.06160916534967,1.76766303220472,40.98,1.9581469285882
"mean",0.149044950515486,0.1,0.0149044950515486,0.02,"gradual","never_retrain",100,62.2132344755638,9.62419667366507,0.817991474696635,19.2733927136203,331.90948192387,62.2132344755638,0,0
"mean",0.149044950515486,0.1,0.0149044950515486,0.02,"none","alarm_tuned",100,0.323085978491554,0.00451134240462898,0.244733032170572,0.322787289515744,0.403796929716881,0.141847318664723,12.16,0.221436996534778
"mean",0.149044950515486,0.1,0.0149044950515486,0.02,"none","always_retrain",100,3.018337132527,0.000706961364348322,3.00576145350414,3.01885315898648,3.03287948980473,0.0523426172688275,199,0
"mean",0.149044950515486,0.1,0.0149044950515486,0.02,"none","calendar_tuned",100,1.05858411569213,0.00108853570225516,1.0403235678213,1.05707450076873,1.07922193970156,0.0748874422899237,66,0
"mean",0.149044950515486,0.1,0.0149044950515486,0.02,"none","calendar10",100,0.413918094988452,0.00279397316803672,0.368137776876541,0.410454536376429,0.472641253827117,0.130732689009028,19,0
"mean",0.149044950515486,0.1,0.0149044950515486,0.02,"none","cusum_tuned",100,0.419181984523709,0.00385567663972123,0.357150271579244,0.414706671535046,0.494841865418891,0.1130436561649,20.54,0.198183671569501
"mean",0.149044950515486,0.1,0.0149044950515486,0.02,"none","debt_threshold_tuned",100,0.409312809209642,0.0158965400277089,0.215708257363163,0.37528219256725,0.783436167121716,0.370859211976646,2.58,0.191316544506794
"mean",0.149044950515486,0.1,0.0149044950515486,0.02,"none","debt_utility_tuned",100,0.747268884969297,0.00235140731949352,0.703146159187344,0.748483847165568,0.785210196175153,0.0780570571547636,44.9,0.122680499878771
"mean",0.149044950515486,0.1,0.0149044950515486,0.02,"none","hybrid_utility_tuned",100,0.549646817018588,0.0213428810641836,0.31116382199184,0.506362599149865,1.09537285963715,0.336661582731958,14.29,1.07132458369831
"mean",0.149044950515486,0.1,0.0149044950515486,0.02,"none","never_retrain",100,0.960623495874141,0.0627027269397995,0.235519535367029,0.797527145687905,2.70619320460349,0.960623495874141,0,0
"mean",0.149044950515486,0.1,0.0149044950515486,0.02,"variance","alarm_tuned",100,5.95516518155443,0.261380323686674,0.338001404825234,6.06676693310614,9.87657890705393,5.71550090112552,16.08,0.151544239632051
"mean",0.149044950515486,0.1,0.0149044950515486,0.02,"variance","always_retrain",100,3.95347643764009,0.0428277510135068,3.013348807659,3.99345506562359,4.6228779756221,0.987481922381919,199,0
"mean",0.149044950515486,0.1,0.0149044950515486,0.02,"variance","calendar_tuned",100,2.88622506864056,0.0829978397094116,1.06117134539141,2.92914151957459,4.15896442845152,1.90252839523835,66,0
"mean",0.149044950515486,0.1,0.0149044950515486,0.02,"variance","calendar10",100,5.42363448625217,0.23105856393054,0.418183544297893,5.59032039779323,9.53275148443603,5.14044908027275,19,0
"mean",0.149044950515486,0.1,0.0149044950515486,0.02,"variance","cusum_tuned",100,2.12611270302646,0.065434339301881,0.42693022696896,2.18083822324306,2.93089221064555,1.39251345658924,49.22,0.914703683321997
"mean",0.149044950515486,0.1,0.0149044950515486,0.02,"variance","debt_threshold_tuned",100,2.09967232975548,0.0604231759850068,0.307240717657094,2.17666909932503,2.98219905046683,1.63718584830592,31.03,1.03029416217217
"mean",0.149044950515486,0.1,0.0149044950515486,0.02,"variance","debt_utility_tuned",100,2.19485526556373,0.0587000213250296,0.75638120051773,2.21867890618598,2.98899371174203,1.29417662959865,60.43,0.538282904102002
"mean",0.149044950515486,0.1,0.0149044950515486,0.02,"variance","hybrid_utility_tuned",100,2.38165448808249,0.0901191158158953,0.489823534643525,2.36072105395855,4.55208075472551,1.51957849430092,57.84,1.64413374078138
"mean",0.149044950515486,0.1,0.0149044950515486,0.02,"variance","never_retrain",100,111.392438402996,6.51859224575035,0.407579355760456,108.584986888077,226.647308046032,111.392438402996,0,0
"mean",0.149044950515486,0.1,0.0149044950515486,0.05,"abrupt_coef","alarm_tuned",100,12.0014192301435,1.83098800388131,0.357257452894388,5.43230375502884,72.3722310187213,11.7581778709022,16.32,0.167500942255755
"mean",0.149044950515486,0.1,0.0149044950515486,0.05,"abrupt_coef","always_retrain",100,4.91697935844489,0.292390014191168,3.02218838109581,3.82743819273235,14.3230957200887,1.95098484318672,199,0
"mean",0.149044950515486,0.1,0.0149044950515486,0.05,"abrupt_coef","calendar_tuned",100,4.87540352718573,0.595370911851455,1.06503671631954,2.66613570639514,24.6182971692406,3.89170685378352,66,0
"mean",0.149044950515486,0.1,0.0149044950515486,0.05,"abrupt_coef","calendar10",100,11.0482079328865,1.68519416400447,0.426245044569713,4.89344856068608,68.0580296910119,10.7650225269071,19,0
"mean",0.149044950515486,0.1,0.0149044950515486,0.05,"abrupt_coef","cusum_tuned",100,3.20136333940136,0.332275091588436,0.419728338736422,2.17053043964669,14.274897687428,2.37639953829814,55.35,2.241634279365
"mean",0.149044950515486,0.1,0.0149044950515486,0.05,"abrupt_coef","debt_threshold_tuned",100,3.18061883571252,0.324228158770288,0.409417420193501,2.202300507442,13.2252021878185,2.66537044178048,34.57,1.9822574112472
"mean",0.149044950515486,0.1,0.0149044950515486,0.05,"abrupt_coef","debt_utility_tuned",100,3.30282002866517,0.327642963537935,0.743551607119129,2.21416502479541,13.3613474391963,2.37561139150833,62.21,1.20472931701388
"mean",0.149044950515486,0.1,0.0149044950515486,0.05,"abrupt_coef","hybrid_utility_tuned",100,3.42699382561855,0.324496456805923,0.464751049724553,2.40752414025742,13.4897715483724,2.80398593246382,41.8,1.90909571908966
"mean",0.149044950515486,0.1,0.0149044950515486,0.05,"abrupt_coef","never_retrain",100,266.814577591337,44.7857743281624,0.728153304288974,108.213559824011,1696.90625007198,266.814577591337,0,0
"mean",0.149044950515486,0.1,0.0149044950515486,0.05,"gradual","alarm_tuned",100,6.10327297568231,0.493709193291199,0.889684822559588,4.66948634086554,19.2939203495574,5.86196920079774,16.19,0.114322775376112
"mean",0.149044950515486,0.1,0.0149044950515486,0.05,"gradual","always_retrain",100,3.9849664151338,0.0775766131911767,3.14893853173485,3.76959228719091,6.05698622755711,1.01897189987562,199,0
"mean",0.149044950515486,0.1,0.0149044950515486,0.05,"gradual","calendar_tuned",100,2.96837149130034,0.153580324037236,1.30932291653572,2.59630596007286,6.87087053844474,1.98467481789814,66,0
"mean",0.149044950515486,0.1,0.0149044950515486,0.05,"gradual","calendar10",100,5.73126156890406,0.446756225649577,0.938536579450583,4.51656652544879,17.1855410026005,5.44807616292464,19,0
"mean",0.149044950515486,0.1,0.0149044950515486,0.05,"gradual","cusum_tuned",100,2.26231714934714,0.114732720371147,0.795839732111737,1.9971968174331,5.21839841952905,1.43064632547072,55.8,1.75533817858899
"mean",0.149044950515486,0.1,0.0149044950515486,0.05,"gradual","debt_threshold_tuned",100,2.30422597614267,0.113099531624895,0.919187916973973,2.07399021902451,5.24654983642282,1.82206556122507,32.35,1.56826965059256
"mean",0.149044950515486,0.1,0.0149044950515486,0.05,"gradual","debt_utility_tuned",100,2.37153971977241,0.111867475091055,1.01200879097365,2.10201656186325,5.24259556276153,1.4513361952898,61.74,0.91072398772525
"mean",0.149044950515486,0.1,0.0149044950515486,0.05,"gradual","hybrid_utility_tuned",100,2.74691068572255,0.191410959266442,0.931033262973867,2.21475948286861,6.07620490417577,2.06353958760905,45.85,1.89855740024372
"mean",0.149044950515486,0.1,0.0149044950515486,0.05,"gradual","never_retrain",100,89.9487941657175,12.0656392351057,3.49806322070727,35.5015131942626,437.50834656288,89.9487941657175,0,0
"mean",0.149044950515486,0.1,0.0149044950515486,0.05,"none","alarm_tuned",100,0.317846260950704,0.00410952079844704,0.232704020430104,0.318873999880883,0.391014584529557,0.136905691024904,12.14,0.217432213981203
"mean",0.149044950515486,0.1,0.0149044950515486,0.05,"none","always_retrain",100,3.01818984048988,0.00070852633071643,3.0047144057655,3.01837350546799,3.03090259949522,0.0521953252317,199,0
"mean",0.149044950515486,0.1,0.0149044950515486,0.05,"none","calendar_tuned",100,1.05694099428932,0.00115607220911986,1.03683974175203,1.05563433851336,1.0809591697802,0.0732443208871136,66,0
"mean",0.149044950515486,0.1,0.0149044950515486,0.05,"none","calendar10",100,0.405762030930752,0.00223613038547652,0.370714183358292,0.402772676312854,0.461582927565916,0.122576624951328,19,0
"mean",0.149044950515486,0.1,0.0149044950515486,0.05,"none","cusum_tuned",100,0.412619574315781,0.00363841787483521,0.345790352181303,0.41516834454888,0.482432427290238,0.109462144967282,20.34,0.200615215391218
"mean",0.149044950515486,0.1,0.0149044950515486,0.05,"none","debt_threshold_tuned",100,0.416868004373523,0.018808107366593,0.195316154048209,0.384142719176835,0.935222731031532,0.381097216249807,2.4,0.189096736506942
"mean",0.149044950515486,0.1,0.0149044950515486,0.05,"none","debt_utility_tuned",100,0.745799197650747,0.00238692282280862,0.704903047980405,0.744726848368299,0.798842527202178,0.077630684489822,44.83,0.135627981976248
"mean",0.149044950515486,0.1,0.0149044950515486,0.05,"none","hybrid_utility_tuned",100,0.568792255183975,0.0249248849079638,0.299974983730643,0.489558124274872,1.21877829530079,0.37712044882106,12.86,1.04165951512697
"mean",0.149044950515486,0.1,0.0149044950515486,0.05,"none","never_retrain",100,0.816049463143411,0.047403691924577,0.206000975191563,0.669947434620155,1.85907207963428,0.816049463143411,0,0
"mean",0.149044950515486,0.1,0.0149044950515486,0.05,"variance","alarm_tuned",100,6.13183235271403,0.22211810859686,3.23176828158128,5.40252147025318,11.014867034558,5.88590818436348,16.5,0.130654915983698
"mean",0.149044950515486,0.1,0.0149044950515486,0.05,"variance","always_retrain",100,3.98608391201713,0.0357194267427762,3.50129704072917,3.91728049524202,4.61554436405151,1.02008939675895,199,0
"mean",0.149044950515486,0.1,0.0149044950515486,0.05,"variance","calendar_tuned",100,2.99655231861821,0.0745708680957581,1.99019233074459,2.81853285045389,4.32844336828141,2.012855645216,66,0
"mean",0.149044950515486,0.1,0.0149044950515486,0.05,"variance","calendar10",100,5.67662790274229,0.189416945316572,2.95559404312506,5.47665516888616,9.53785873355779,5.39344249676286,19,0
"mean",0.149044950515486,0.1,0.0149044950515486,0.05,"variance","cusum_tuned",100,2.20583737194938,0.0466617404712226,1.46269001862636,2.15072398591855,3.06299286318438,1.45003042788535,50.71,0.608408256075315
"mean",0.149044950515486,0.1,0.0149044950515486,0.05,"variance","debt_threshold_tuned",100,2.12403843685364,0.0446571305876533,1.39787989517969,2.06159795884839,2.96321729856653,1.6213098187649,33.73,0.558471036840675
"mean",0.149044950515486,0.1,0.0149044950515486,0.05,"variance","debt_utility_tuned",100,2.25496526043429,0.0447854146633339,1.57045954929692,2.16714773396687,3.0593432331418,1.342661118329,61.21,0.322958232906393
"mean",0.149044950515486,0.1,0.0149044950515486,0.05,"variance","hybrid_utility_tuned",100,2.31242502194018,0.0490647563369224,1.56130454782008,2.21918748970911,3.19159349715913,1.37031188973179,63.21,0.903225980426367
"mean",0.149044950515486,0.1,0.0149044950515486,0.05,"variance","never_retrain",100,131.37428565493,5.69447752347956,54.0855287049158,117.112479867126,250.386607225716,131.37428565493,0,0
"mean",0.149044950515486,0.1,0.0149044950515486,0.1,"abrupt_coef","alarm_tuned",100,12.5623296805154,1.75837055095991,0.331196966723201,6.07071473584495,49.9912172814775,12.3144679278082,16.63,0.169166106880698
"mean",0.149044950515486,0.1,0.0149044950515486,0.1,"abrupt_coef","always_retrain",100,5.0620220500953,0.283749131735994,3.01971095992677,3.93889888199021,12.3485831284122,2.09602753483713,199,0
"mean",0.149044950515486,0.1,0.0149044950515486,0.1,"abrupt_coef","calendar_tuned",100,5.17102001538148,0.587774825639828,1.05957471050637,2.83142752000414,19.7072410731127,4.18732334197927,66,0
"mean",0.149044950515486,0.1,0.0149044950515486,0.1,"abrupt_coef","calendar10",100,11.7299791727861,1.61803523632663,0.423013761146013,5.60731103487852,61.0451683366131,11.4467937668066,19,0
"mean",0.149044950515486,0.1,0.0149044950515486,0.1,"abrupt_coef","cusum_tuned",100,3.36730839935269,0.321173142055829,0.419544175587375,2.3980914913887,11.2462020157271,2.51313178794844,57.31,2.24372053032052
"mean",0.149044950515486,0.1,0.0149044950515486,0.1,"abrupt_coef","debt_threshold_tuned",100,3.35449192373737,0.31382511466536,0.365802461394704,2.30429082957823,11.041549203109,2.81047785435584,36.5,1.94128458979766
"mean",0.149044950515486,0.1,0.0149044950515486,0.1,"abrupt_coef","debt_utility_tuned",100,3.47016197758256,0.317667962970116,0.755544872955197,2.37146322071029,11.3850052699135,2.53058260953294,63.04,1.20243187925239
"mean",0.149044950515486,0.1,0.0149044950515486,0.1,"abrupt_coef","hybrid_utility_tuned",100,3.6266589447817,0.318258308820005,0.566043443196998,2.59261569091821,11.5784250946392,2.99888161321047,42.12,1.66286110986669
"mean",0.149044950515486,0.1,0.0149044950515486,0.1,"abrupt_coef","never_retrain",100,303.801201763386,41.4015494113071,1.2526537405113,133.861168660888,1348.72054298213,303.801201763386,0,0
"mean",0.149044950515486,0.1,0.0149044950515486,0.1,"gradual","alarm_tuned",100,6.27470086180976,0.47164300288941,1.16516979107231,5.02724725240152,18.1799037736157,6.03235377227158,16.26,0.124413776884989
"mean",0.149044950515486,0.1,0.0149044950515486,0.1,"gradual","always_retrain",100,4.01052663016234,0.0730391357758714,3.1845591801581,3.85519179111906,5.83256446812962,1.04453211490416,199,0
"mean",0.149044950515486,0.1,0.0149044950515486,0.1,"gradual","calendar_tuned",100,3.02081234090294,0.147509036624538,1.36473823398131,2.68785741960944,6.66174433584446,2.03711566750073,66,0
"mean",0.149044950515486,0.1,0.0149044950515486,0.1,"gradual","calendar10",100,5.81229620321595,0.421258210441829,1.20428647298397,4.79421268764144,16.3548935606028,5.52911079723652,19,0
"mean",0.149044950515486,0.1,0.0149044950515486,0.1,"gradual","cusum_tuned",100,2.33541851517875,0.109106340717445,0.973323052444671,2.14805311363801,4.89231505255508,1.47438583605079,57.77,1.62162501114397
"mean",0.149044950515486,0.1,0.0149044950515486,0.1,"gradual","debt_threshold_tuned",100,2.32084359623288,0.107506372931643,0.881111961252864,2.11875678864033,4.81980522016021,1.80947037101424,34.31,1.50162840902398
"mean",0.149044950515486,0.1,0.0149044950515486,0.1,"gradual","debt_utility_tuned",100,2.42682858208924,0.106750455163936,1.11706634211345,2.20161897855788,5.03885493902095,1.49336005701075,62.63,0.845027642844728
"mean",0.149044950515486,0.1,0.0149044950515486,0.1,"gradual","hybrid_utility_tuned",100,2.53217175095276,0.107111872802654,1.07958355394948,2.3051695945833,5.09601899129415,1.81273177481451,48.27,1.7563653355493
"mean",0.149044950515486,0.1,0.0149044950515486,0.1,"gradual","never_retrain",100,99.5782908902433,11.9130047619753,2.63945669333486,46.9442067700413,388.882065516609,99.5782908902433,0,0
"mean",0.149044950515486,0.1,0.0149044950515486,0.1,"none","alarm_tuned",100,0.318267798143734,0.00428289307367248,0.229737184204188,0.319844378088423,0.396903219648935,0.143885206040616,11.7,0.307646655509961
"mean",0.149044950515486,0.1,0.0149044950515486,0.1,"none","always_retrain",100,3.01926941707666,0.000818194510972025,3.00661424732791,3.01866472219649,3.0359935985106,0.0532749018184896,199,0
"mean",0.149044950515486,0.1,0.0149044950515486,0.1,"none","calendar_tuned",100,1.06101450505309,0.00131263755569013,1.04054810954411,1.05934452664685,1.09537881053998,0.0773178316508849,66,0
"mean",0.149044950515486,0.1,0.0149044950515486,0.1,"none","calendar10",100,0.411445323229389,0.00278001619906139,0.367594256836683,0.406556370310684,0.459856581244745,0.128259917249965,19,0
"mean",0.149044950515486,0.1,0.0149044950515486,0.1,"none","cusum_tuned",100,0.414391204304515,0.00395402300883147,0.345592681724167,0.41731000634583,0.489470548523499,0.113618494164264,20.18,0.223100285463146
"mean",0.149044950515486,0.1,0.0149044950515486,0.1,"none","debt_threshold_tuned",100,0.414481408517518,0.0176853757021445,0.213078282482552,0.357131772544,0.860841736105108,0.381542474453595,2.21,0.19137725184894
"mean",0.149044950515486,0.1,0.0149044950515486,0.1,"none","debt_utility_tuned",100,0.747673730987679,0.0024286787449825,0.700731488007302,0.746547854989122,0.798138512594497,0.0803994875298476,44.77,0.123791124173918
"mean",0.149044950515486,0.1,0.0149044950515486,0.1,"none","hybrid_utility_tuned",100,0.504833236623578,0.0176837539971295,0.227459793052184,0.474492353093859,1.01237266242255,0.290357552831794,14.39,0.993808611129706
"mean",0.149044950515486,0.1,0.0149044950515486,0.1,"none","never_retrain",100,0.819081026593297,0.0600397776473974,0.263060355309257,0.618315379111448,2.64785430808929,0.819081026593297,0,0
"mean",0.149044950515486,0.1,0.0149044950515486,0.1,"variance","alarm_tuned",100,5.77972524003975,0.199610909373518,2.8807548265368,5.60756483730639,9.82336667017151,5.53186348733249,16.63,0.0824559876478955
"mean",0.149044950515486,0.1,0.0149044950515486,0.1,"variance","always_retrain",100,3.94682906598723,0.0333403046788317,3.44972729176412,3.91368569238857,4.55716508304566,0.980834550729056,199,0
"mean",0.149044950515486,0.1,0.0149044950515486,0.1,"variance","calendar_tuned",100,2.92304388523137,0.0699016519784831,1.97408600615115,2.84735506174234,4.31082038650078,1.93934721182916,66,0
"mean",0.149044950515486,0.1,0.0149044950515486,0.1,"variance","calendar10",100,5.50755135605916,0.193736491182941,2.70908232091923,5.37282868900954,9.41658029835308,5.22436595007974,19,0
"mean",0.149044950515486,0.1,0.0149044950515486,0.1,"variance","cusum_tuned",100,2.14624310838533,0.0461322672005524,1.36446393252586,2.16971298968067,3.00068533844033,1.40712919877904,49.59,0.591709558837951
"mean",0.149044950515486,0.1,0.0149044950515486,0.1,"variance","debt_threshold_tuned",100,2.04159429665624,0.0442963464970684,1.32040682371606,2.02297827571642,2.89293543385568,1.543635116984,33.41,0.494636893656
"mean",0.149044950515486,0.1,0.0149044950515486,0.1,"variance","debt_utility_tuned",100,2.18476235087369,0.0436326509598306,1.50573576548719,2.15616791413558,2.9551410061207,1.27290534361994,61.18,0.325787313653208
"mean",0.149044950515486,0.1,0.0149044950515486,0.1,"variance","hybrid_utility_tuned",100,2.24973050608289,0.0442307329109881,1.56961313273535,2.23343974246851,3.05831821652234,1.31924288001471,62.43,0.779439710706519
"mean",0.149044950515486,0.1,0.0149044950515486,0.1,"variance","never_retrain",100,135.628721945368,5.32586994466935,62.3293144275523,128.298774130622,235.420086980599,135.628721945368,0,0
"mean",0.149044950515486,0.1,0.0149044950515486,0.2,"abrupt_coef","alarm_tuned",100,10.1840266656249,1.3213507856913,0.336211601971702,5.35979586503447,43.4266387884061,9.93258783410531,16.87,0.136074103400175
"mean",0.149044950515486,0.1,0.0149044950515486,0.2,"abrupt_coef","always_retrain",100,4.61556709494153,0.20816275880223,3.01823527329663,3.87467567976532,10.6920304609116,1.64957257968335,199,0
"mean",0.149044950515486,0.1,0.0149044950515486,0.2,"abrupt_coef","calendar_tuned",100,4.19588716535323,0.410091132986742,1.05624855647668,2.66939428078267,14.9446694943179,3.21219049195102,66,0
"mean",0.149044950515486,0.1,0.0149044950515486,0.2,"abrupt_coef","calendar10",100,9.40458547284837,1.14385588699062,0.412007219735413,5.08295961037295,44.0792729836847,9.12140006686895,19,0
"mean",0.149044950515486,0.1,0.0149044950515486,0.2,"abrupt_coef","cusum_tuned",100,2.90761150603033,0.24744156890938,0.391581554253487,2.27026655617144,9.55061027874484,2.06938270433123,56.24,2.26283633584674
"mean",0.149044950515486,0.1,0.0149044950515486,0.2,"abrupt_coef","debt_threshold_tuned",100,2.90074455164051,0.245867444409672,0.410031913109084,2.23148343820958,9.62432294177971,2.37685155057857,35.15,1.91903674279624
"mean",0.149044950515486,0.1,0.0149044950515486,0.2,"abrupt_coef","debt_utility_tuned",100,3.00093851755379,0.246596279482486,0.744470867021502,2.22933451842003,9.7510804787059,2.07209038594128,62.32,1.18567885341451
"mean",0.149044950515486,0.1,0.0149044950515486,0.2,"abrupt_coef","hybrid_utility_tuned",100,3.13061838042297,0.246733059061523,0.535425956749431,2.46621882658616,9.8828596465834,2.54516981479814,39.28,1.82220202009003
"mean",0.149044950515486,0.1,0.0149044950515486,0.2,"abrupt_coef","never_retrain",100,251.400381704941,33.9859507451935,1.16837655147119,130.939711712196,1150.38768915258,251.400381704941,0,0
"mean",0.149044950515486,0.1,0.0149044950515486,0.2,"gradual","alarm_tuned",100,6.81488413799192,0.534707735479514,1.21053117959833,5.16517020292881,20.2322681445229,6.57059946409704,16.39,0.117116017760858
"mean",0.149044950515486,0.1,0.0149044950515486,0.2,"gradual","always_retrain",100,4.09059247576165,0.0838742051499334,3.16989993706217,3.82606022345348,6.27013877648609,1.12459796050348,199,0
"mean",0.149044950515486,0.1,0.0149044950515486,0.2,"gradual","calendar_tuned",100,3.20886166125352,0.169051980913435,1.35561144909517,2.69329636699252,7.49750549345709,2.22516498785132,66,0
"mean",0.149044950515486,0.1,0.0149044950515486,0.2,"gradual","calendar10",100,6.39398884435988,0.493774317960823,1.20450084173093,4.8016382615726,18.9458406690425,6.11080343838045,19,0
"mean",0.149044950515486,0.1,0.0149044950515486,0.2,"gradual","cusum_tuned",100,2.47350395498401,0.122899721586682,0.925750386079582,2.18030442484547,5.41297882482892,1.58266228575295,59.77,1.87238598930063
"mean",0.149044950515486,0.1,0.0149044950515486,0.2,"gradual","debt_threshold_tuned",100,2.48946041589148,0.122003734998693,0.954215714669263,2.15999130659289,5.45985361932456,1.93799409898418,37,1.69628232832089
"mean",0.149044950515486,0.1,0.0149044950515486,0.2,"gradual","debt_utility_tuned",100,2.5571195174248,0.121404901223245,1.09394071720884,2.24966817156618,5.56576573950838,1.60382801392775,63.96,0.959789539219906
"mean",0.149044950515486,0.1,0.0149044950515486,0.2,"gradual","hybrid_utility_tuned",100,2.69834501643748,0.131050332952865,0.960352858518321,2.43136785996294,5.57551457186124,1.94089857791778,50.82,1.88515626445506
"mean",0.149044950515486,0.1,0.0149044950515486,0.2,"gradual","never_retrain",100,120.17340542768,15.9675438080312,4.16489614920632,50.855241795373,479.984687930685,120.17340542768,0,0
"mean",0.149044950515486,0.1,0.0149044950515486,0.2,"none","alarm_tuned",100,0.3290685510669,0.00480443856150904,0.247743253501292,0.325320399559297,0.430068428214541,0.1375457896545,12.85,0.188226706206354
"mean",0.149044950515486,0.1,0.0149044950515486,0.2,"none","always_retrain",100,3.01960408259335,0.000944496671952466,3.00271109763746,3.01872431077751,3.03946519223476,0.0536095673351744,199,0
"mean",0.149044950515486,0.1,0.0149044950515486,0.2,"none","calendar_tuned",100,1.06058024208375,0.00148700330864812,1.03616815546489,1.0593275196698,1.09396228382818,0.0768835686815457,66,0
"mean",0.149044950515486,0.1,0.0149044950515486,0.2,"none","calendar10",100,0.416029410046118,0.00334178849290267,0.374070985095854,0.407810009239089,0.482561678597115,0.132844004066694,19,0
"mean",0.149044950515486,0.1,0.0149044950515486,0.2,"none","cusum_tuned",100,0.415825372250887,0.00462594087019681,0.324527370518129,0.422362016921157,0.505568988521611,0.113711257555997,20.27,0.221042068302837
"mean",0.149044950515486,0.1,0.0149044950515486,0.2,"none","debt_threshold_tuned",100,0.431080215278492,0.0215572915309104,0.186343242915551,0.368536989405584,0.947977557897707,0.396650831709415,2.31,0.19524395514382
"mean",0.149044950515486,0.1,0.0149044950515486,0.2,"none","debt_utility_tuned",100,0.745858686967038,0.00266020052430594,0.6972149050824,0.74421962677187,0.797713870431127,0.0794787132122995,44.71,0.129719978134722
"mean",0.149044950515486,0.1,0.0149044950515486,0.2,"none","hybrid_utility_tuned",100,0.565046120444575,0.021142596537793,0.28529385028546,0.504830461180292,1.12651052982534,0.355637964970317,14.05,1.04004419098033
"mean",0.149044950515486,0.1,0.0149044950515486,0.2,"none","never_retrain",100,0.923452085937739,0.0660111306286622,0.213988627915989,0.784185305310711,2.46868555094318,0.923452085937739,0,0
"mean",0.149044950515486,0.1,0.0149044950515486,0.2,"variance","alarm_tuned",100,6.50315638406224,0.234934194004802,2.57947866608174,6.70407731606944,10.0093623762308,6.25693412581066,16.52,0.0758520622892704
"mean",0.149044950515486,0.1,0.0149044950515486,0.2,"variance","always_retrain",100,4.04035643661236,0.0369452423482721,3.4452904895392,4.044398256493,4.62277777462204,1.07436192135418,199,0
"mean",0.149044950515486,0.1,0.0149044950515486,0.2,"variance","calendar_tuned",100,3.04927647303845,0.0750217222987496,1.84080895837055,3.09079448031981,4.35116255579621,2.06557979963624,66,0
"mean",0.149044950515486,0.1,0.0149044950515486,0.2,"variance","calendar10",100,5.98513223328857,0.210378585060145,2.64790808584731,6.01977910115979,9.99624307530127,5.70194682730915,19,0
"mean",0.149044950515486,0.1,0.0149044950515486,0.2,"variance","cusum_tuned",100,2.23969674514648,0.0505279524740749,1.36236040754363,2.26501873006235,3.09828470264774,1.50520322900617,49.28,0.531831218004777
"mean",0.149044950515486,0.1,0.0149044950515486,0.2,"variance","debt_threshold_tuned",100,2.15479300905383,0.0484688233767656,1.31984419004396,2.2236956083336,3.01052506670472,1.66160326779809,33.09,0.539752094236163
"mean",0.149044950515486,0.1,0.0149044950515486,0.2,"variance","debt_utility_tuned",100,2.27881635956606,0.0486453076047979,1.48240594725389,2.31504504511947,3.05772376255309,1.3706854760752,60.93,0.361884796669611
"mean",0.149044950515486,0.1,0.0149044950515486,0.2,"variance","hybrid_utility_tuned",100,2.35395982325675,0.0467079642259423,1.52770132775973,2.43981167917513,3.05620818078839,1.40633202787929,63.58,0.651831917356651
"mean",0.149044950515486,0.1,0.0149044950515486,0.2,"variance","never_retrain",100,156.430612369073,6.01594355271031,61.7561929557651,160.563740151538,255.77425964953,156.430612369073,0,0
"mean",0.149044950515486,0.25,0.0372612376288715,0.02,"abrupt_coef","alarm_tuned",100,11.5412156471143,1.57663304901737,0.331508414854319,4.0555392665864,47.7862302862642,11.0966890822019,11.93,0.468018604482145
"mean",0.149044950515486,0.25,0.0372612376288715,0.02,"abrupt_coef","always_retrain",100,9.29706072398747,0.256209112595761,7.46347378862595,8.08919363492603,16.3073475301449,1.88207443584203,199,0
"mean",0.149044950515486,0.25,0.0372612376288715,0.02,"abrupt_coef","calendar_tuned",100,6.91780213792647,0.748230916763584,1.52720841672773,3.29964365017499,26.0547603345302,5.46461387040048,39,0
"mean",0.149044950515486,0.25,0.0372612376288715,0.02,"abrupt_coef","calendar10",100,10.7981878088925,1.40348418675569,0.809428569687117,3.89823059108673,45.3961469747875,10.090224293944,19,0
"mean",0.149044950515486,0.25,0.0372612376288715,0.02,"abrupt_coef","cusum_tuned",100,3.85896931134066,0.351085773673506,0.420926939678738,2.66252480216541,12.7298086403549,2.86409426664979,26.7,1.47247472582106
"mean",0.149044950515486,0.25,0.0372612376288715,0.02,"abrupt_coef","debt_threshold_tuned",100,3.72083647040778,0.326640177652823,0.40128847504659,2.56795780753238,11.8043061344223,2.60560762817566,29.93,2.07316938843195
"mean",0.149044950515486,0.25,0.0372612376288715,0.02,"abrupt_coef","debt_utility_tuned",100,4.55023269190979,0.344105539975679,0.602612210906548,3.55224133020956,12.8524072795714,3.13356043726009,38.02,2.40521235333732
"mean",0.149044950515486,0.25,0.0372612376288715,0.02,"abrupt_coef","hybrid_utility_tuned",100,4.64528204378194,0.357798094301258,0.560936704781682,3.77475785003282,13.0138456536793,3.4581390129261,31.86,2.10895253812901
"mean",0.149044950515486,0.25,0.0372612376288715,0.02,"abrupt_coef","never_retrain",100,213.035054428136,33.4351073004974,0.72809535968802,61.0116280204888,1220.89709568141,213.035054428136,0,0
"mean",0.149044950515486,0.25,0.0372612376288715,0.02,"gradual","alarm_tuned",100,5.07333738939388,0.470117515153009,0.590225893852763,2.99813540728746,16.2206062980911,4.63626307200721,11.73,0.388172355761945
"mean",0.149044950515486,0.25,0.0372612376288715,0.02,"gradual","always_retrain",100,8.2170539524904,0.0738243614177303,7.50704130374379,7.89911447029065,9.87487972017241,0.802067664344962,199,0
"mean",0.149044950515486,0.25,0.0372612376288715,0.02,"gradual","calendar_tuned",100,3.78745429049931,0.225654297552234,1.631607530876,2.74354435795889,9.1006617752689,2.33426602297332,39,0
"mean",0.149044950515486,0.25,0.0372612376288715,0.02,"gradual","calendar10",100,4.96868524803517,0.435236984297254,0.99466161205362,3.09004456202944,15.1804956178416,4.26072173308662,19,0
"mean",0.149044950515486,0.25,0.0372612376288715,0.02,"gradual","cusum_tuned",100,2.69118136318734,0.16213584653429,0.628557112627874,2.12379409487783,6.20591937536658,1.76822050712019,24.77,1.12661601105418
"mean",0.149044950515486,0.25,0.0372612376288715,0.02,"gradual","debt_threshold_tuned",100,2.6086579443719,0.1427073545779,0.393104223063954,2.18821296191241,5.66821332398233,1.60297714076865,26.99,1.61679911984742
"mean",0.149044950515486,0.25,0.0372612376288715,0.02,"gradual","debt_utility_tuned",100,3.89509720216047,0.20665480981987,0.918991375798768,3.35227092873991,8.51445949084801,2.65057186535615,33.4,2.02659090767493
"mean",0.149044950515486,0.25,0.0372612376288715,0.02,"gradual","hybrid_utility_tuned",100,3.65434378125805,0.234163907933333,0.861600463684514,3.02477679132169,9.8392329597372,2.45937589050014,32.07,1.95810952944235
"mean",0.149044950515486,0.25,0.0372612376288715,0.02,"gradual","never_retrain",100,62.2132344755638,9.62419667366507,0.817991474696635,19.2733927136203,331.90948192387,62.2132344755638,0,0
"mean",0.149044950515486,0.25,0.0372612376288715,0.02,"none","alarm_tuned",100,0.440491989335348,0.0112273570359033,0.272011013286555,0.426459763453815,0.698496734596236,0.30933243288172,3.52,0.250042420643402
"mean",0.149044950515486,0.25,0.0372612376288715,0.02,"none","always_retrain",100,7.46732890541427,0.000706961364348371,7.45475322639141,7.46784493187374,7.48187126269199,0.0523426172688275,199,0
"mean",0.149044950515486,0.25,0.0372612376288715,0.02,"none","calendar_tuned",100,1.54806332047549,0.0015419815591692,1.52445498578384,1.54654982157618,1.58474262191554,0.094875052949495,39,0
"mean",0.149044950515486,0.25,0.0372612376288715,0.02,"none","calendar10",100,0.838696203957587,0.00279397316803671,0.792915885845677,0.835232645345565,0.897419362796253,0.130732689009028,19,0
"mean",0.149044950515486,0.25,0.0372612376288715,0.02,"none","cusum_tuned",100,0.455698802607402,0.0061964849281465,0.347829506420078,0.449998762093456,0.583751880433979,0.174003846133134,7.56,0.112204719107081
"mean",0.149044950515486,0.25,0.0372612376288715,0.02,"none","debt_threshold_tuned",100,0.466993205059135,0.0147630275561631,0.250518544922551,0.452615545378203,0.783436167121716,0.370859211976646,2.58,0.191316544506794
"mean",0.149044950515486,0.25,0.0372612376288715,0.02,"none","debt_utility_tuned",100,0.693445148535736,0.0262968361661339,0.307707708385838,0.647155124380207,1.40318617802443,0.44267701929343,6.73,0.450780467969754
"mean",0.149044950515486,0.25,0.0372612376288715,0.02,"none","hybrid_utility_tuned",100,0.717654574670701,0.0259286093524532,0.324798198956945,0.674572257451501,1.30586608413073,0.415093325124264,8.12,0.71382877159128
"mean",0.149044950515486,0.25,0.0372612376288715,0.02,"none","never_retrain",100,0.960623495874141,0.0627027269397995,0.235519535367029,0.797527145687905,2.70619320460349,0.960623495874141,0,0
"mean",0.149044950515486,0.25,0.0372612376288715,0.02,"variance","alarm_tuned",100,6.17730232429925,0.26447915153349,0.308247610873003,6.50036391920199,10.6863824034703,5.70110370740227,12.78,0.36364595946935
"mean",0.149044950515486,0.25,0.0372612376288715,0.02,"variance","always_retrain",100,8.40246821052736,0.0428277510135068,7.46234058054627,8.44244683851086,9.07186974850937,0.987481922381919,199,0
"mean",0.149044950515486,0.25,0.0372612376288715,0.02,"variance","calendar_tuned",100,4.29056450613227,0.125770414347279,1.54328620708324,4.28070327668579,6.19900262599726,2.83737623860628,39,0
"mean",0.149044950515486,0.25,0.0372612376288715,0.02,"variance","calendar10",100,5.84841259522131,0.23105856393054,0.842961653267029,6.01509850676238,9.95752959340518,5.14044908027275,19,0
"mean",0.149044950515486,0.25,0.0372612376288715,0.02,"variance","cusum_tuned",100,3.02469119527195,0.0942443542230667,0.428258916265995,3.18212859562806,4.2252215382317,2.05925252830788,25.91,0.606545942034056
"mean",0.149044950515486,0.25,0.0372612376288715,0.02,"variance","debt_threshold_tuned",100,2.79340205192981,0.0794437488787866,0.341334750087511,2.87972831126406,3.88151509573502,1.63718584830592,31.03,1.03029416217217
"mean",0.149044950515486,0.25,0.0372612376288715,0.02,"variance","debt_utility_tuned",100,3.50347668944763,0.125176722774525,0.439692764874049,3.5024147215949,6.74509407905611,2.01489024617422,39.95,1.30843224872171
"mean",0.149044950515486,0.25,0.0372612376288715,0.02,"variance","hybrid_utility_tuned",100,3.47874035510493,0.097393611650886,0.635659808670604,3.56099598919285,5.04887755270748,1.63430909247579,49.5,1.52960680231783
"mean",0.149044950515486,0.25,0.0372612376288715,0.02,"variance","never_retrain",100,111.392438402996,6.51859224575035,0.407579355760456,108.584986888077,226.647308046032,111.392438402996,0,0
"mean",0.149044950515486,0.25,0.0372612376288715,0.05,"abrupt_coef","alarm_tuned",100,12.0279350628884,1.70940618040974,0.46274150617311,5.69592514598981,69.5793593540399,11.5025516123213,14.1,0.389897681475797
"mean",0.149044950515486,0.25,0.0372612376288715,0.05,"abrupt_coef","always_retrain",100,9.36597113133216,0.292390014191168,7.47118015398307,8.27642996561962,18.7720874929759,1.95098484318672,199,0
"mean",0.149044950515486,0.25,0.0372612376288715,0.05,"abrupt_coef","calendar_tuned",100,7.1538289033825,0.845985089114604,1.54954300431842,4.01943222616994,35.6659201281988,5.70064063585651,39,0
"mean",0.149044950515486,0.25,0.0372612376288715,0.05,"abrupt_coef","calendar10",100,11.4729860418556,1.68519416400447,0.851023153538848,5.31822666965522,68.4828077999811,10.7650225269071,19,0
"mean",0.149044950515486,0.25,0.0372612376288715,0.05,"abrupt_coef","cusum_tuned",100,4.2084526777851,0.380749501258078,0.472454999672978,3.16039170876621,16.1642520588714,3.12415066278494,29.1,1.42208411576926
"mean",0.149044950515486,0.25,0.0372612376288715,0.05,"abrupt_coef","debt_threshold_tuned",100,3.95349142661057,0.360169673160475,0.511699517484754,3.02744908468684,14.7571979729296,2.66537044178048,34.57,1.9822574112472
"mean",0.149044950515486,0.25,0.0372612376288715,0.05,"abrupt_coef","debt_utility_tuned",100,4.69984079984275,0.348101208621396,0.733581374816841,3.59940352720549,14.9835813696435,3.01600547139405,45.19,2.29741598366952
"mean",0.149044950515486,0.25,0.0372612376288715,0.05,"abrupt_coef","hybrid_utility_tuned",100,4.44514847463461,0.351990372345286,0.630134661162823,3.37485603000602,15.2452249396089,3.12088408930452,35.54,1.90721225506198
"mean",0.149044950515486,0.25,0.0372612376288715,0.05,"abrupt_coef","never_retrain",100,266.814577591337,44.7857743281624,0.728153304288974,108.213559824011,1696.90625007198,266.814577591337,0,0
"mean",0.149044950515486,0.25,0.0372612376288715,0.05,"gradual","alarm_tuned",100,6.43504470284967,0.501824788863359,1.14043131641627,5.17715832821989,19.6294958523447,5.94468681565372,13.16,0.275505045875807
"mean",0.149044950515486,0.25,0.0372612376288715,0.05,"gradual","always_retrain",100,8.43395818802106,0.0775766131911767,7.59793030462211,8.21858406007817,10.5059780004444,1.01897189987562,199,0
"mean",0.149044950515486,0.25,0.0372612376288715,0.05,"gradual","calendar_tuned",100,4.44693571635955,0.233579910348491,1.84454668256311,3.82844483464271,10.1364665116727,2.99374744883356,39,0
"mean",0.149044950515486,0.25,0.0372612376288715,0.05,"gradual","calendar10",100,6.15603967787319,0.446756225649576,1.36331468841972,4.94134463441793,17.6103191115697,5.44807616292464,19,0
"mean",0.149044950515486,0.25,0.0372612376288715,0.05,"gradual","cusum_tuned",100,3.20255357348852,0.161375842594085,1.05186784568676,2.85752268428153,7.14789281788353,2.15849369512754,28.02,1.09026731964359
"mean",0.149044950515486,0.25,0.0372612376288715,0.05,"gradual","debt_threshold_tuned",100,3.02746659851907,0.146356429166462,1.13651601449105,2.67810967546049,6.64006303904669,1.82206556122507,32.35,1.56826965059256
"mean",0.149044950515486,0.25,0.0372612376288715,0.05,"gradual","debt_utility_tuned",100,4.05352495330383,0.182901358384482,1.76612079640004,3.73808546126538,7.66545323898218,2.55785887488092,40.14,1.92883593931886
"mean",0.149044950515486,0.25,0.0372612376288715,0.05,"gradual","hybrid_utility_tuned",100,4.07557102909864,0.244320768877301,1.38167366265049,3.32407683542953,11.3711206201199,2.64511211652626,38.39,1.95597478862519
"mean",0.149044950515486,0.25,0.0372612376288715,0.05,"gradual","never_retrain",100,89.9487941657175,12.0656392351057,3.49806322070727,35.5015131942626,437.50834656288,89.9487941657175,0,0
"mean",0.149044950515486,0.25,0.0372612376288715,0.05,"none","alarm_tuned",100,0.435238999075232,0.0154986899725396,0.194670544989185,0.411298286345602,0.82893310125781,0.313022139652534,3.28,0.267453384968882
"mean",0.149044950515486,0.25,0.0372612376288715,0.05,"none","always_retrain",100,7.46718161337714,0.000708526330716442,7.45370617865276,7.46736527835526,7.47989437238248,0.0521953252317,199,0
"mean",0.149044950515486,0.25,0.0372612376288715,0.05,"none","calendar_tuned",100,1.5433882564513,0.00139554758849937,1.51945457132604,1.54316395172036,1.57613299625981,0.0901999889253113,39,0
"mean",0.149044950515486,0.25,0.0372612376288715,0.05,"none","calendar10",100,0.830540139899887,0.00223613038547652,0.795492292327428,0.827550785281989,0.886361036535052,0.122576624951328,19,0
"mean",0.149044950515486,0.25,0.0372612376288715,0.05,"none","cusum_tuned",100,0.438634414552626,0.00516927423783009,0.342943406961118,0.438177906207979,0.524157055594709,0.166254767485575,7.31,0.0917781690993687
"mean",0.149044950515486,0.25,0.0372612376288715,0.05,"none","debt_threshold_tuned",100,0.470524186559098,0.0186231791982128,0.22135534817969,0.432466374841235,0.969316763461947,0.381097216249807,2.4,0.189096736506942
"mean",0.149044950515486,0.25,0.0372612376288715,0.05,"none","debt_utility_tuned",100,0.688916470842112,0.0279429856992878,0.307500633615608,0.642345383648317,1.32704894567577,0.438893566352384,6.71,0.433285545150497
"mean",0.149044950515486,0.25,0.0372612376288715,0.05,"none","hybrid_utility_tuned",100,0.719414990052712,0.0269786043638709,0.310594436454871,0.69587774740298,1.26258714014515,0.460076776155766,6.96,0.680451424727836
"mean",0.149044950515486,0.25,0.0372612376288715,0.05,"none","never_retrain",100,0.816049463143411,0.047403691924577,0.206000975191563,0.669947434620155,1.85907207963428,0.816049463143411,0,0
"mean",0.149044950515486,0.25,0.0372612376288715,0.05,"variance","alarm_tuned",100,6.34589161229794,0.223108527691078,3.23788267252367,5.946074907267,10.8532017950403,5.81380113895766,14.28,0.179268998260641
"mean",0.149044950515486,0.25,0.0372612376288715,0.05,"variance","always_retrain",100,8.43507568490439,0.0357194267427762,7.95028881361643,8.36627226812928,9.06453613693878,1.02008939675895,199,0
"mean",0.149044950515486,0.25,0.0372612376288715,0.05,"variance","calendar_tuned",100,4.40378003460824,0.104027852734528,2.96114189180548,4.22313511242852,6.50312668864385,2.95059176708225,39,0
"mean",0.149044950515486,0.25,0.0372612376288715,0.05,"variance","calendar10",100,6.10140601171142,0.189416945316571,3.38037215209418,5.9014332778553,9.96263684252693,5.39344249676286,19,0
"mean",0.149044950515486,0.25,0.0372612376288715,0.05,"variance","cusum_tuned",100,3.15892094942295,0.062977559263763,2.15547925870413,3.1227766903854,4.33009675186251,2.15324014581971,26.99,0.376452070808704
"mean",0.149044950515486,0.25,0.0372612376288715,0.05,"variance","debt_threshold_tuned",100,2.87813136398674,0.0541603653858912,1.96297532392155,2.82076655522141,3.86301801130362,1.6213098187649,33.73,0.558471036840675
"mean",0.149044950515486,0.25,0.0372612376288715,0.05,"variance","debt_utility_tuned",100,3.37022628414001,0.0924258242816312,2.25610287231457,3.20746183519542,4.82777448566153,1.7359484017377,43.86,0.813400394652106
"mean",0.149044950515486,0.25,0.0372612376288715,0.05,"variance","hybrid_utility_tuned",100,3.49518967563435,0.0627683016615203,2.41964777413072,3.39599977953902,4.65788222376866,1.48606374268559,53.92,0.848013722015907
"mean",0.149044950515486,0.25,0.0372612376288715,0.05,"variance","never_retrain",100,131.37428565493,5.69447752347956,54.0855287049158,117.112479867126,250.386607225716,131.37428565493,0,0
"mean",0.149044950515486,0.25,0.0372612376288715,0.1,"abrupt_coef","alarm_tuned",100,13.7727519908041,2.03624945574783,0.460050854285857,6.01870348565601,59.1888398998624,13.2265022471648,14.66,0.369334646097656
"mean",0.149044950515486,0.25,0.0372612376288715,0.1,"abrupt_coef","always_retrain",100,9.51101382298257,0.283749131735995,7.46870273281403,8.38789065487747,16.7975749012995,2.09602753483713,199,0
"mean",0.149044950515486,0.25,0.0372612376288715,0.1,"abrupt_coef","calendar_tuned",100,8.03443152535682,1.007221853469,1.56048606532228,4.21456029958696,33.4298535201324,6.58124325783083,39,0
"mean",0.149044950515486,0.25,0.0372612376288715,0.1,"abrupt_coef","calendar10",100,12.1547572817552,1.61803523632663,0.847791870115149,6.03208914384765,61.4699464455822,11.4467937668066,19,0
"mean",0.149044950515486,0.25,0.0372612376288715,0.1,"abrupt_coef","cusum_tuned",100,4.40691671952078,0.362316921933974,0.477800304263329,3.45039629629956,12.7099021192407,3.29429616392267,29.86,1.39732934304311
"mean",0.149044950515486,0.25,0.0372612376288715,0.1,"abrupt_coef","debt_threshold_tuned",100,4.17051302780966,0.350137013656681,0.461326594629315,3.1538470475165,12.4628791124623,2.81047785435584,36.5,1.94128458979766
"mean",0.149044950515486,0.25,0.0372612376288715,0.1,"abrupt_coef","debt_utility_tuned",100,4.6321748421717,0.348818669536123,0.826091799366628,3.66867598661546,12.9778538856106,2.82388698004256,48.53,2.22594685335014
"mean",0.149044950515486,0.25,0.0372612376288715,0.1,"abrupt_coef","hybrid_utility_tuned",100,4.54840163069649,0.347777397265054,0.952072422095481,3.54186001068511,13.0673168654687,3.19693654189732,36.27,1.70672200431119
"mean",0.149044950515486,0.25,0.0372612376288715,0.1,"abrupt_coef","never_retrain",100,303.801201763386,41.4015494113071,1.2526537405113,133.861168660888,1348.72054298213,303.801201763386,0,0
"mean",0.149044950515486,0.25,0.0372612376288715,0.1,"gradual","alarm_tuned",100,6.54771230691304,0.47052211491103,1.33677848551392,5.37512255800063,19.0604357497841,6.03537028951606,13.75,0.285817982625165
"mean",0.149044950515486,0.25,0.0372612376288715,0.1,"gradual","always_retrain",100,8.4595184030496,0.0730391357758715,7.63355095304536,8.30418356400633,10.2815562410169,1.04453211490416,199,0
"mean",0.149044950515486,0.25,0.0372612376288715,0.1,"gradual","calendar_tuned",100,4.48344267339372,0.223213896452446,2.02941179038686,3.89530737343397,10.1412878847858,3.03025440586773,39,0
"mean",0.149044950515486,0.25,0.0372612376288715,0.1,"gradual","calendar10",100,6.23707431218508,0.421258210441828,1.62906458195311,5.21899079661057,16.7796716695719,5.52911079723652,19,0
"mean",0.149044950515486,0.25,0.0372612376288715,0.1,"gradual","cusum_tuned",100,3.33188250891335,0.156090238403207,1.21811466391821,3.08198042569057,6.79624899370611,2.23006771222761,29.57,1.04391019003001
"mean",0.149044950515486,0.25,0.0372612376288715,0.1,"gradual","debt_threshold_tuned",100,3.08790343406083,0.139544521062676,1.20551772663594,2.87713380507232,6.26613467976814,1.80947037101424,34.31,1.50162840902398
"mean",0.149044950515486,0.25,0.0372612376288715,0.1,"gradual","debt_utility_tuned",100,3.94994807455633,0.16495084023313,1.6445375485512,3.5829157812939,8.60297408891052,2.33616387284991,43.31,1.7844273053506
"mean",0.149044950515486,0.25,0.0372612376288715,0.1,"gradual","hybrid_utility_tuned",100,3.92742975598453,0.204994576822244,1.53408311568723,3.31698935386436,8.99062917252211,2.48616508449977,38.68,1.83934990711612
"mean",0.149044950515486,0.25,0.0372612376288715,0.1,"gradual","never_retrain",100,99.5782908902433,11.9130047619753,2.63945669333486,46.9442067700413,388.882065516609,99.5782908902433,0,0
"mean",0.149044950515486,0.25,0.0372612376288715,0.1,"none","alarm_tuned",100,0.418034221548469,0.0109199300514082,0.23664292097081,0.411741303763653,0.631178565451871,0.270107108161849,3.97,0.272457947825593
"mean",0.149044950515486,0.25,0.0372612376288715,0.1,"none","always_retrain",100,7.46826118996393,0.000818194510971958,7.45560602021518,7.46765649508374,7.48498537139787,0.0532749018184896,199,0
"mean",0.149044950515486,0.25,0.0372612376288715,0.1,"none","calendar_tuned",100,1.54663841245117,0.00158733561222442,1.52029252996357,1.54563522976077,1.57982739881424,0.0934501449251832,39,0
"mean",0.149044950515486,0.25,0.0372612376288715,0.1,"none","calendar10",100,0.836223432198524,0.00278001619906138,0.792372365805818,0.831334479279821,0.884634690213881,0.128259917249965,19,0
"mean",0.149044950515486,0.25,0.0372612376288715,0.1,"none","cusum_tuned",100,0.44578909468224,0.00600964736540944,0.33391679066419,0.44894111474794,0.576021587409089,0.171173773357457,7.37,0.106035061858964
"mean",0.149044950515486,0.25,0.0372612376288715,0.1,"none","debt_threshold_tuned",100,0.463889809613401,0.0174671485370731,0.235435025059875,0.42973120513692,0.891872741840826,0.381542474453595,2.21,0.19137725184894
"mean",0.149044950515486,0.25,0.0372612376288715,0.1,"none","debt_utility_tuned",100,0.68215035714992,0.0243179241315481,0.297766792550817,0.656863383563149,1.27126384755798,0.451503296227205,6.19,0.391241226060978
"mean",0.149044950515486,0.25,0.0372612376288715,0.1,"none","hybrid_utility_tuned",100,0.67340745515767,0.0247976568928247,0.266892110865181,0.644111207927979,1.2158531921768,0.431209410570005,6.5,0.669614693972465
"mean",0.149044950515486,0.25,0.0372612376288715,0.1,"none","never_retrain",100,0.819081026593297,0.0600397776473974,0.263060355309257,0.618315379111448,2.64785430808929,0.819081026593297,0,0
"mean",0.149044950515486,0.25,0.0372612376288715,0.1,"variance","alarm_tuned",100,6.24768679447915,0.217989858253838,3.2392026019272,5.91929991040933,10.8274790686168,5.69659308994814,14.79,0.131268096395557
"mean",0.149044950515486,0.25,0.0372612376288715,0.1,"variance","always_retrain",100,8.39582083887449,0.0333403046788316,7.89871906465138,8.36267746527584,9.00615685593292,0.980834550729056,199,0
"mean",0.149044950515486,0.25,0.0372612376288715,0.1,"variance","calendar_tuned",100,4.31838334424873,0.105278416507863,2.76296439765451,4.238652080436,6.15046500492444,2.86519507672274,39,0
"mean",0.149044950515486,0.25,0.0372612376288715,0.1,"variance","calendar10",100,5.9323294650283,0.193736491182941,3.13386042988836,5.79760679797868,9.84135840732224,5.22436595007974,19,0
"mean",0.149044950515486,0.25,0.0372612376288715,0.1,"variance","cusum_tuned",100,3.09352413260142,0.0601255884506338,2.03666867892559,3.04297914851689,4.20708048343068,2.1001395374157,26.66,0.355965041979
"mean",0.149044950515486,0.25,0.0372612376288715,0.1,"variance","debt_threshold_tuned",100,2.7885330661646,0.0540964762561065,1.92180319904605,2.78616891967645,3.78944081120632,1.543635116984,33.41,0.494636893656
"mean",0.149044950515486,0.25,0.0372612376288715,0.1,"variance","debt_utility_tuned",100,3.11428214572366,0.0561963604097991,2.18873476557941,3.05367422848562,4.35346342487416,1.45615707123888,44.5,0.572165830309481
"mean",0.149044950515486,0.25,0.0372612376288715,0.1,"variance","hybrid_utility_tuned",100,3.40467206396055,0.059116877188042,2.45939864896872,3.43189907645442,4.43406319588476,1.42200160972829,53.21,0.742272649953295
"mean",0.149044950515486,0.25,0.0372612376288715,0.1,"variance","never_retrain",100,135.628721945368,5.32586994466935,62.3293144275523,128.298774130622,235.420086980599,135.628721945368,0,0
"mean",0.149044950515486,0.25,0.0372612376288715,0.2,"abrupt_coef","alarm_tuned",100,10.1378269502904,1.26147769035891,0.443222628376704,5.87542163531027,39.1550660783597,9.58487018387799,14.84,0.340445341138677
"mean",0.149044950515486,0.25,0.0372612376288715,0.2,"abrupt_coef","always_retrain",100,9.06455886782879,0.20816275880223,7.46722704618389,8.32366745265258,15.1410222337989,1.64957257968335,199,0
"mean",0.149044950515486,0.25,0.0372612376288715,0.2,"abrupt_coef","calendar_tuned",100,6.29452657203345,0.594157542868779,1.54599206141244,4.09483000027658,23.0965723569581,4.84133830450746,39,0
"mean",0.149044950515486,0.25,0.0372612376288715,0.2,"abrupt_coef","calendar10",100,9.82936358181751,1.14385588699062,0.836785328704549,5.50773771934209,44.5040510926539,9.12140006686895,19,0
"mean",0.149044950515486,0.25,0.0372612376288715,0.2,"abrupt_coef","cusum_tuned",100,3.90352071364101,0.296897620003178,0.454633011556013,3.38261803462888,11.4858299389207,2.81139383873879,29.31,1.39317927232947
"mean",0.149044950515486,0.25,0.0372612376288715,0.2,"abrupt_coef","debt_threshold_tuned",100,3.68658405323341,0.282887772400393,0.465364850987959,3.1230035604043,11.1138409159939,2.37685155057857,35.15,1.91903674279624
"mean",0.149044950515486,0.25,0.0372612376288715,0.2,"abrupt_coef","debt_utility_tuned",100,4.08269271747216,0.283608374606578,0.578875848407795,3.46539799246096,11.4574694478047,2.28372016475024,48.28,2.20289433117965
"mean",0.149044950515486,0.25,0.0372612376288715,0.2,"abrupt_coef","hybrid_utility_tuned",100,4.02015147814533,0.279716015415305,0.596013456675152,3.44860614408327,11.2982134277365,2.75774074727916,33.88,1.80869281442972
"mean",0.149044950515486,0.25,0.0372612376288715,0.2,"abrupt_coef","never_retrain",100,251.400381704941,33.9859507451935,1.16837655147119,130.939711712196,1150.38768915258,251.400381704941,0,0
"mean",0.149044950515486,0.25,0.0372612376288715,0.2,"gradual","alarm_tuned",100,7.17771120459779,0.543877465443579,1.50132866686459,5.50704433105746,21.722049578396,6.65605387779359,14,0.261309831967395
"mean",0.149044950515486,0.25,0.0372612376288715,0.2,"gradual","always_retrain",100,8.53958424864892,0.0838742051499333,7.61889170994943,8.27505199634074,10.7191305493733,1.12459796050348,199,0
"mean",0.149044950515486,0.25,0.0372612376288715,0.2,"gradual","calendar_tuned",100,4.76246402791009,0.257956577802326,2.0049592477582,3.94435599438663,11.3605874419586,3.3092757603841,39,0
"mean",0.149044950515486,0.25,0.0372612376288715,0.2,"gradual","calendar10",100,6.81876695332901,0.493774317960823,1.62927895070007,5.22641637054174,19.3706187780116,6.11080343838045,19,0
"mean",0.149044950515486,0.25,0.0372612376288715,0.2,"gradual","cusum_tuned",100,3.54654152933348,0.173495929193787,1.25502270055533,3.17638760286069,7.52292165204803,2.40448459600856,30.65,1.17106314470608
"mean",0.149044950515486,0.25,0.0372612376288715,0.2,"gradual","debt_threshold_tuned",100,3.31665989125243,0.157351760032373,1.23088040406363,2.92886966602022,7.04718234231449,1.93799409898418,37,1.69628232832089
"mean",0.149044950515486,0.25,0.0372612376288715,0.2,"gradual","debt_utility_tuned",100,4.02091433116474,0.173465098317698,1.69669266090579,3.56696299986428,8.18548788667912,2.2655374264686,47.11,1.84192998254713
"mean",0.149044950515486,0.25,0.0372612376288715,0.2,"gradual","hybrid_utility_tuned",100,3.91186435542299,0.163908815910021,1.50485357643423,3.52277181482534,7.56197084946372,2.30925852500523,43.01,1.9878161714085
"mean",0.149044950515486,0.25,0.0372612376288715,0.2,"gradual","never_retrain",100,120.17340542768,15.9675438080312,4.16489614920632,50.855241795373,479.984687930685,120.17340542768,0,0
"mean",0.149044950515486,0.25,0.0372612376288715,0.2,"none","alarm_tuned",100,0.456396491209635,0.0204705853015817,0.25150404633747,0.406110326576621,1.10890572790793,0.311822889209613,3.88,0.264872753898123
"mean",0.149044950515486,0.25,0.0372612376288715,0.2,"none","always_retrain",100,7.46859585548061,0.000944496671952438,7.45170287052472,7.46771608366478,7.48845696512203,0.0536095673351744,199,0
"mean",0.149044950515486,0.25,0.0372612376288715,0.2,"none","calendar_tuned",100,1.54835734246985,0.00195732455926258,1.51999604997178,1.54500525670207,1.59382443119964,0.0951690749438543,39,0
"mean",0.149044950515486,0.25,0.0372612376288715,0.2,"none","calendar10",100,0.840807519015254,0.00334178849290267,0.798849094064989,0.832588118208224,0.907339787566251,0.132844004066694,19,0
"mean",0.149044950515486,0.25,0.0372612376288715,0.2,"none","cusum_tuned",100,0.451602672304985,0.00693211303246219,0.337217259731981,0.452544957639326,0.609473598935758,0.172143390088448,7.5,0.105887304300946
"mean",0.149044950515486,0.25,0.0372612376288715,0.2,"none","debt_threshold_tuned",100,0.482724290632108,0.0211866856057175,0.196398619019247,0.4319553814296,0.957388667508364,0.396650831709415,2.31,0.19524395514382
"mean",0.149044950515486,0.25,0.0372612376288715,0.2,"none","debt_utility_tuned",100,0.684570530081165,0.0265202706420953,0.233860430118438,0.662614363282346,1.17344341766613,0.423741866679064,7,0.515810630038395
"mean",0.149044950515486,0.25,0.0372612376288715,0.2,"none","hybrid_utility_tuned",100,0.693518814753855,0.0280232659615662,0.22167293540627,0.658155568425618,1.32295152967527,0.422629617191958,7.27,0.717860879575035
"mean",0.149044950515486,0.25,0.0372612376288715,0.2,"none","never_retrain",100,0.923452085937739,0.0660111306286622,0.213988627915989,0.784185305310711,2.46868555094318,0.923452085937739,0,0
"mean",0.149044950515486,0.25,0.0372612376288715,0.2,"variance","alarm_tuned",100,6.76532543245887,0.23233044644185,3.11833941173619,6.83551207814373,11.5037757546693,6.22093875070106,14.61,0.13095993681468
"mean",0.149044950515486,0.25,0.0372612376288715,0.2,"variance","always_retrain",100,8.48934820949962,0.0369452423482721,7.89428226242647,8.49339002938027,9.0717695475093,1.07436192135418,199,0
"mean",0.149044950515486,0.25,0.0372612376288715,0.2,"variance","calendar_tuned",100,4.53375428952729,0.109249799066019,2.80610335558901,4.5923208637571,6.42873301381821,3.0805660220013,39,0
"mean",0.149044950515486,0.25,0.0372612376288715,0.2,"variance","calendar10",100,6.40991034225771,0.210378585060145,3.07268619481644,6.44455721012893,10.4210211842704,5.70194682730915,19,0
"mean",0.149044950515486,0.25,0.0372612376288715,0.2,"variance","cusum_tuned",100,3.18737872616765,0.0681119170421672,1.99000734872059,3.20706905022811,4.28426510589577,2.19585719286338,26.61,0.372785041101017
"mean",0.149044950515486,0.25,0.0372612376288715,0.2,"variance","debt_threshold_tuned",100,2.89457762093745,0.0591384702555524,1.81800398721347,2.96951588915338,3.85084967226371,1.66160326779809,33.09,0.539752094236163
"mean",0.149044950515486,0.25,0.0372612376288715,0.2,"variance","debt_utility_tuned",100,3.220787927301,0.060945877410797,2.15267910471065,3.21673183916752,4.32236200023056,1.59358968004818,43.67,0.72988929560474
"mean",0.149044950515486,0.25,0.0372612376288715,0.2,"variance","hybrid_utility_tuned",100,3.55355774110238,0.0605361765483512,2.45951998000216,3.615137717632,4.45416109492032,1.51425020567424,54.73,0.680738606592171
"mean",0.149044950515486,0.25,0.0372612376288715,0.2,"variance","never_retrain",100,156.430612369073,6.01594355271031,61.7561929557651,160.563740151538,255.77425964953,156.430612369073,0,0
"mean",0.149044950515486,0.5,0.0745224752577431,0.02,"abrupt_coef","alarm_tuned",100,11.9857422120268,1.58334271948179,0.436904742139343,4.67034968746278,48.3237236390607,11.0966890822019,11.93,0.468018604482145
"mean",0.149044950515486,0.5,0.0745224752577431,0.02,"abrupt_coef","always_retrain",100,16.7120470121329,0.256209112595761,14.8784600767714,15.5041799230715,23.7223338182903,1.88207443584203,199,0
"mean",0.149044950515486,0.5,0.0745224752577431,0.02,"abrupt_coef","calendar_tuned",100,8.37099040545247,0.748230916763584,2.98039668425372,4.75283191770098,27.5079486020562,5.46461387040048,39,0
"mean",0.149044950515486,0.5,0.0745224752577431,0.02,"abrupt_coef","calendar10",100,11.5061513238411,1.40348418675569,1.51739208463568,4.60619410603529,46.1041104897361,10.090224293944,19,0
"mean",0.149044950515486,0.5,0.0745224752577431,0.02,"abrupt_coef","cusum_tuned",100,4.87786021795882,0.416889437873536,0.490148287401808,3.64679859573894,14.6886045118835,3.41647447815448,19.61,1.17386480731751
"mean",0.149044950515486,0.5,0.0745224752577431,0.02,"abrupt_coef","debt_threshold_tuned",100,4.76133336439753,0.382051201566953,0.572854293665706,3.48417330509097,13.624665983123,3.30590942261381,19.53,1.47986178715815
"mean",0.149044950515486,0.5,0.0745224752577431,0.02,"abrupt_coef","debt_utility_tuned",100,5.96690494655948,0.405680147033078,0.756002527481338,5.03094216079603,14.9409919196066,3.13356043726009,38.02,2.40521235333732
"mean",0.149044950515486,0.5,0.0745224752577431,0.02,"abrupt_coef","hybrid_utility_tuned",100,5.83242507463779,0.403083561983799,0.820048195930087,5.48877478096092,15.1768604980353,3.4581390129261,31.86,2.10895253812901
"mean",0.149044950515486,0.5,0.0745224752577431,0.02,"abrupt_coef","never_retrain",100,213.035054428136,33.4351073004974,0.72809535968802,61.0116280204888,1220.89709568141,213.035054428136,0,0
"mean",0.149044950515486,0.5,0.0745224752577431,0.02,"gradual","alarm_tuned",100,5.51041170678054,0.476740834389993,0.726958654916027,3.5128264731552,16.7208384132587,4.63626307200721,11.73,0.388172355761945
"mean",0.149044950515486,0.5,0.0745224752577431,0.02,"gradual","always_retrain",100,15.6320402406358,0.0738243614177303,14.9220275918893,15.3141007584361,17.2898660083179,0.802067664344962,199,0
"mean",0.149044950515486,0.5,0.0745224752577431,0.02,"gradual","calendar_tuned",100,5.2406425580253,0.225654297552234,3.08479579840199,4.19673262548488,10.5538500427949,2.33426602297332,39,0
"mean",0.149044950515486,0.5,0.0745224752577431,0.02,"gradual","calendar10",100,5.67664876298373,0.435236984297253,1.70262512700218,3.798008076978,15.8884591327902,4.26072173308662,19,0
"mean",0.149044950515486,0.5,0.0745224752577431,0.02,"gradual","cusum_tuned",100,3.55870117758838,0.216285296822832,0.780957266262468,2.78064134206496,8.20905874082703,2.2471056130521,17.6,0.866433535077602
"mean",0.149044950515486,0.5,0.0745224752577431,0.02,"gradual","debt_threshold_tuned",100,3.55438248814786,0.190891109878515,0.499866220314093,3.01834118967067,7.65002773275362,2.31209282560128,16.67,1.19020030569512
"mean",0.149044950515486,0.5,0.0745224752577431,0.02,"gradual","debt_utility_tuned",100,5.13962253896477,0.226675994268938,1.26353678654267,4.59862509938259,9.93661314178994,2.65057186535615,33.4,2.02659090767493
"mean",0.149044950515486,0.5,0.0745224752577431,0.02,"gradual","hybrid_utility_tuned",100,4.84931167201596,0.262871461804578,1.51031590708549,4.13385840974421,10.8562290111427,2.45937589050014,32.07,1.95810952944235
"mean",0.149044950515486,0.5,0.0745224752577431,0.02,"gradual","never_retrain",100,62.2132344755638,9.62419667366507,0.817991474696635,19.2733927136203,331.90948192387,62.2132344755638,0,0
"mean",0.149044950515486,0.5,0.0745224752577431,0.02,"none","alarm_tuned",100,0.571651545788975,0.0153596512565458,0.320709776292142,0.554201959137564,0.856381233403664,0.30933243288172,3.52,0.250042420643402
"mean",0.149044950515486,0.5,0.0745224752577431,0.02,"none","always_retrain",100,14.8823151935597,0.00070696136434864,14.8697395145369,14.8828312200192,14.8968575508374,0.0523426172688275,199,0
"mean",0.149044950515486,0.5,0.0745224752577431,0.02,"none","calendar_tuned",100,3.00125158800148,0.00154198155916919,2.97764325330983,2.99973808910216,3.03793088944153,0.094875052949495,39,0
"mean",0.149044950515486,0.5,0.0745224752577431,0.02,"none","calendar10",100,1.54665971890615,0.0027939731680367,1.50087940079423,1.54319616029413,1.60538287774481,0.130732689009028,19,0
"mean",0.149044950515486,0.5,0.0745224752577431,0.02,"none","cusum_tuned",100,0.569707935772979,0.0097948986724849,0.380644307901274,0.579332203786775,0.764033294861943,0.217961852556432,4.72,0.0888535283202051
"mean",0.149044950515486,0.5,0.0745224752577431,0.02,"none","debt_threshold_tuned",100,0.592719641732888,0.0272140819744149,0.238755596404516,0.519788776544643,1.3394655294631,0.533101661526694,0.8,0.0910100449556437
"mean",0.149044950515486,0.5,0.0745224752577431,0.02,"none","debt_utility_tuned",100,0.944213277778041,0.0329660978258742,0.401004718934335,0.902061671995035,1.62730384632151,0.44267701929343,6.73,0.450780467969754
"mean",0.149044950515486,0.5,0.0745224752577431,0.02,"none","hybrid_utility_tuned",100,1.02021582421714,0.0415672974229087,0.381621586340973,1.03294978580885,1.82972353959865,0.415093325124264,8.12,0.71382877159128
"mean",0.149044950515486,0.5,0.0745224752577431,0.02,"none","never_retrain",100,0.960623495874141,0.0627027269397995,0.235519535367029,0.797527145687905,2.70619320460349,0.960623495874141,0,0
"mean",0.149044950515486,0.5,0.0745224752577431,0.02,"variance","alarm_tuned",100,6.65350094119623,0.271723621971054,0.327809760628161,7.09654372126394,11.2648631176586,5.70110370740227,12.78,0.36364595946935
"mean",0.149044950515486,0.5,0.0745224752577431,0.02,"variance","always_retrain",100,15.8174544986728,0.0428277510135068,14.8773268686917,15.8574331266563,16.4868560366548,0.987481922381919,199,0
"mean",0.149044950515486,0.5,0.0745224752577431,0.02,"variance","calendar_tuned",100,5.74375277365826,0.125770414347279,2.99647447460923,5.73389154421178,7.65219089352325,2.83737623860628,39,0
"mean",0.149044950515486,0.5,0.0745224752577431,0.02,"variance","calendar10",100,6.55637611016986,0.23105856393054,1.55092516821559,6.72306202171093,10.6654931083537,5.14044908027275,19,0
"mean",0.149044950515486,0.5,0.0745224752577431,0.02,"variance","cusum_tuned",100,4.00483743443177,0.121809281514611,0.487434868312785,4.26784351674625,5.63440511320936,2.58965562928723,18.99,0.463080375683784
"mean",0.149044950515486,0.5,0.0745224752577431,0.02,"variance","debt_threshold_tuned",100,3.8039840880207,0.105730940216243,0.394725344292243,3.99538043417966,5.12385735352366,2.32992952742254,19.78,0.69928968289691
"mean",0.149044950515486,0.5,0.0745224752577431,0.02,"variance","debt_utility_tuned",100,4.99206313272105,0.13875053714216,0.589300290980738,5.1955037019256,7.4046777231577,2.01489024617422,39.95,1.30843224872171
"mean",0.149044950515486,0.5,0.0745224752577431,0.02,"variance","hybrid_utility_tuned",100,5.32317161773408,0.137612400902531,0.788430882948977,5.6065295379616,6.99751330598472,1.63430909247579,49.5,1.52960680231783
"mean",0.149044950515486,0.5,0.0745224752577431,0.02,"variance","never_retrain",100,111.392438402996,6.51859224575035,0.407579355760456,108.584986888077,226.647308046032,111.392438402996,0,0
"mean",0.149044950515486,0.5,0.0745224752577431,0.05,"abrupt_coef","alarm_tuned",100,12.5533185134555,1.71453629659892,0.596405564542894,6.25484371042289,70.2304994816044,11.5025516123213,14.1,0.389897681475797
"mean",0.149044950515486,0.5,0.0745224752577431,0.05,"abrupt_coef","always_retrain",100,16.7809574194776,0.292390014191168,14.8861664421285,15.6914162537651,26.1870737811214,1.95098484318672,199,0
"mean",0.149044950515486,0.5,0.0745224752577431,0.05,"abrupt_coef","calendar_tuned",100,8.60701717090849,0.845985089114605,3.00273127184441,5.47262049369593,37.1191083957248,5.70064063585651,39,0
"mean",0.149044950515486,0.5,0.0745224752577431,0.05,"abrupt_coef","calendar10",100,12.1809495568042,1.68519416400447,1.55898666848741,6.02619018460378,69.1907713149296,10.7650225269071,19,0
"mean",0.149044950515486,0.5,0.0745224752577431,0.05,"abrupt_coef","cusum_tuned",100,5.31266762867491,0.43763934128333,0.621807608530714,4.33429094583188,18.2293205172573,3.7245936809324,21.31,1.10212787760126
"mean",0.149044950515486,0.5,0.0745224752577431,0.05,"abrupt_coef","debt_threshold_tuned",100,5.07735051055544,0.400279905393885,0.698144745209609,4.12515926507658,16.6612730199834,3.38270942319436,22.74,1.42365442407626
"mean",0.149044950515486,0.5,0.0745224752577431,0.05,"abrupt_coef","debt_utility_tuned",100,6.38367612829146,0.40515915088788,1.25210953204222,5.66195952868285,17.8275453316671,3.01600547139405,45.19,2.29741598366952
"mean",0.149044950515486,0.5,0.0745224752577431,0.05,"abrupt_coef","hybrid_utility_tuned",100,5.76941285996471,0.404456469107163,1.03494627273126,4.88364986265158,17.6867675352407,3.12088408930452,35.54,1.90721225506198
"mean",0.149044950515486,0.5,0.0745224752577431,0.05,"abrupt_coef","never_retrain",100,266.814577591337,44.7857743281624,0.728153304288974,108.213559824011,1696.90625007198,266.814577591337,0,0
"mean",0.149044950515486,0.5,0.0745224752577431,0.05,"gradual","alarm_tuned",100,6.92540259004562,0.506736133664315,1.49802661223084,5.62429317976635,20.2061135046516,5.94468681565372,13.16,0.275505045875807
"mean",0.149044950515486,0.5,0.0745224752577431,0.05,"gradual","always_retrain",100,15.8489444761665,0.0775766131911767,15.0129165927675,15.6335703482236,17.9209642885898,1.01897189987562,199,0
"mean",0.149044950515486,0.5,0.0745224752577431,0.05,"gradual","calendar_tuned",100,5.90012398388554,0.233579910348491,3.2977349500891,5.2816331021687,11.5896547791986,2.99374744883356,39,0
"mean",0.149044950515486,0.5,0.0745224752577431,0.05,"gradual","calendar10",100,6.86400319282175,0.446756225649577,2.07127820336828,5.64930814936648,18.3182826265182,5.44807616292464,19,0
"mean",0.149044950515486,0.5,0.0745224752577431,0.05,"gradual","cusum_tuned",100,4.25100691990414,0.207383886412777,1.37565728459637,3.80070496716279,9.0918252096136,2.74267202068742,20.24,0.834256458401035
"mean",0.149044950515486,0.5,0.0745224752577431,0.05,"gradual","debt_threshold_tuned",100,4.11597382598289,0.18979722331038,1.65932685080529,3.80009782261894,8.7029454218715,2.58304650993112,20.57,1.12152988944981
"mean",0.149044950515486,0.5,0.0745224752577431,0.05,"gradual","debt_utility_tuned",100,5.54919103172673,0.207680486291831,2.420006622045,5.39266187113113,9.62590608577205,2.55785887488092,40.14,1.92883593931886
"mean",0.149044950515486,0.5,0.0745224752577431,0.05,"gradual","hybrid_utility_tuned",100,5.50602994167102,0.265236795312933,1.91343216683844,4.87505969662797,11.4432791467521,2.64511211652626,38.39,1.95597478862519
"mean",0.149044950515486,0.5,0.0745224752577431,0.05,"gradual","never_retrain",100,89.9487941657175,12.0656392351057,3.49806322070727,35.5015131942626,437.50834656288,89.9487941657175,0,0
"mean",0.149044950515486,0.5,0.0745224752577431,0.05,"none","alarm_tuned",100,0.557455858497931,0.0190172661169852,0.218962421148873,0.538639564604614,0.938011141749225,0.313022139652534,3.28,0.267453384968882
"mean",0.149044950515486,0.5,0.0745224752577431,0.05,"none","always_retrain",100,14.8821679015226,0.000708526330716326,14.8686924667982,14.8823515665007,14.8948806605279,0.0521953252317,199,0
"mean",0.149044950515486,0.5,0.0745224752577431,0.05,"none","calendar_tuned",100,2.99657652397729,0.00139554758849936,2.97264283885203,2.99635221924635,3.0293212637858,0.0901999889253113,39,0
"mean",0.149044950515486,0.5,0.0745224752577431,0.05,"none","calendar10",100,1.53850365484845,0.0022361303854765,1.50345580727598,1.53551430023055,1.59432455148361,0.122576624951328,19,0
"mean",0.149044950515486,0.5,0.0745224752577431,0.05,"none","cusum_tuned",100,0.54711181860617,0.00922395143896215,0.390406920282161,0.554633803214097,0.75569253234924,0.208034556183439,4.55,0.0770346898114313
"mean",0.149044950515486,0.5,0.0745224752577431,0.05,"none","debt_threshold_tuned",100,0.575779269850864,0.0266828892065412,0.206000975191563,0.534080902738038,1.15073016800338,0.525103986675599,0.68,0.082731157639939
"mean",0.149044950515486,0.5,0.0745224752577431,0.05,"none","debt_utility_tuned",100,0.93893937533184,0.033409526883189,0.417243688415029,0.896403184920103,1.62579857329847,0.438893566352384,6.71,0.433285545150497
"mean",0.149044950515486,0.5,0.0745224752577431,0.05,"none","hybrid_utility_tuned",100,0.978753203949658,0.0401748485903976,0.328293524328585,0.914138649389381,1.77020323874051,0.460076776155766,6.96,0.680451424727836
"mean",0.149044950515486,0.5,0.0745224752577431,0.05,"none","never_retrain",100,0.816049463143411,0.047403691924577,0.206000975191563,0.669947434620155,1.85907207963428,0.816049463143411,0,0
"mean",0.149044950515486,0.5,0.0745224752577431,0.05,"variance","alarm_tuned",100,6.87798208563823,0.225690772603306,3.61808121264129,6.46767591223749,11.3888320859553,5.81380113895766,14.28,0.179268998260641
"mean",0.149044950515486,0.5,0.0745224752577431,0.05,"variance","always_retrain",100,15.8500619730498,0.0357194267427763,15.3652751017619,15.7812585562748,16.4795224250842,1.02008939675895,199,0
"mean",0.149044950515486,0.5,0.0745224752577431,0.05,"variance","calendar_tuned",100,5.85696830213423,0.104027852734528,4.41433015933147,5.67632337995451,7.95631495616984,2.95059176708225,39,0
"mean",0.149044950515486,0.5,0.0745224752577431,0.05,"variance","calendar10",100,6.80936952665998,0.189416945316571,4.08833566704275,6.60939679280385,10.6706003574755,5.39344249676286,19,0
"mean",0.149044950515486,0.5,0.0745224752577431,0.05,"variance","cusum_tuned",100,4.19135694541401,0.0804872170964626,2.84675257827828,4.1718124465636,5.717725378783,2.70835968778492,19.9,0.319880028015555
"mean",0.149044950515486,0.5,0.0745224752577431,0.05,"variance","debt_threshold_tuned",100,3.87053475519768,0.0710190708181462,2.75937962682612,3.74718480260097,5.19250699868803,2.24892569358919,21.76,0.396734142465682
"mean",0.149044950515486,0.5,0.0745224752577431,0.05,"variance","debt_utility_tuned",100,5.00450416654231,0.0924487704538012,3.56058265877469,4.92024904887525,6.47827623297609,1.7359484017377,43.86,0.813400394652106
"mean",0.149044950515486,0.5,0.0745224752577431,0.05,"variance","hybrid_utility_tuned",100,5.5043156085831,0.0893852684509523,3.89045857863679,5.48269421225816,7.17621681364004,1.48606374268559,53.92,0.848013722015907
"mean",0.149044950515486,0.5,0.0745224752577431,0.05,"variance","never_retrain",100,131.37428565493,5.69447752347956,54.0855287049158,117.112479867126,250.386607225716,131.37428565493,0,0
"mean",0.149044950515486,0.5,0.0745224752577431,0.1,"abrupt_coef","alarm_tuned",100,14.3190017344433,2.04086570367689,0.655729132240138,6.63351390653239,59.7673206140506,13.2265022471648,14.66,0.369334646097656
"mean",0.149044950515486,0.5,0.0745224752577431,0.1,"abrupt_coef","always_retrain",100,16.926000111128,0.283749131735994,14.8836890209595,15.8028769430229,24.2125611894449,2.09602753483713,199,0
"mean",0.149044950515486,0.5,0.0745224752577431,0.1,"abrupt_coef","calendar_tuned",100,9.48761979288281,1.007221853469,3.01367433284827,5.66774856711295,34.8830417876584,6.58124325783083,39,0
"mean",0.149044950515486,0.5,0.0745224752577431,0.1,"abrupt_coef","calendar10",100,12.8627207967038,1.61803523632663,1.55575538506371,6.74005265879621,62.1779099605307,11.4467937668066,19,0
"mean",0.149044950515486,0.5,0.0745224752577431,0.1,"abrupt_coef","cusum_tuned",100,5.59320689153321,0.423889200514389,0.588356783837281,4.64045913570419,14.9399738742954,3.94104361506905,22.17,1.11146958863689
"mean",0.149044950515486,0.5,0.0745224752577431,0.1,"abrupt_coef","debt_threshold_tuned",100,5.32152537561506,0.395738793533396,0.685365873483729,4.44069831894403,13.7743598397122,3.50764832784159,24.34,1.40261084115202
"mean",0.149044950515486,0.5,0.0745224752577431,0.1,"abrupt_coef","debt_utility_tuned",100,6.44046270430083,0.41416274563349,1.13537106153389,5.5678709527321,15.7230755679177,2.82388698004256,48.53,2.22594685335014
"mean",0.149044950515486,0.5,0.0745224752577431,0.1,"abrupt_coef","hybrid_utility_tuned",100,5.89986671949566,0.399806791571855,1.28326027652282,4.8723565999608,15.3085803088454,3.19693654189732,36.27,1.70672200431119
"mean",0.149044950515486,0.5,0.0745224752577431,0.1,"abrupt_coef","never_retrain",100,303.801201763386,41.4015494113071,1.2526537405113,133.861168660888,1348.72054298213,303.801201763386,0,0
"mean",0.149044950515486,0.5,0.0745224752577431,0.1,"gradual","alarm_tuned",100,7.06005432431003,0.475442819149356,1.59666898162825,5.97114342221682,19.6212173760986,6.03537028951606,13.75,0.285817982625165
"mean",0.149044950515486,0.5,0.0745224752577431,0.1,"gradual","always_retrain",100,15.874504691195,0.0730391357758715,15.0485372411908,15.7191698521518,17.6965425291623,1.04453211490416,199,0
"mean",0.149044950515486,0.5,0.0745224752577431,0.1,"gradual","calendar_tuned",100,5.93663094091971,0.223213896452447,3.48260005791285,5.34849564095996,11.5944761523118,3.03025440586773,39,0
"mean",0.149044950515486,0.5,0.0745224752577431,0.1,"gradual","calendar10",100,6.94503782713364,0.421258210441829,2.33702809690167,5.92695431155913,17.4876351845205,5.52911079723652,19,0
"mean",0.149044950515486,0.5,0.0745224752577431,0.1,"gradual","cusum_tuned",100,4.41814884968204,0.205429177069985,1.64113648072375,4.1007075248226,9.20434859921184,2.84721507124882,21.08,0.79692337692332
"mean",0.149044950515486,0.5,0.0745224752577431,0.1,"gradual","debt_threshold_tuned",100,4.18265467034661,0.182701531402909,1.71825808921921,3.9121758899123,8.3163145188885,2.56402650774843,21.72,1.0755388595415
"mean",0.149044950515486,0.5,0.0745224752577431,0.1,"gradual","debt_utility_tuned",100,5.56373227626276,0.191587497240537,2.62122415769805,5.26302419750773,9.4681339045074,2.33616387284991,43.31,1.7844273053506
"mean",0.149044950515486,0.5,0.0745224752577431,0.1,"gradual","hybrid_utility_tuned",100,5.36869442746928,0.238312489624432,2.2000402714243,4.80587011385983,10.8227247852925,2.48616508449977,38.68,1.83934990711612
"mean",0.149044950515486,0.5,0.0745224752577431,0.1,"gradual","never_retrain",100,99.5782908902433,11.9130047619753,2.63945669333486,46.9442067700413,388.882065516609,99.5782908902433,0,0
"mean",0.149044950515486,0.5,0.0745224752577431,0.1,"none","alarm_tuned",100,0.565961334935089,0.0172689251256682,0.310001297312537,0.570856277980498,0.94770742767368,0.270107108161849,3.97,0.272457947825593
"mean",0.149044950515486,0.5,0.0745224752577431,0.1,"none","always_retrain",100,14.8832474781094,0.000818194510971655,14.8705923083606,14.8826427832292,14.8999716595433,0.0532749018184896,199,0
"mean",0.149044950515486,0.5,0.0745224752577431,0.1,"none","calendar_tuned",100,2.99982667997716,0.00158733561222438,2.97348079748956,2.99882349728676,3.03301566634023,0.0934501449251832,39,0
"mean",0.149044950515486,0.5,0.0745224752577431,0.1,"none","calendar10",100,1.54418694714708,0.0027800161990614,1.50033588075438,1.53929799422838,1.59259820516244,0.128259917249965,19,0
"mean",0.149044950515486,0.5,0.0745224752577431,0.1,"none","cusum_tuned",100,0.556205649876685,0.00849446928519568,0.386222608951525,0.559008005416217,0.713774219469689,0.213402263691067,4.6,0.0778498944161523
"mean",0.149044950515486,0.5,0.0745224752577431,0.1,"none","debt_threshold_tuned",100,0.599151551199078,0.024260067933864,0.263697285354921,0.554612844932166,1.15961915980748,0.541769245250616,0.77,0.0972916058334765
"mean",0.149044950515486,0.5,0.0745224752577431,0.1,"none","debt_utility_tuned",100,0.912797418072635,0.029238905609599,0.353205712120376,0.91380348307964,1.45270624497795,0.451503296227205,6.19,0.391241226060978
"mean",0.149044950515486,0.5,0.0745224752577431,0.1,"none","hybrid_utility_tuned",100,0.915605499745335,0.0403675196341779,0.29597785549629,0.88862902350986,1.86744066749628,0.431209410570005,6.5,0.669614693972465
"mean",0.149044950515486,0.5,0.0745224752577431,0.1,"none","never_retrain",100,0.819081026593297,0.0600397776473974,0.263060355309257,0.618315379111448,2.64785430808929,0.819081026593297,0,0
"mean",0.149044950515486,0.5,0.0745224752577431,0.1,"variance","alarm_tuned",100,6.79878049901016,0.219399344812057,3.76009704452035,6.4223266183991,11.4059597828051,5.69659308994814,14.79,0.131268096395557
"mean",0.149044950515486,0.5,0.0745224752577431,0.1,"variance","always_retrain",100,15.8108071270199,0.0333403046788315,15.3137053527968,15.7776637534212,16.4211431440784,0.980834550729056,199,0
"mean",0.149044950515486,0.5,0.0745224752577431,0.1,"variance","calendar_tuned",100,5.77157161177472,0.105278416507863,4.2161526651805,5.69184034796199,7.60365327245043,2.86519507672274,39,0
"mean",0.149044950515486,0.5,0.0745224752577431,0.1,"variance","calendar10",100,6.64029297997686,0.193736491182941,3.84182394483692,6.50557031292723,10.5493219222708,5.22436595007974,19,0
"mean",0.149044950515486,0.5,0.0745224752577431,0.1,"variance","cusum_tuned",100,4.11862649701211,0.0781085190966481,2.85920720807843,4.10311706224622,5.65998861694099,2.64382671166138,19.79,0.288603394283434
"mean",0.149044950515486,0.5,0.0745224752577431,0.1,"variance","debt_threshold_tuned",100,3.79848607393544,0.0696990623876355,2.62948789134024,3.74171964360246,5.06489231916561,2.17687701232695,21.76,0.353659083687592
"mean",0.149044950515486,0.5,0.0745224752577431,0.1,"variance","debt_utility_tuned",100,4.77240722020845,0.0724462772900545,3.44896310361755,4.68469840732649,6.28423365813236,1.45615707123888,44.5,0.572165830309481
"mean",0.149044950515486,0.5,0.0745224752577431,0.1,"variance","hybrid_utility_tuned",100,5.3873425181928,0.0847258324704638,3.90755882272727,5.40276258731696,6.89330487939028,1.42200160972829,53.21,0.742272649953295
"mean",0.149044950515486,0.5,0.0745224752577431,0.1,"variance","never_retrain",100,135.628721945368,5.32586994466935,62.3293144275523,128.298774130622,235.420086980599,135.628721945368,0,0
"mean",0.149044950515486,0.5,0.0745224752577431,0.2,"abrupt_coef","alarm_tuned",100,10.6907837167029,1.26709820707887,0.630628368571502,6.49023205618666,39.7885071180505,9.58487018387799,14.84,0.340445341138677
"mean",0.149044950515486,0.5,0.0745224752577431,0.2,"abrupt_coef","always_retrain",100,16.4795451559742,0.208162758802229,14.8822133343293,15.738653740798,22.5560085219443,1.64957257968335,199,0
"mean",0.149044950515486,0.5,0.0745224752577431,0.2,"abrupt_coef","calendar_tuned",100,7.74771483955944,0.594157542868778,2.99918032893843,5.54801826780256,24.549760624484,4.84133830450746,39,0
"mean",0.149044950515486,0.5,0.0745224752577431,0.2,"abrupt_coef","calendar10",100,10.5373270967661,1.14385588699062,1.54474884365311,6.21570123429064,45.2120146076024,9.12140006686895,19,0
"mean",0.149044950515486,0.5,0.0745224752577431,0.2,"abrupt_coef","cusum_tuned",100,5.03094196114794,0.356301646622534,0.574715890353095,4.42616436964307,13.8606161878573,3.43168964211677,21.46,1.07029874051098
"mean",0.149044950515486,0.5,0.0745224752577431,0.2,"abrupt_coef","debt_threshold_tuned",100,4.81203315107719,0.33607084630648,0.553101496748479,4.32826366611451,13.0519754730279,3.05553840925219,23.57,1.36213253778957
"mean",0.149044950515486,0.5,0.0745224752577431,0.2,"abrupt_coef","debt_utility_tuned",100,5.88166527019408,0.354259008982384,0.818901928147798,5.5706579184922,14.3265847452278,2.28372016475024,48.28,2.20289433117965
"mean",0.149044950515486,0.5,0.0745224752577431,0.2,"abrupt_coef","hybrid_utility_tuned",100,5.2825622090115,0.338302051710688,0.84938987255148,4.75631469108326,13.402541822827,2.75774074727916,33.88,1.80869281442972
"mean",0.149044950515486,0.5,0.0745224752577431,0.2,"abrupt_coef","never_retrain",100,251.400381704941,33.9859507451935,1.16837655147119,130.939711712196,1150.38768915258,251.400381704941,0,0
"mean",0.149044950515486,0.5,0.0745224752577431,0.2,"gradual","alarm_tuned",100,7.699368531402,0.548318548565427,2.00528690579508,6.06596289549053,22.2595429311924,6.65605387779359,14,0.261309831967395
"mean",0.149044950515486,0.5,0.0745224752577431,0.2,"gradual","always_retrain",100,15.9545705367943,0.0838742051499335,15.0338779980949,15.6900382844861,18.1341168375188,1.12459796050348,199,0
"mean",0.149044950515486,0.5,0.0745224752577431,0.2,"gradual","calendar_tuned",100,6.21565229543609,0.257956577802326,3.45814751528419,5.39754426191262,12.8137757094846,3.3092757603841,39,0
"mean",0.149044950515486,0.5,0.0745224752577431,0.2,"gradual","calendar10",100,7.52673046827757,0.493774317960823,2.33724246564863,5.9343798854903,20.0785822929602,6.11080343838045,19,0
"mean",0.149044950515486,0.5,0.0745224752577431,0.2,"gradual","cusum_tuned",100,4.70441372503514,0.229581061749577,1.57339342059807,4.220744892462,9.96134829151688,3.05448612282871,22.14,0.912873142193029
"mean",0.149044950515486,0.5,0.0745224752577431,0.2,"gradual","debt_threshold_tuned",100,4.4588602386964,0.204957177879476,1.4342637530731,4.04312458700252,9.13749744489355,2.69938459786108,23.61,1.23565669777146
"mean",0.149044950515486,0.5,0.0745224752577431,0.2,"gradual","debt_utility_tuned",100,5.77629123586088,0.207009361754109,2.7577064023879,5.44787267620845,10.1910842886513,2.2655374264686,47.11,1.84192998254713
"mean",0.149044950515486,0.5,0.0745224752577431,0.2,"gradual","hybrid_utility_tuned",100,5.51447018584076,0.221855304469081,2.24205297032358,4.99351117520153,10.6723105952363,2.30925852500523,43.01,1.9878161714085
"mean",0.149044950515486,0.5,0.0745224752577431,0.2,"gradual","never_retrain",100,120.17340542768,15.9675438080312,4.16489614920632,50.855241795373,479.984687930685,120.17340542768,0,0
"mean",0.149044950515486,0.5,0.0745224752577431,0.2,"none","alarm_tuned",100,0.600970093209656,0.0225186346150062,0.307157494212248,0.55581613510224,1.16434633892014,0.311822889209613,3.88,0.264872753898123
"mean",0.149044950515486,0.5,0.0745224752577431,0.2,"none","always_retrain",100,14.883582143626,0.000944496671952012,14.8666891586702,14.8827023718102,14.9034432532675,0.0536095673351744,199,0
"mean",0.149044950515486,0.5,0.0745224752577431,0.2,"none","calendar_tuned",100,3.00154560999584,0.00195732455926257,2.97318431749777,2.99819352422806,3.04701269872563,0.0951690749438543,39,0
"mean",0.149044950515486,0.5,0.0745224752577431,0.2,"none","calendar10",100,1.54877103396381,0.00334178849290267,1.50681260901355,1.54055163315679,1.61530330251481,0.132844004066694,19,0
"mean",0.149044950515486,0.5,0.0745224752577431,0.2,"none","cusum_tuned",100,0.573393090378553,0.0102799525221623,0.392331517263787,0.583090442984531,0.777745594732869,0.220901782409429,4.73,0.0789514618821801
"mean",0.149044950515486,0.5,0.0745224752577431,0.2,"none","debt_threshold_tuned",100,0.60953402910852,0.0279402428912215,0.213988627915989,0.608345684812388,1.07484437183227,0.553642172665213,0.75,0.0967919772950572
"mean",0.149044950515486,0.5,0.0745224752577431,0.2,"none","debt_utility_tuned",100,0.945399193483266,0.0381438920113304,0.233860430118438,0.921858734217214,1.63537559702408,0.423741866679064,7,0.515810630038395
"mean",0.149044950515486,0.5,0.0745224752577431,0.2,"none","hybrid_utility_tuned",100,0.964408012315751,0.0447266405367923,0.2616908100048,0.879881540917095,1.96472163422288,0.422629617191958,7.27,0.717860879575035
"mean",0.149044950515486,0.5,0.0745224752577431,0.2,"none","never_retrain",100,0.923452085937739,0.0660111306286622,0.213988627915989,0.784185305310711,2.46868555094318,0.923452085937739,0,0
"mean",0.149044950515486,0.5,0.0745224752577431,0.2,"variance","alarm_tuned",100,7.30971211421669,0.233654312041717,3.62229765066667,7.41306126139124,12.0803934069761,6.22093875070106,14.61,0.13095993681468
"mean",0.149044950515486,0.5,0.0745224752577431,0.2,"variance","always_retrain",100,15.9043344976451,0.0369452423482719,15.3092685505719,15.9083763175257,16.4867558356547,1.07436192135418,199,0
"mean",0.149044950515486,0.5,0.0745224752577431,0.2,"variance","calendar_tuned",100,5.98694255705329,0.109249799066019,4.259291623115,6.0455091312831,7.8819212813442,3.0805660220013,39,0
"mean",0.149044950515486,0.5,0.0745224752577431,0.2,"variance","calendar10",100,7.11787385720627,0.210378585060145,3.780649709765,7.15252072507749,11.128984699219,5.70194682730915,19,0
"mean",0.149044950515486,0.5,0.0745224752577431,0.2,"variance","cusum_tuned",100,4.24348760810852,0.0830735890563475,2.68411619568964,4.27934955791731,5.65863926499573,2.76943304751036,19.78,0.288353038387798
"mean",0.149044950515486,0.5,0.0745224752577431,0.2,"variance","debt_threshold_tuned",100,3.93455108046782,0.0742041801425291,2.65854888689463,3.93370823359002,5.03878583366583,2.29654707430262,21.98,0.392345961538224
"mean",0.149044950515486,0.5,0.0745224752577431,0.2,"variance","debt_utility_tuned",100,4.84798617455382,0.0830766832320005,3.29528022701168,4.93628639815788,6.25587070999914,1.59358968004818,43.67,0.72988929560474
"mean",0.149044950515486,0.5,0.0745224752577431,0.2,"variance","hybrid_utility_tuned",100,5.59286527653052,0.0829288486115259,4.07789077298295,5.73881577733281,6.82735357304499,1.51425020567424,54.73,0.680738606592171
"mean",0.149044950515486,0.5,0.0745224752577431,0.2,"variance","never_retrain",100,156.430612369073,6.01594355271031,61.7561929557651,160.563740151538,255.77425964953,156.430612369073,0,0
"mean",0.149044950515486,1,0.149044950515486,0.02,"abrupt_coef","alarm_tuned",100,12.9612606290153,1.61699074405253,0.67236433179722,5.89997052921554,53.3726676295992,11.2159442584789,11.71,0.483316614130892
"mean",0.149044950515486,1,0.149044950515486,0.02,"abrupt_coef","always_retrain",100,31.5420195884238,0.256209112595761,29.7084326530623,30.3341524993624,38.5523063945812,1.88207443584203,199,0
"mean",0.149044950515486,1,0.149044950515486,0.02,"abrupt_coef","calendar_tuned",100,12.9220783537382,1.40348418675569,2.9333191145328,6.02212113593241,47.5200375196332,10.090224293944,19,0
"mean",0.149044950515486,1,0.149044950515486,0.02,"abrupt_coef","calendar10",100,12.9220783537382,1.40348418675569,2.9333191145328,6.02212113593241,47.5200375196332,10.090224293944,19,0
"mean",0.149044950515486,1,0.149044950515486,0.02,"abrupt_coef","cusum_tuned",100,6.34564408027889,0.519786594709222,0.703907415750676,5.02316825677872,17.914607088589,4.22473443444352,14.23,0.887950198803714
"mean",0.149044950515486,1,0.149044950515486,0.02,"abrupt_coef","debt_threshold_tuned",100,6.1955794387804,0.468800634574703,0.59460439099047,5.11947547432319,16.4540920080583,3.85557371568726,15.7,1.24580102826262
"mean",0.149044950515486,1,0.149044950515486,0.02,"abrupt_coef","debt_utility_tuned",100,8.1090141747272,0.49781761878,0.614892537837719,7.86584982425514,17.4468876600254,5.93146744769595,14.61,1.37627039567819
"mean",0.149044950515486,1,0.149044950515486,0.02,"abrupt_coef","hybrid_utility_tuned",100,7.71540096455417,0.48512919312378,0.595532653533911,7.62818601328409,17.3565154059337,5.12947107311048,17.35,1.61635423410248
"mean",0.149044950515486,1,0.149044950515486,0.02,"abrupt_coef","never_retrain",100,213.035054428136,33.4351073004974,0.72809535968802,61.0116280204888,1220.89709568141,213.035054428136,0,0
"mean",0.149044950515486,1,0.149044950515486,0.02,"gradual","alarm_tuned",100,6.3729493075346,0.499471394620115,0.805483830166874,4.41061790226403,17.7213026435939,4.69470316473022,11.26,0.395586765310581
"mean",0.149044950515486,1,0.149044950515486,0.02,"gradual","always_retrain",100,30.4620128169267,0.0738243614177302,29.7520001681801,30.144073334727,32.1198385846087,0.802067664344962,199,0
"mean",0.149044950515486,1,0.149044950515486,0.02,"gradual","calendar_tuned",100,7.09257579288085,0.435236984297254,3.1185521568993,5.21393510687512,17.3043861626873,4.26072173308662,19,0
"mean",0.149044950515486,1,0.149044950515486,0.02,"gradual","calendar10",100,7.09257579288085,0.435236984297254,3.1185521568993,5.21393510687512,17.3043861626873,4.26072173308662,19,0
"mean",0.149044950515486,1,0.149044950515486,0.02,"gradual","cusum_tuned",100,4.75370614528463,0.287282957266829,1.04997602597575,3.71926206159681,10.9718408874278,2.89511561235652,12.47,0.650167810506012
"mean",0.149044950515486,1,0.149044950515486,0.02,"gradual","debt_threshold_tuned",100,4.76867877736014,0.25997370563993,0.644436874509679,4.00364737366166,10.4086565151601,2.91306914344234,12.45,0.958573751134276
"mean",0.149044950515486,1,0.149044950515486,0.02,"gradual","debt_utility_tuned",100,7.70778543496882,0.385753928547022,1.07439124386239,7.64650681993326,15.8294861733601,6.31570559715418,9.34,1.06165679553948
"mean",0.149044950515486,1,0.149044950515486,0.02,"gradual","hybrid_utility_tuned",100,6.83137367395747,0.349736461311358,0.756166798949904,6.4673785918535,13.1880555217994,4.86547077665821,13.19,1.40631296716491
"mean",0.149044950515486,1,0.149044950515486,0.02,"gradual","never_retrain",100,62.2132344755638,9.62419667366507,0.817991474696635,19.2733927136203,331.90948192387,62.2132344755638,0,0
"mean",0.149044950515486,1,0.149044950515486,0.02,"none","alarm_tuned",100,0.83021168724658,0.0314658584463795,0.36800943836331,0.790647517956374,1.42966347547344,0.310044809947533,3.49,0.250048480147835
"mean",0.149044950515486,1,0.149044950515486,0.02,"none","always_retrain",100,29.7122877698506,0.000706961364348583,29.6997120908278,29.71280379631,29.7268301271283,0.0523426172688275,199,0
"mean",0.149044950515486,1,0.149044950515486,0.02,"none","calendar_tuned",100,2.96258674880327,0.00279397316803669,2.91680643069135,2.95912319019124,3.02130990764193,0.130732689009028,19,0
"mean",0.149044950515486,1,0.149044950515486,0.02,"none","calendar10",100,2.96258674880327,0.00279397316803669,2.91680643069135,2.95912319019124,3.02130990764193,0.130732689009028,19,0
"mean",0.149044950515486,1,0.149044950515486,0.02,"none","cusum_tuned",100,0.708273252789674,0.0145911591426466,0.470563420577501,0.720433935754492,1.01695481877852,0.276042896294764,2.9,0.0659047368816107
"mean",0.149044950515486,1,0.149044950515486,0.02,"none","debt_threshold_tuned",100,0.706682355644929,0.0326900523168671,0.235519535367029,0.650496797239553,1.47871457589527,0.647064375438735,0.4,0.0619546918189723
"mean",0.149044950515486,1,0.149044950515486,0.02,"none","debt_utility_tuned",100,0.875294248908186,0.0479160874823617,0.235519535367029,0.743484945735505,1.79544936232305,0.852937506330863,0.15,0.0358870281282637
"mean",0.149044950515486,1,0.149044950515486,0.02,"none","hybrid_utility_tuned",100,0.821273080051755,0.0405498522579594,0.243952372712058,0.738316840853346,1.736823808494,0.754202852319786,0.45,0.0891882585015845
"mean",0.149044950515486,1,0.149044950515486,0.02,"none","never_retrain",100,0.960623495874141,0.0627027269397995,0.235519535367029,0.797527145687905,2.70619320460349,0.960623495874141,0,0
"mean",0.149044950515486,1,0.149044950515486,0.02,"variance","alarm_tuned",100,7.53425340800399,0.285506539211328,0.3633155462969,8.00753212732879,12.3391513549533,5.66075838002433,12.57,0.36577163488834
"mean",0.149044950515486,1,0.149044950515486,0.02,"variance","always_retrain",100,30.6474270749637,0.0428277510135067,29.7072994449826,30.6874057029472,31.3168286129457,0.987481922381919,199,0
"mean",0.149044950515486,1,0.149044950515486,0.02,"variance","calendar_tuned",100,7.97230314006698,0.23105856393054,2.96685219811271,8.13898905160805,12.0814201382509,5.14044908027275,19,0
"mean",0.149044950515486,1,0.149044950515486,0.02,"variance","calendar10",100,7.97230314006698,0.23105856393054,2.96685219811271,8.13898905160805,12.0814201382509,5.14044908027275,19,0
"mean",0.149044950515486,1,0.149044950515486,0.02,"variance","cusum_tuned",100,5.39012604441094,0.167493459002947,0.608374877200646,5.61792605552457,7.59063473468933,3.3705669649261,13.55,0.357707346100895
"mean",0.149044950515486,1,0.149044950515486,0.02,"variance","debt_threshold_tuned",100,5.16777019623681,0.142617868443895,0.407579355760456,5.49732781014132,6.74540115148959,2.87247795829832,15.4,0.572254093453902
"mean",0.149044950515486,1,0.149044950515486,0.02,"variance","debt_utility_tuned",100,6.44534296309365,0.241471782297131,0.407579355760456,6.50526650443665,11.7976635994407,4.30207657468096,14.38,0.607658197384422
"mean",0.149044950515486,1,0.149044950515486,0.02,"variance","hybrid_utility_tuned",100,6.40654285467677,0.199543554390214,0.444486056698234,6.67412417310923,10.6401933854609,2.88013932548037,23.66,0.950621274788655
"mean",0.149044950515486,1,0.149044950515486,0.02,"variance","never_retrain",100,111.392438402996,6.51859224575035,0.407579355760456,108.584986888077,226.647308046032,111.392438402996,0,0
"mean",0.149044950515486,1,0.149044950515486,0.05,"abrupt_coef","alarm_tuned",100,13.5621797475718,1.72485769500522,0.815460554087875,7.25305291616272,71.5327797367335,11.5083403294684,13.78,0.412085114283617
"mean",0.149044950515486,1,0.149044950515486,0.05,"abrupt_coef","always_retrain",100,31.6109299957685,0.292390014191168,29.7161390184194,30.5213888300559,41.0170463574123,1.95098484318672,199,0
"mean",0.149044950515486,1,0.149044950515486,0.05,"abrupt_coef","calendar_tuned",100,13.5968765867013,1.68519416400447,2.97491369838453,7.4421172145009,70.6066983448268,10.7650225269071,19,0
"mean",0.149044950515486,1,0.149044950515486,0.05,"abrupt_coef","calendar10",100,13.5968765867013,1.68519416400447,2.97491369838453,7.4421172145009,70.6066983448268,10.7650225269071,19,0
"mean",0.149044950515486,1,0.149044950515486,0.05,"abrupt_coef","cusum_tuned",100,6.90829055397536,0.523822520425972,0.784466084750109,5.93570420772588,21.8339336982724,4.60703651801625,15.44,0.84713659113534
"mean",0.149044950515486,1,0.149044950515486,0.05,"abrupt_coef","debt_threshold_tuned",100,6.67456961067772,0.484869521705178,0.627377518969577,5.88704359509286,20.1520224485336,3.99325095090412,17.99,1.18334357656685
"mean",0.149044950515486,1,0.149044950515486,0.05,"abrupt_coef","debt_utility_tuned",100,7.57144507057718,0.471542648294954,0.728153304288974,6.680697410519,20.613766416746,4.89608820882421,17.95,1.32683073448718
"mean",0.149044950515486,1,0.149044950515486,0.05,"abrupt_coef","hybrid_utility_tuned",100,7.36093466357562,0.477058273550924,0.748545450080788,6.56218863386925,20.7233136911719,4.37854520376074,20.01,1.44498400955816
"mean",0.149044950515486,1,0.149044950515486,0.05,"abrupt_coef","never_retrain",100,266.814577591337,44.7857743281624,0.728153304288974,108.213559824011,1696.90625007198,266.814577591337,0,0
"mean",0.149044950515486,1,0.149044950515486,0.05,"gradual","alarm_tuned",100,7.8499161855978,0.523631670111451,2.18714650962626,6.39875485473826,21.4755433875767,5.96151666256658,12.67,0.29269041113039
"mean",0.149044950515486,1,0.149044950515486,0.05,"gradual","always_retrain",100,30.6789170524574,0.0775766131911766,29.8428891690584,30.4635429245144,32.7509368648807,1.01897189987562,199,0
"mean",0.149044950515486,1,0.149044950515486,0.05,"gradual","calendar_tuned",100,8.27993022271887,0.446756225649577,3.4872052332654,7.0652351792636,19.7342096564154,5.44807616292464,19,0
"mean",0.149044950515486,1,0.149044950515486,0.05,"gradual","calendar10",100,8.27993022271887,0.446756225649577,3.4872052332654,7.0652351792636,19.7342096564154,5.44807616292464,19,0
"mean",0.149044950515486,1,0.149044950515486,0.05,"gradual","cusum_tuned",100,5.67695866837696,0.283006366668756,1.85271526099694,5.18716092847863,12.2302659156688,3.52474958293334,14.44,0.644215912108775
"mean",0.149044950515486,1,0.149044950515486,0.05,"gradual","debt_threshold_tuned",100,5.57815490020996,0.25987795522806,2.21263001259923,5.13935029296352,11.6917093636424,3.20386883849827,15.93,0.917974824152481
"mean",0.149044950515486,1,0.149044950515486,0.05,"gradual","debt_utility_tuned",100,8.69540396293507,0.360837994324556,2.66530213032822,8.20229003757743,15.2018717655483,6.71906791909973,13.26,1.07323922041753
"mean",0.149044950515486,1,0.149044950515486,0.05,"gradual","hybrid_utility_tuned",100,8.18302720542925,0.380692684492001,2.61576177048692,7.55151950836473,16.1371570148285,5.48978494961441,18.07,1.39792450772312
"mean",0.149044950515486,1,0.149044950515486,0.05,"gradual","never_retrain",100,89.9487941657175,12.0656392351057,3.49806322070727,35.5015131942626,437.50834656288,89.9487941657175,0,0
"mean",0.149044950515486,1,0.149044950515486,0.05,"none","alarm_tuned",100,0.739844731711818,0.0315890698238744,0.248319717923101,0.742612575454954,1.4468034272444,0.331461567299386,2.74,0.232083231325803
"mean",0.149044950515486,1,0.149044950515486,0.05,"none","always_retrain",100,29.7121404778135,0.000708526330716585,29.698665043089,29.7123241427916,29.7248532368188,0.0521953252317,199,0
"mean",0.149044950515486,1,0.149044950515486,0.05,"none","calendar_tuned",100,2.95443068474557,0.00223613038547648,2.9193828371731,2.95144133012767,3.01025158138073,0.122576624951328,19,0
"mean",0.149044950515486,1,0.149044950515486,0.05,"none","calendar10",100,2.95443068474557,0.00223613038547648,2.9193828371731,2.95144133012767,3.01025158138073,0.122576624951328,19,0
"mean",0.149044950515486,1,0.149044950515486,0.05,"none","cusum_tuned",100,0.690844671251381,0.0138998709997891,0.457421928371483,0.698934484461477,1.00883317544369,0.267557011787401,2.84,0.0581186525805423
"mean",0.149044950515486,1,0.149044950515486,0.05,"none","debt_threshold_tuned",100,0.708426796840289,0.0348567116118243,0.206000975191563,0.649550095157315,1.56169172286868,0.663713311685643,0.3,0.0559581373109678
"mean",0.149044950515486,1,0.149044950515486,0.05,"none","debt_utility_tuned",100,0.794135956481651,0.044575206845815,0.206000975191563,0.672640910362395,1.75106980631946,0.764326966378554,0.2,0.0426401432711221
"mean",0.149044950515486,1,0.149044950515486,0.05,"none","hybrid_utility_tuned",100,0.767093234242274,0.0418407525467169,0.206000975191563,0.657195355256174,1.72146034875821,0.716417951067009,0.34,0.057243057891483
"mean",0.149044950515486,1,0.149044950515486,0.05,"none","never_retrain",100,0.816049463143411,0.047403691924577,0.206000975191563,0.669947434620155,1.85907207963428,0.816049463143411,0,0
"mean",0.149044950515486,1,0.149044950515486,0.05,"variance","alarm_tuned",100,7.91810953626,0.231443005967319,4.42255592537218,7.54572319143847,12.7121631513825,5.82551843102258,14.04,0.181419765497399
"mean",0.149044950515486,1,0.149044950515486,0.05,"variance","always_retrain",100,30.6800345493407,0.0357194267427761,30.1952476780527,30.6112311325655,31.3094950013751,1.02008939675895,199,0
"mean",0.149044950515486,1,0.149044950515486,0.05,"variance","calendar_tuned",100,8.2252965565571,0.189416945316571,5.50426269693986,8.02532382270098,12.0865273873726,5.39344249676286,19,0
"mean",0.149044950515486,1,0.149044950515486,0.05,"variance","calendar10",100,8.2252965565571,0.189416945316571,5.50426269693986,8.02532382270098,12.0865273873726,5.39344249676286,19,0
"mean",0.149044950515486,1,0.149044950515486,0.05,"variance","cusum_tuned",100,5.71828496833398,0.107750049614269,3.95225058827052,5.69075928020127,7.57024991323808,3.54371914031303,14.59,0.233590767079194
"mean",0.149044950515486,1,0.149044950515486,0.05,"variance","debt_threshold_tuned",100,5.33477470978795,0.0925398510845692,3.70924684562858,5.24535081416736,7.14831873656351,2.78312515696283,17.12,0.33098567212421
"mean",0.149044950515486,1,0.149044950515486,0.05,"variance","debt_utility_tuned",100,5.98012150985089,0.117459143026453,4.16962447378665,5.76787485708986,8.39698032645652,3.52237027585052,16.49,0.375915045205857
"mean",0.149044950515486,1,0.149044950515486,0.05,"variance","hybrid_utility_tuned",100,6.47056239452836,0.1163530420588,4.47838881057633,6.42047154178703,8.56206610830282,2.43889648308446,27.05,0.612557974992794
"mean",0.149044950515486,1,0.149044950515486,0.05,"variance","never_retrain",100,131.37428565493,5.69447752347956,54.0855287049158,117.112479867126,250.386607225716,131.37428565493,0,0
"mean",0.149044950515486,1,0.149044950515486,0.1,"abrupt_coef","alarm_tuned",100,15.3155395797081,2.04249698156972,0.874294481046332,7.86585020146426,60.9242820424271,13.1692922922851,14.4,0.396448883428516
"mean",0.149044950515486,1,0.149044950515486,0.1,"abrupt_coef","always_retrain",100,31.7559726874189,0.283749131735994,29.7136615972503,30.6328495193138,39.0425337657358,2.09602753483713,199,0
"mean",0.149044950515486,1,0.149044950515486,0.1,"abrupt_coef","calendar_tuned",100,14.2786478266009,1.61803523632663,2.97168241496083,8.15597968869333,63.5938369904279,11.4467937668066,19,0
"mean",0.149044950515486,1,0.149044950515486,0.1,"abrupt_coef","calendar10",100,14.2786478266009,1.61803523632663,2.97168241496083,8.15597968869333,63.5938369904279,11.4467937668066,19,0
"mean",0.149044950515486,1,0.149044950515486,0.1,"abrupt_coef","cusum_tuned",100,7.28544942113917,0.513631081645184,0.775803175791176,6.33142264263667,18.1818355289244,4.86644987427283,16.23,0.846604030133559
"mean",0.149044950515486,1,0.149044950515486,0.1,"abrupt_coef","debt_threshold_tuned",100,6.95180474846656,0.478317540562896,0.967162070873757,5.8906316691815,16.730242754119,4.0677849559919,19.35,1.16422905518171
"mean",0.149044950515486,1,0.149044950515486,0.1,"abrupt_coef","debt_utility_tuned",100,7.51007844185418,0.451103329145823,1.2526537405113,6.24075048820391,16.9258488239469,4.58134516422488,19.65,1.29999028745401
"mean",0.149044950515486,1,0.149044950515486,0.1,"abrupt_coef","hybrid_utility_tuned",100,7.47324387410304,0.468276459461423,1.2526537405113,6.43381928626718,17.5654097212807,4.30305777663865,21.27,1.36358521789606
"mean",0.149044950515486,1,0.149044950515486,0.1,"abrupt_coef","never_retrain",100,303.801201763386,41.4015494113071,1.2526537405113,133.861168660888,1348.72054298213,303.801201763386,0,0
"mean",0.149044950515486,1,0.149044950515486,0.1,"gradual","alarm_tuned",100,8.03725832045092,0.485243562122505,2.19873640397855,7.05445435375351,20.2163314699481,6.02068013997639,13.53,0.280495593152152
"mean",0.149044950515486,1,0.149044950515486,0.1,"gradual","always_retrain",100,30.7044772674859,0.0730391357758711,29.8785098174817,30.5491424284427,32.5265151054532,1.04453211490416,199,0
"mean",0.149044950515486,1,0.149044950515486,0.1,"gradual","calendar_tuned",100,8.36096485703076,0.421258210441829,3.75295512679878,7.34288134145625,18.9035622144176,5.52911079723652,19,0
"mean",0.149044950515486,1,0.149044950515486,0.1,"gradual","calendar10",100,8.36096485703076,0.421258210441829,3.75295512679878,7.34288134145625,18.9035622144176,5.52911079723652,19,0
"mean",0.149044950515486,1,0.149044950515486,0.1,"gradual","cusum_tuned",100,5.94766453113676,0.277578882220135,2.06761304672871,5.47674749909539,12.1143035679414,3.69559532884776,15.11,0.612478818433995
"mean",0.149044950515486,1,0.149044950515486,0.1,"gradual","debt_threshold_tuned",100,5.63085333297873,0.253779105086071,2.21339248523227,5.11681036940907,11.3915410939182,3.1090127702567,16.92,0.874403692914101
"mean",0.149044950515486,1,0.149044950515486,0.1,"gradual","debt_utility_tuned",100,8.23071028988757,0.368839372253072,2.88670643895668,7.34170783903306,17.2158989837203,6.12470513910375,14.13,1.08931031836524
"mean",0.149044950515486,1,0.149044950515486,0.1,"gradual","hybrid_utility_tuned",100,7.67790435533236,0.339475718619053,2.78225755771796,7.03681957445446,13.7850778480631,4.82816490147627,19.12,1.3995872407408
"mean",0.149044950515486,1,0.149044950515486,0.1,"gradual","never_retrain",100,99.5782908902433,11.9130047619753,2.63945669333486,46.9442067700413,388.882065516609,99.5782908902433,0,0
"mean",0.149044950515486,1,0.149044950515486,0.1,"none","alarm_tuned",100,0.806678487933187,0.0317676719671814,0.314540781769667,0.783654725100347,1.53425234611674,0.29247340865476,3.45,0.245926407650333
"mean",0.149044950515486,1,0.149044950515486,0.1,"none","always_retrain",100,29.7132200544002,0.000818194510972073,29.7005648846515,29.7126153595201,29.7299442358342,0.0532749018184896,199,0
"mean",0.149044950515486,1,0.149044950515486,0.1,"none","calendar_tuned",100,2.9601139770442,0.00278001619906136,2.9162629106515,2.95522502412549,3.00852523505956,0.128259917249965,19,0
"mean",0.149044950515486,1,0.149044950515486,0.1,"none","calendar10",100,2.9601139770442,0.00278001619906136,2.9162629106515,2.95522502412549,3.00852523505956,0.128259917249965,19,0
"mean",0.149044950515486,1,0.149044950515486,0.1,"none","cusum_tuned",100,0.690592564688274,0.0154597656932286,0.371902604366584,0.702263308227866,1.00951628383906,0.270285804234603,2.82,0.0687257762650399
"mean",0.149044950515486,1,0.149044950515486,0.1,"none","debt_threshold_tuned",100,0.663685507790039,0.0292916754167773,0.263697285354921,0.606307392862248,1.28945615199342,0.613010224614774,0.34,0.0623123445460712
"mean",0.149044950515486,1,0.149044950515486,0.1,"none","debt_utility_tuned",100,0.761628097788542,0.0407279779590783,0.263697285354921,0.640923138543838,1.77115387384675,0.734800006695755,0.18,0.0435310176190437
"mean",0.149044950515486,1,0.149044950515486,0.1,"none","hybrid_utility_tuned",100,0.726888446014512,0.0390450481218622,0.263060355309257,0.634800321774067,1.56983584706537,0.680684511354711,0.31,0.0544856574585172
"mean",0.149044950515486,1,0.149044950515486,0.1,"none","never_retrain",100,0.819081026593297,0.0600397776473974,0.263060355309257,0.618315379111448,2.64785430808929,0.819081026593297,0,0
"mean",0.149044950515486,1,0.149044950515486,0.1,"variance","alarm_tuned",100,7.91776870100446,0.224437313586718,4.75328721887184,7.44737798288635,12.7151557026748,5.7536360195196,14.52,0.138884444373331
"mean",0.149044950515486,1,0.149044950515486,0.1,"variance","always_retrain",100,30.6407797033108,0.0333403046788312,30.1436779290877,30.6076363297122,31.2511157203692,0.980834550729056,199,0
"mean",0.149044950515486,1,0.149044950515486,0.1,"variance","calendar_tuned",100,8.05622000987398,0.19373649118294,5.25775097473404,7.92149734282435,11.9652489521679,5.22436595007974,19,0
"mean",0.149044950515486,1,0.149044950515486,0.1,"variance","calendar10",100,8.05622000987398,0.19373649118294,5.25775097473404,7.92149734282435,11.9652489521679,5.22436595007974,19,0
"mean",0.149044950515486,1,0.149044950515486,0.1,"variance","cusum_tuned",100,5.59262493835763,0.102659452510746,3.8159337721638,5.5430200060371,7.63337300405355,3.44786810043978,14.39,0.229137601462615
"mean",0.149044950515486,1,0.149044950515486,0.1,"variance","debt_threshold_tuned",100,5.22339785925507,0.0942679118382393,3.39364014771224,5.15280942279315,7.01600535052576,2.68218145296603,17.05,0.293145601083051
"mean",0.149044950515486,1,0.149044950515486,0.1,"variance","debt_utility_tuned",100,5.56358197465787,0.0897173080971773,3.84648794140584,5.55296625599143,7.17900160924649,3.12818748323483,16.34,0.305247043516817
"mean",0.149044950515486,1,0.149044950515486,0.1,"variance","hybrid_utility_tuned",100,6.16620462511123,0.109567806458247,4.15686601900268,6.07804017618773,8.08783292998998,2.14646230970856,26.97,0.522900805626892
"mean",0.149044950515486,1,0.149044950515486,0.1,"variance","never_retrain",100,135.628721945368,5.32586994466935,62.3293144275523,128.298774130622,235.420086980599,135.628721945368,0,0
"mean",0.149044950515486,1,0.149044950515486,0.2,"abrupt_coef","alarm_tuned",100,11.7218467549114,1.27610175828859,0.928851611539364,7.71751057245317,41.0553891974321,9.53982867936472,14.64,0.35262937306395
"mean",0.149044950515486,1,0.149044950515486,0.2,"abrupt_coef","always_retrain",100,31.3095177322651,0.20816275880223,29.7121859106202,30.5686263170888,37.3859810982352,1.64957257968335,199,0
"mean",0.149044950515486,1,0.149044950515486,0.2,"abrupt_coef","calendar_tuned",100,11.9532541266632,1.14385588699062,2.96067587355023,7.63162826418776,46.6279416374995,9.12140006686895,19,0
"mean",0.149044950515486,1,0.149044950515486,0.2,"abrupt_coef","calendar10",100,11.9532541266632,1.14385588699062,2.96067587355023,7.63162826418776,46.6279416374995,9.12140006686895,19,0
"mean",0.149044950515486,1,0.149044950515486,0.2,"abrupt_coef","cusum_tuned",100,6.6535979983707,0.446724301079263,0.770543957019068,6.30370994583769,16.962769009933,4.33594901785489,15.55,0.809710635431765
"mean",0.149044950515486,1,0.149044950515486,0.2,"abrupt_coef","debt_threshold_tuned",100,6.39899505976062,0.418525543229993,0.836946380260768,5.95411255687344,16.3581868723983,3.63570167720351,18.54,1.1092285061194
"mean",0.149044950515486,1,0.149044950515486,0.2,"abrupt_coef","debt_utility_tuned",100,6.99861659877303,0.401411152912946,1.15263311566995,6.15651922035664,16.4542065932364,4.21892827165922,18.65,1.27075695249848
"mean",0.149044950515486,1,0.149044950515486,0.2,"abrupt_coef","hybrid_utility_tuned",100,6.98716811119538,0.415102676434962,0.869073998030397,6.35172386156524,16.455053363376,4.01372134841143,19.95,1.36028628894023
"mean",0.149044950515486,1,0.149044950515486,0.2,"abrupt_coef","never_retrain",100,251.400381704941,33.9859507451935,1.16837655147119,130.939711712196,1150.38768915258,251.400381704941,0,0
"mean",0.149044950515486,1,0.149044950515486,0.2,"gradual","alarm_tuned",100,8.71339803012253,0.559995336338832,2.28928082519946,7.11652659526768,23.4572523856504,6.67744400608099,13.66,0.27051018017028
"mean",0.149044950515486,1,0.149044950515486,0.2,"gradual","always_retrain",100,30.7845431130852,0.0838742051499333,29.8638505743858,30.520010860777,32.9640894138097,1.12459796050348,199,0
"mean",0.149044950515486,1,0.149044950515486,0.2,"gradual","calendar_tuned",100,8.94265749817469,0.493774317960823,3.75316949554575,7.35030691538742,21.4945093228573,6.11080343838045,19,0
"mean",0.149044950515486,1,0.149044950515486,0.2,"gradual","calendar10",100,8.94265749817469,0.493774317960823,3.75316949554575,7.35030691538742,21.4945093228573,6.11080343838045,19,0
"mean",0.149044950515486,1,0.149044950515486,0.2,"gradual","cusum_tuned",100,6.28868159284965,0.309621675399627,2.0445642788648,5.64854655229792,13.1248472487895,3.96059946579776,15.62,0.676858459160683
"mean",0.149044950515486,1,0.149044950515486,0.2,"gradual","debt_threshold_tuned",100,6.09822230457663,0.278281993515619,2.25117055756909,5.55647980894282,12.5653469936558,3.36324746261745,18.35,1.01018800130461
"mean",0.149044950515486,1,0.149044950515486,0.2,"gradual","debt_utility_tuned",100,8.13002831167159,0.352372750541468,2.36122175773704,7.61458788995379,16.4400816297896,5.71997146183618,16.17,1.21456273047654
"mean",0.149044950515486,1,0.149044950515486,0.2,"gradual","hybrid_utility_tuned",100,7.67018698190632,0.331347067149742,2.90782721042848,6.81156044183147,14.2238271067517,4.48211549038007,21.39,1.52679071879217
"mean",0.149044950515486,1,0.149044950515486,0.2,"gradual","never_retrain",100,120.17340542768,15.9675438080312,4.16489614920632,50.855241795373,479.984687930685,120.17340542768,0,0
"mean",0.149044950515486,1,0.149044950515486,0.2,"none","alarm_tuned",100,0.846555790985864,0.0338165691811531,0.381699043114189,0.802748805616375,1.64642273362614,0.347255206758986,3.35,0.26718699236469
"mean",0.149044950515486,1,0.149044950515486,0.2,"none","always_retrain",100,29.7135547199169,0.000944496671952664,29.696661734961,29.7126749481011,29.7334158295584,0.0536095673351744,199,0
"mean",0.149044950515486,1,0.149044950515486,0.2,"none","calendar_tuned",100,2.96469806386093,0.00334178849290268,2.92273963891067,2.9564786630539,3.03123033241193,0.132844004066694,19,0
"mean",0.149044950515486,1,0.149044950515486,0.2,"none","calendar10",100,2.96469806386093,0.00334178849290268,2.92273963891067,2.9564786630539,3.03123033241193,0.132844004066694,19,0
"mean",0.149044950515486,1,0.149044950515486,0.2,"none","cusum_tuned",100,0.724808923843755,0.0148795651061027,0.460800404851053,0.718115878402309,1.0247190719854,0.279164521802451,2.99,0.0658970730945179
"mean",0.149044950515486,1,0.149044950515486,0.2,"none","debt_threshold_tuned",100,0.691594709295851,0.032941914644299,0.213988627915989,0.659208293527224,1.52170865136839,0.646881224141205,0.3,0.0559581373109678
"mean",0.149044950515486,1,0.149044950515486,0.2,"none","debt_utility_tuned",100,0.815922791402186,0.0495146295720807,0.213988627915989,0.739620454642767,1.98377756988293,0.790585149814554,0.17,0.0427702341505507
"mean",0.149044950515486,1,0.149044950515486,0.2,"none","hybrid_utility_tuned",100,0.806173377446523,0.0462970280914424,0.213988627915989,0.709794980670428,1.79733735711014,0.745064947735173,0.41,0.0829932454352689
"mean",0.149044950515486,1,0.149044950515486,0.2,"none","never_retrain",100,0.923452085937739,0.0660111306286622,0.213988627915989,0.784185305310711,2.46868555094318,0.923452085937739,0,0
"mean",0.149044950515486,1,0.149044950515486,0.2,"variance","alarm_tuned",100,8.33122695673727,0.229096100326416,4.4559932188412,8.4768502725672,11.9972353625271,6.20286506337612,14.28,0.138593220642573
"mean",0.149044950515486,1,0.149044950515486,0.2,"variance","always_retrain",100,30.7343070739359,0.0369452423482716,30.1392411268628,30.7383488938166,31.3167284119456,1.07436192135418,199,0
"mean",0.149044950515486,1,0.149044950515486,0.2,"variance","calendar_tuned",100,8.53380088710339,0.210378585060145,5.19657673966212,8.56844775497462,12.5449117291161,5.70194682730915,19,0
"mean",0.149044950515486,1,0.149044950515486,0.2,"variance","calendar10",100,8.53380088710339,0.210378585060145,5.19657673966212,8.56844775497462,12.5449117291161,5.70194682730915,19,0
"mean",0.149044950515486,1,0.149044950515486,0.2,"variance","cusum_tuned",100,5.75977472588506,0.110448235331599,3.76184788310245,5.78166457730675,7.43332325848271,3.6090560899466,14.43,0.220309699369691
"mean",0.149044950515486,1,0.149044950515486,0.2,"variance","debt_threshold_tuned",100,5.40798648667133,0.100859456027415,3.6616302133038,5.50667623912311,6.91805757251618,2.82056614572249,17.36,0.325210110792417
"mean",0.149044950515486,1,0.149044950515486,0.2,"variance","debt_utility_tuned",100,5.77809026642162,0.0989478915602209,3.92246757439867,5.86328898017791,7.42381851287127,3.26072105221505,16.89,0.353880365563439
"mean",0.149044950515486,1,0.149044950515486,0.2,"variance","hybrid_utility_tuned",100,6.37177006811379,0.114390581720577,4.04556381131534,6.5676934747515,8.07030524061794,2.22235864576265,27.84,0.536490654366152
"mean",0.149044950515486,1,0.149044950515486,0.2,"variance","never_retrain",100,156.430612369073,6.01594355271031,61.7561929557651,160.563740151538,255.77425964953,156.430612369073,0,0
"mean",0.149044950515486,2,0.298089901030972,0.02,"abrupt_coef","alarm_tuned",100,14.7065769995516,1.64649566701908,1.04142854534154,8.35921221272106,55.5449977833624,11.2159442584789,11.71,0.483316614130892
"mean",0.149044950515486,2,0.298089901030972,0.02,"abrupt_coef","always_retrain",100,61.2019647410055,0.256209112595761,59.368377805644,59.9940976519441,68.2122515471629,1.88207443584203,199,0
"mean",0.149044950515486,2,0.298089901030972,0.02,"abrupt_coef","calendar_tuned",100,15.7539324135324,1.40348418675569,5.76517317432703,8.85397519572665,50.3518915794274,10.090224293944,19,0
"mean",0.149044950515486,2,0.298089901030972,0.02,"abrupt_coef","calendar10",100,15.7539324135324,1.40348418675569,5.76517317432703,8.85397519572665,50.3518915794274,10.090224293944,19,0
"mean",0.149044950515486,2,0.298089901030972,0.02,"abrupt_coef","cusum_tuned",100,8.49949790838741,0.670085651215936,0.727989427043991,7.01195958579319,22.297100782128,5.78687980900556,9.1,0.612908284865334
"mean",0.149044950515486,2,0.298089901030972,0.02,"abrupt_coef","debt_threshold_tuned",100,8.22660935994872,0.613618321534073,0.72809535968802,7.08568045594187,21.177025236371,4.6644350426286,11.95,0.997104393590346
"mean",0.149044950515486,2,0.298089901030972,0.02,"abrupt_coef","debt_utility_tuned",100,10.2865609017585,0.650042293718825,0.691667246602433,10.7584130180927,22.478660444761,5.93146744769595,14.61,1.37627039567819
"mean",0.149044950515486,2,0.298089901030972,0.02,"abrupt_coef","hybrid_utility_tuned",100,10.0958642359543,0.60557954847291,0.72809535968802,11.0829488532104,21.4485976331017,7.15669781178893,9.86,0.995243232033803
"mean",0.149044950515486,2,0.298089901030972,0.02,"abrupt_coef","never_retrain",100,213.035054428136,33.4351073004974,0.72809535968802,61.0116280204888,1220.89709568141,213.035054428136,0,0
"mean",0.149044950515486,2,0.298089901030972,0.02,"gradual","alarm_tuned",100,8.05119545033897,0.533667355035991,1.0886692361463,6.13632211103742,19.8623454276682,4.69470316473022,11.26,0.395586765310581
"mean",0.149044950515486,2,0.298089901030972,0.02,"gradual","always_retrain",100,60.1219579695085,0.0738243614177299,59.4119453207619,59.8040184873088,61.7797837371905,0.802067664344962,199,0
"mean",0.149044950515486,2,0.298089901030972,0.02,"gradual","calendar_tuned",100,9.92442985267509,0.435236984297253,5.95040621669354,8.04578916666935,20.1362402224815,4.26072173308662,19,0
"mean",0.149044950515486,2,0.298089901030972,0.02,"gradual","calendar10",100,9.92442985267509,0.435236984297253,5.95040621669354,8.04578916666935,20.1362402224815,4.26072173308662,19,0
"mean",0.149044950515486,2,0.298089901030972,0.02,"gradual","cusum_tuned",100,6.47121048666518,0.400400227341424,1.04166007357038,4.95702213397441,15.2310806128065,4.22063173388134,7.55,0.42838078973047
"mean",0.149044950515486,2,0.298089901030972,0.02,"gradual","debt_threshold_tuned",100,6.43951291066551,0.371769108388796,0.69260408740708,5.27175154396163,14.4564505830761,3.80737908456202,8.83,0.758394769406162
"mean",0.149044950515486,2,0.298089901030972,0.02,"gradual","debt_utility_tuned",100,9.09986527278346,0.462280084477301,1.07439124386239,9.23871575462864,16.7132215873621,6.31570559715418,9.34,1.06165679553948
"mean",0.149044950515486,2,0.298089901030972,0.02,"gradual","hybrid_utility_tuned",100,9.28684721342974,0.482478089448909,0.745990128917633,9.56908677956164,19.0688110753337,7.45657522109957,6.14,0.778631277734633
"mean",0.149044950515486,2,0.298089901030972,0.02,"gradual","never_retrain",100,62.2132344755638,9.62419667366507,0.817991474696635,19.2733927136203,331.90948192387,62.2132344755638,0,0
"mean",0.149044950515486,2,0.298089901030972,0.02,"none","alarm_tuned",100,1.35037856454563,0.0674150393007388,0.395020145987854,1.31232919494725,2.62202307959732,0.310044809947533,3.49,0.250048480147835
"mean",0.149044950515486,2,0.298089901030972,0.02,"none","always_retrain",100,59.3722329224323,0.000706961364348207,59.3596572434095,59.3727489488918,59.38677527971,0.0523426172688275,199,0
"mean",0.149044950515486,2,0.298089901030972,0.02,"none","calendar_tuned",100,5.7944408085975,0.0027939731680367,5.74866049048559,5.79097724998548,5.85316396743617,0.130732689009028,19,0
"mean",0.149044950515486,2,0.298089901030972,0.02,"none","calendar10",100,5.7944408085975,0.0027939731680367,5.74866049048559,5.79097724998548,5.85316396743617,0.130732689009028,19,0
"mean",0.149044950515486,2,0.298089901030972,0.02,"none","cusum_tuned",100,0.836538761777457,0.0232519859481179,0.513988201253544,0.820465549960079,1.22608522270101,0.392384809241308,1.49,0.0541136103793013
"mean",0.149044950515486,2,0.298089901030972,0.02,"none","debt_threshold_tuned",100,0.860515119036779,0.0430676666207905,0.235519535367029,0.783349628908357,1.69308679422591,0.830706128933682,0.1,0.0301511344577764
"mean",0.149044950515486,2,0.298089901030972,0.02,"none","debt_utility_tuned",100,0.897650991485509,0.0481064654883456,0.235519535367029,0.781617666911688,1.87369796134368,0.852937506330863,0.15,0.0358870281282637
"mean",0.149044950515486,2,0.298089901030972,0.02,"none","hybrid_utility_tuned",100,0.945234436181307,0.0580129132049007,0.235519535367029,0.797527145687905,2.58807834025986,0.939272638160687,0.02,0.014070529413629
"mean",0.149044950515486,2,0.298089901030972,0.02,"none","never_retrain",100,0.960623495874141,0.0627027269397995,0.235519535367029,0.797527145687905,2.70619320460349,0.960623495874141,0,0
"mean",0.149044950515486,2,0.298089901030972,0.02,"variance","alarm_tuned",100,9.40774843598365,0.323313974995313,0.493787593327584,9.92377360642911,14.6530742117061,5.66075838002433,12.57,0.36577163488834
"mean",0.149044950515486,2,0.298089901030972,0.02,"variance","always_retrain",100,60.3073722275454,0.0428277510135066,59.3672445975644,60.3473508555289,60.9767737655275,0.987481922381919,199,0
"mean",0.149044950515486,2,0.298089901030972,0.02,"variance","calendar_tuned",100,10.8041571998612,0.23105856393054,5.79870625790695,10.9708431114023,14.9132741980451,5.14044908027275,19,0
"mean",0.149044950515486,2,0.298089901030972,0.02,"variance","calendar10",100,10.8041571998612,0.23105856393054,5.79870625790695,10.9708431114023,14.9132741980451,5.14044908027275,19,0
"mean",0.149044950515486,2,0.298089901030972,0.02,"variance","cusum_tuned",100,7.47453796409754,0.230551456688103,0.551429695978933,8.06480489420528,10.3153636521852,4.92885020929303,8.54,0.247989898784184
"mean",0.149044950515486,2,0.298089901030972,0.02,"variance","debt_threshold_tuned",100,7.18370530992101,0.204594784587593,0.407579355760456,7.6547831624088,9.51790459027505,3.71393886192049,11.64,0.439816306926407
"mean",0.149044950515486,2,0.298089901030972,0.02,"variance","debt_utility_tuned",100,8.58860935150635,0.275199917285631,0.407579355760456,9.13880961889618,13.2205774434401,4.30207657468096,14.38,0.607658197384422
"mean",0.149044950515486,2,0.298089901030972,0.02,"variance","hybrid_utility_tuned",100,8.03141441610144,0.248143558291882,0.407579355760456,8.45712738728215,11.9280111554149,4.69578842356486,11.19,0.471981638060917
"mean",0.149044950515486,2,0.298089901030972,0.02,"variance","never_retrain",100,111.392438402996,6.51859224575035,0.407579355760456,108.584986888077,226.647308046032,111.392438402996,0,0
"mean",0.149044950515486,2,0.298089901030972,0.05,"abrupt_coef","alarm_tuned",100,15.6160191656752,1.75034733809629,1.33339175712919,9.45344848351479,74.1373402469916,11.5083403294684,13.78,0.412085114283617
"mean",0.149044950515486,2,0.298089901030972,0.05,"abrupt_coef","always_retrain",100,61.2708751483502,0.292390014191168,59.3760841710011,60.1813339826377,70.6769915099941,1.95098484318672,199,0
"mean",0.149044950515486,2,0.298089901030972,0.05,"abrupt_coef","calendar_tuned",100,16.4287306464956,1.68519416400447,5.80676775817876,10.2739712742951,73.438552404621,10.7650225269071,19,0
"mean",0.149044950515486,2,0.298089901030972,0.05,"abrupt_coef","calendar10",100,16.4287306464956,1.68519416400447,5.80676775817876,10.2739712742951,73.438552404621,10.7650225269071,19,0
"mean",0.149044950515486,2,0.298089901030972,0.05,"abrupt_coef","cusum_tuned",100,9.44778392072078,0.681623668827856,0.710092330300635,8.3469139110491,27.2139751312107,6.46390401140074,10.01,0.584392112724104
"mean",0.149044950515486,2,0.298089901030972,0.05,"abrupt_coef","debt_threshold_tuned",100,9.01751635509492,0.62786865183647,0.728153304288974,7.96864951090489,25.3273031918657,4.90685661987781,13.79,0.946582902824254
"mean",0.149044950515486,2,0.298089901030972,0.05,"abrupt_coef","debt_utility_tuned",100,10.2468019323302,0.644882529520104,0.728153304288974,9.041253061529,26.7097048928294,4.89608820882421,17.95,1.32683073448718
"mean",0.149044950515486,2,0.298089901030972,0.05,"abrupt_coef","hybrid_utility_tuned",100,9.8109138274619,0.608295821584176,0.728153304288974,8.64267710067687,25.7169859973577,6.47826873393562,11.18,0.891755730471233
"mean",0.149044950515486,2,0.298089901030972,0.05,"abrupt_coef","never_retrain",100,266.814577591337,44.7857743281624,0.728153304288974,108.213559824011,1696.90625007198,266.814577591337,0,0
"mean",0.149044950515486,2,0.298089901030972,0.05,"gradual","alarm_tuned",100,9.738315708629,0.547730634407049,3.36530661759203,8.28491986264513,23.7820139968038,5.96151666256658,12.67,0.29269041113039
"mean",0.149044950515486,2,0.298089901030972,0.05,"gradual","always_retrain",100,60.3388622050391,0.0775766131911762,59.5028343216402,60.1234880770962,62.4108820174624,1.01897189987562,199,0
"mean",0.149044950515486,2,0.298089901030972,0.05,"gradual","calendar_tuned",100,11.1117842825131,0.446756225649577,6.31905929305964,9.89708923905784,22.5660637162096,5.44807616292464,19,0
"mean",0.149044950515486,2,0.298089901030972,0.05,"gradual","calendar10",100,11.1117842825131,0.446756225649577,6.31905929305964,9.89708923905784,22.5660637162096,5.44807616292464,19,0
"mean",0.149044950515486,2,0.298089901030972,0.05,"gradual","cusum_tuned",100,7.76596378011198,0.406210352799295,2.26515102968663,7.04007979608065,17.1089807435905,5.11594455994663,8.89,0.432258573943276
"mean",0.149044950515486,2,0.298089901030972,0.05,"gradual","debt_threshold_tuned",100,7.58504510605617,0.369910902592266,2.69756995332231,6.94536117346999,16.1048933574452,4.09143146597318,11.72,0.731413464851213
"mean",0.149044950515486,2,0.298089901030972,0.05,"gradual","debt_utility_tuned",100,10.6717400067704,0.420289499449031,3.00286404257215,10.3976023665839,18.1520547726276,6.71906791909973,13.26,1.07323922041753
"mean",0.149044950515486,2,0.298089901030972,0.05,"gradual","hybrid_utility_tuned",100,11.4314390242088,0.485615960284454,2.75403324040781,11.1355308285843,21.3168818080807,8.90363666346615,8.48,0.790279326656983
"mean",0.149044950515486,2,0.298089901030972,0.05,"gradual","never_retrain",100,89.9487941657175,12.0656392351057,3.49806322070727,35.5015131942626,437.50834656288,89.9487941657175,0,0
"mean",0.149044950515486,2,0.298089901030972,0.05,"none","alarm_tuned",100,1.14822789612425,0.0638045780569451,0.248319717923101,1.08582293058785,2.71741163038893,0.331461567299386,2.74,0.232083231325803
"mean",0.149044950515486,2,0.298089901030972,0.05,"none","always_retrain",100,59.3720856303952,0.000708526330716278,59.3586101956708,59.3722692953733,59.3847983894005,0.0521953252317,199,0
"mean",0.149044950515486,2,0.298089901030972,0.05,"none","calendar_tuned",100,5.7862847445398,0.00223613038547652,5.75123689696735,5.78329538992191,5.84210564117497,0.122576624951328,19,0
"mean",0.149044950515486,2,0.298089901030972,0.05,"none","calendar10",100,5.7862847445398,0.00223613038547652,5.75123689696735,5.78329538992191,5.84210564117497,0.122576624951328,19,0
"mean",0.149044950515486,2,0.298089901030972,0.05,"none","cusum_tuned",100,0.796256488376725,0.0240037102633163,0.501946334766935,0.692934720943386,1.19862807294135,0.372968828912745,1.42,0.0516006420757171
"mean",0.149044950515486,2,0.298089901030972,0.05,"none","debt_threshold_tuned",100,0.748600328398836,0.0389352776415662,0.206000975191563,0.669947434620155,1.64168637205525,0.709848641264809,0.13,0.0337997668989631
"mean",0.149044950515486,2,0.298089901030972,0.05,"none","debt_utility_tuned",100,0.823944946584748,0.0460581129534584,0.206000975191563,0.704822822713219,1.79198186080319,0.764326966378554,0.2,0.0426401432711221
"mean",0.149044950515486,2,0.298089901030972,0.05,"none","hybrid_utility_tuned",100,0.816049463143411,0.047403691924577,0.206000975191563,0.669947434620155,1.85907207963428,0.816049463143411,0,0
"mean",0.149044950515486,2,0.298089901030972,0.05,"none","never_retrain",100,0.816049463143411,0.047403691924577,0.206000975191563,0.669947434620155,1.85907207963428,0.816049463143411,0,0
"mean",0.149044950515486,2,0.298089901030972,0.05,"variance","alarm_tuned",100,10.0107006414974,0.243779890836582,6.21109533155802,9.7041448342563,14.6054738428127,5.82551843102258,14.04,0.181419765497399
"mean",0.149044950515486,2,0.298089901030972,0.05,"variance","always_retrain",100,60.3399797019225,0.0357194267427765,59.8551928306345,60.2711762851473,60.9694401539569,1.02008939675895,199,0
"mean",0.149044950515486,2,0.298089901030972,0.05,"variance","calendar_tuned",100,11.0571506163513,0.189416945316571,8.33611675673411,10.8571778824952,14.9183814471668,5.39344249676286,19,0
"mean",0.149044950515486,2,0.298089901030972,0.05,"variance","calendar10",100,11.0571506163513,0.189416945316571,8.33611675673411,10.8571778824952,14.9183814471668,5.39344249676286,19,0
"mean",0.149044950515486,2,0.298089901030972,0.05,"variance","cusum_tuned",100,8.00714204634496,0.150675926450014,5.53480898339547,7.79891986744514,10.812154040955,5.23192506774661,9.31,0.156795562707777
"mean",0.149044950515486,2,0.298089901030972,0.05,"variance","debt_threshold_tuned",100,7.45644945210027,0.128955998016091,5.1540377420574,7.47793782600358,9.81905833924584,3.64089871890383,12.8,0.244122837104519
"mean",0.149044950515486,2,0.298089901030972,0.05,"variance","debt_utility_tuned",100,8.43787274385126,0.144270406222828,5.87013124852767,8.42666863502343,11.5123469070641,3.52237027585052,16.49,0.375915045205857
"mean",0.149044950515486,2,0.298089901030972,0.05,"variance","hybrid_utility_tuned",100,7.9765171232177,0.13341843531849,5.62825334771104,7.92972552038671,10.4096643178425,4.30703044152643,12.31,0.320887342954949
"mean",0.149044950515486,2,0.298089901030972,0.05,"variance","never_retrain",100,131.37428565493,5.69447752347956,54.0855287049158,117.112479867126,250.386607225716,131.37428565493,0,0
"mean",0.149044950515486,2,0.298089901030972,0.1,"abrupt_coef","alarm_tuned",100,17.4617868671311,2.06434858993028,1.47047428310828,10.3250918849698,63.2382048991801,13.1692922922851,14.4,0.396448883428516
"mean",0.149044950515486,2,0.298089901030972,0.1,"abrupt_coef","always_retrain",100,61.4159178400006,0.283749131735994,59.3736067498321,60.2927946718955,68.7024789183176,2.09602753483713,199,0
"mean",0.149044950515486,2,0.298089901030972,0.1,"abrupt_coef","calendar_tuned",100,17.1105018863951,1.61803523632663,5.80353647475506,10.9878337484875,66.4256910502221,11.4467937668066,19,0
"mean",0.149044950515486,2,0.298089901030972,0.1,"abrupt_coef","calendar10",100,17.1105018863951,1.61803523632663,5.80353647475506,10.9878337484875,66.4256910502221,11.4467937668066,19,0
"mean",0.149044950515486,2,0.298089901030972,0.1,"abrupt_coef","cusum_tuned",100,9.92766887222691,0.655244416607827,0.991306181749002,8.77453441155722,22.5717062214636,6.82157210348417,10.42,0.56660962279727
"mean",0.149044950515486,2,0.298089901030972,0.1,"abrupt_coef","debt_threshold_tuned",100,9.38792133350875,0.607516148983749,1.2526537405113,8.22132112354101,21.3958681668409,4.93147731309572,14.95,0.937477272451784
"mean",0.149044950515486,2,0.298089901030972,0.1,"abrupt_coef","debt_utility_tuned",100,10.4388117194835,0.629337382989707,1.2526537405113,8.97419385322308,22.6770588969108,4.58134516422488,19.65,1.29999028745401
"mean",0.149044950515486,2,0.298089901030972,0.1,"abrupt_coef","hybrid_utility_tuned",100,10.1397089168245,0.583375747152658,1.2526537405113,8.9363955767571,21.7507817604581,6.52089751830846,12.14,0.879510883354717
"mean",0.149044950515486,2,0.298089901030972,0.1,"abrupt_coef","never_retrain",100,303.801201763386,41.4015494113071,1.2526537405113,133.861168660888,1348.72054298213,303.801201763386,0,0
"mean",0.149044950515486,2,0.298089901030972,0.1,"gradual","alarm_tuned",100,10.0538365009254,0.507239712556545,3.40043746628696,8.87966104003732,22.2247121781443,6.02068013997639,13.53,0.280495593152152
"mean",0.149044950515486,2,0.298089901030972,0.1,"gradual","always_retrain",100,60.3644224200677,0.0730391357758713,59.5384549700634,60.2090875810243,62.1864602580349,1.04453211490416,199,0
"mean",0.149044950515486,2,0.298089901030972,0.1,"gradual","calendar_tuned",100,11.192818916825,0.421258210441829,6.58480918659302,10.1747354012505,21.7354162742118,5.52911079723652,19,0
"mean",0.149044950515486,2,0.298089901030972,0.1,"gradual","calendar10",100,11.192818916825,0.421258210441829,6.58480918659302,10.1747354012505,21.7354162742118,5.52911079723652,19,0
"mean",0.149044950515486,2,0.298089901030972,0.1,"gradual","cusum_tuned",100,8.12324588560424,0.388734619617754,2.71467908992713,7.59138463408419,16.6345640323923,5.3539907050265,9.29,0.406585933367254
"mean",0.149044950515486,2,0.298089901030972,0.1,"gradual","debt_threshold_tuned",100,7.79533951217923,0.357622002063465,2.21867729816526,7.04877341696348,15.8348669624963,4.10498653741579,12.38,0.710211236182588
"mean",0.149044950515486,2,0.298089901030972,0.1,"gradual","debt_utility_tuned",100,10.3367154406714,0.433788892689201,2.96495503797731,9.85232963394273,18.662029518139,6.12470513910375,14.13,1.08931031836524
"mean",0.149044950515486,2,0.298089901030972,0.1,"gradual","hybrid_utility_tuned",100,10.2834226953969,0.480659448784442,2.63945669333486,9.45334798658383,21.2015863786935,7.46349223164391,9.46,0.791293532480492
"mean",0.149044950515486,2,0.298089901030972,0.1,"gradual","never_retrain",100,99.5782908902433,11.9130047619753,2.63945669333486,46.9442067700413,388.882065516609,99.5782908902433,0,0
"mean",0.149044950515486,2,0.298089901030972,0.1,"none","alarm_tuned",100,1.32088356721161,0.0673828860144516,0.314540781769667,1.29912732899508,2.84410353990046,0.29247340865476,3.45,0.245926407650333
"mean",0.149044950515486,2,0.298089901030972,0.1,"none","always_retrain",100,59.373165206982,0.000818194510972045,59.3605100372332,59.3725605121018,59.3898893884159,0.0532749018184896,199,0
"mean",0.149044950515486,2,0.298089901030972,0.1,"none","calendar_tuned",100,5.79196803683844,0.00278001619906138,5.74811697044573,5.78707908391974,5.84037929485379,0.128259917249965,19,0
"mean",0.149044950515486,2,0.298089901030972,0.1,"none","calendar10",100,5.79196803683844,0.00278001619906138,5.74811697044573,5.78707908391974,5.84037929485379,0.128259917249965,19,0
"mean",0.149044950515486,2,0.298089901030972,0.1,"none","cusum_tuned",100,0.791691399363489,0.0250865915761812,0.504729250987065,0.677920108339622,1.29294238337474,0.374365537920128,1.4,0.0492365963917331
"mean",0.149044950515486,2,0.298089901030972,0.1,"none","debt_threshold_tuned",100,0.711775181857544,0.0339674830195213,0.263060355309257,0.626778127230278,1.43670383477358,0.670042595713208,0.14,0.0376587548676509
"mean",0.149044950515486,2,0.298089901030972,0.1,"none","debt_utility_tuned",100,0.78845618888133,0.0429669475167288,0.263697285354921,0.64979311334821,1.79211347009448,0.734800006695755,0.18,0.0435310176190437
"mean",0.149044950515486,2,0.298089901030972,0.1,"none","hybrid_utility_tuned",100,0.773509399086522,0.0500682784724232,0.263060355309257,0.618315379111448,1.92843119527761,0.764566702055593,0.03,0.0171446607997765
"mean",0.149044950515486,2,0.298089901030972,0.1,"none","never_retrain",100,0.819081026593297,0.0600397776473974,0.263060355309257,0.618315379111448,2.64785430808929,0.819081026593297,0,0
"mean",0.149044950515486,2,0.298089901030972,0.1,"variance","alarm_tuned",100,10.0819013824893,0.233328308086846,6.53865152167195,9.81833360500482,15.0998749109226,5.7536360195196,14.52,0.138884444373331
"mean",0.149044950515486,2,0.298089901030972,0.1,"variance","always_retrain",100,60.3007248558926,0.033340304678832,59.8036230816694,60.2675814822939,60.911060872951,0.980834550729056,199,0
"mean",0.149044950515486,2,0.298089901030972,0.1,"variance","calendar_tuned",100,10.8880740696682,0.193736491182941,8.08960503452828,10.7533514026186,14.7971030119622,5.22436595007974,19,0
"mean",0.149044950515486,2,0.298089901030972,0.1,"variance","calendar10",100,10.8880740696682,0.193736491182941,8.08960503452828,10.7533514026186,14.7971030119622,5.22436595007974,19,0
"mean",0.149044950515486,2,0.298089901030972,0.1,"variance","cusum_tuned",100,7.86081588132548,0.144772768094858,5.50388306527327,7.70832951239797,10.569896638972,5.08559890272713,9.31,0.1561500185169
"mean",0.149044950515486,2,0.298089901030972,0.1,"variance","debt_threshold_tuned",100,7.28040321220385,0.128733606478104,4.91560122945384,7.35956013763672,9.55869475009215,3.44994798395586,12.85,0.231540733157497
"mean",0.149044950515486,2,0.298089901030972,0.1,"variance","debt_utility_tuned",100,7.99897646608092,0.126956107435918,5.48740438568835,8.02199184746542,10.0650488460243,3.12818748323483,16.34,0.305247043516817
"mean",0.149044950515486,2,0.298089901030972,0.1,"variance","hybrid_utility_tuned",100,7.6165808957447,0.127383633022579,5.15341429306686,7.6552471032084,9.84093148663329,3.94411331504312,12.32,0.272244690888861
"mean",0.149044950515486,2,0.298089901030972,0.1,"variance","never_retrain",100,135.628721945368,5.32586994466935,62.3293144275523,128.298774130622,235.420086980599,135.628721945368,0,0
"mean",0.149044950515486,2,0.298089901030972,0.2,"abrupt_coef","alarm_tuned",100,13.9038648304582,1.30157725797335,1.59582776509617,10.1335745616696,43.5891533561954,9.53982867936472,14.64,0.35262937306395
"mean",0.149044950515486,2,0.298089901030972,0.2,"abrupt_coef","always_retrain",100,60.9694628848469,0.20816275880223,59.3721310632019,60.2285714696706,67.0459262508169,1.64957257968335,199,0
"mean",0.149044950515486,2,0.298089901030972,0.2,"abrupt_coef","calendar_tuned",100,14.7851081864574,1.14385588699062,5.79252993334447,10.463482323982,49.4597956972938,9.12140006686895,19,0
"mean",0.149044950515486,2,0.298089901030972,0.2,"abrupt_coef","calendar10",100,14.7851081864574,1.14385588699062,5.79252993334447,10.463482323982,49.4597956972938,9.12140006686895,19,0
"mean",0.149044950515486,2,0.298089901030972,0.2,"abrupt_coef","cusum_tuned",100,9.16367380075094,0.592407610055903,1.00112032702301,8.54989377738097,21.96853003973,6.18277479044121,10,0.550665345951898
"mean",0.149044950515486,2,0.298089901030972,0.2,"abrupt_coef","debt_threshold_tuned",100,8.71428005783049,0.553454858243331,1.16837655147119,8.2854659901378,20.4646420595653,4.49034616022162,14.17,0.889223358790232
"mean",0.149044950515486,2,0.298089901030972,0.2,"abrupt_coef","debt_utility_tuned",100,9.77830492588685,0.569238648406573,1.30167806618544,9.12723668302039,22.0545706088557,4.21892827165922,18.65,1.27075695249848
"mean",0.149044950515486,2,0.298089901030972,0.2,"abrupt_coef","hybrid_utility_tuned",100,9.71885246990881,0.509366714587058,1.16837655147119,9.39406102005655,21.0549788283712,6.34447479023821,11.32,0.863500042404355
"mean",0.149044950515486,2,0.298089901030972,0.2,"abrupt_coef","never_retrain",100,251.400381704941,33.9859507451935,1.16837655147119,130.939711712196,1150.38768915258,251.400381704941,0,0
"mean",0.149044950515486,2,0.298089901030972,0.2,"gradual","alarm_tuned",100,10.7493520541641,0.582111325556522,3.45173296579483,9.06588278310427,25.5747789419204,6.67744400608099,13.66,0.27051018017028
"mean",0.149044950515486,2,0.298089901030972,0.2,"gradual","always_retrain",100,60.444488265667,0.0838742051499331,59.5237957269675,60.1799560133588,62.6240345663914,1.12459796050348,199,0
"mean",0.149044950515486,2,0.298089901030972,0.2,"gradual","calendar_tuned",100,11.7745115579689,0.493774317960823,6.58502355533999,10.1821609751816,24.3263633826515,6.11080343838045,19,0
"mean",0.149044950515486,2,0.298089901030972,0.2,"gradual","calendar10",100,11.7745115579689,0.493774317960823,6.58502355533999,10.1821609751816,24.3263633826515,6.11080343838045,19,0
"mean",0.149044950515486,2,0.298089901030972,0.2,"gradual","cusum_tuned",100,8.67452128346329,0.44001196934514,2.95907402466982,7.76816013553754,18.3913414408068,5.7353548592979,9.86,0.465804398190633
"mean",0.149044950515486,2,0.298089901030972,0.2,"gradual","debt_threshold_tuned",100,8.44802079063875,0.394501090398926,3.19137394187722,7.74272593216816,17.5053812776209,4.42678802573093,13.49,0.825538697708436
"mean",0.149044950515486,2,0.298089901030972,0.2,"gradual","debt_utility_tuned",100,10.540085161507,0.448992318401569,2.49129609905364,10.3584756628837,19.5751768499576,5.71997146183618,16.17,1.21456273047654
"mean",0.149044950515486,2,0.298089901030972,0.2,"gradual","hybrid_utility_tuned",100,10.6177588240522,0.42619788514986,3.53874206958993,10.1331911374118,19.1867844606201,7.50868115629916,10.43,0.907127222598792
"mean",0.149044950515486,2,0.298089901030972,0.2,"gradual","never_retrain",100,120.17340542768,15.9675438080312,4.16489614920632,50.855241795373,479.984687930685,120.17340542768,0,0
"mean",0.149044950515486,2,0.298089901030972,0.2,"none","alarm_tuned",100,1.34585637521274,0.0698884091697309,0.402989450798618,1.16983940488532,3.13687223878101,0.347255206758986,3.35,0.26718699236469
"mean",0.149044950515486,2,0.298089901030972,0.2,"none","always_retrain",100,59.3734998724987,0.000944496671951842,59.3566068875428,59.3726201006829,59.3933609821401,0.0536095673351744,199,0
"mean",0.149044950515486,2,0.298089901030972,0.2,"none","calendar_tuned",100,5.79655212365517,0.00334178849290266,5.75459369870491,5.78833272284814,5.86308439220617,0.132844004066694,19,0
"mean",0.149044950515486,2,0.298089901030972,0.2,"none","calendar10",100,5.79655212365517,0.00334178849290266,5.75459369870491,5.78833272284814,5.86308439220617,0.132844004066694,19,0
"mean",0.149044950515486,2,0.298089901030972,0.2,"none","cusum_tuned",100,0.82851154831923,0.0260934917015524,0.45764063658353,0.753975453404303,1.31860669675773,0.39628119182432,1.45,0.05
"mean",0.149044950515486,2,0.298089901030972,0.2,"none","debt_threshold_tuned",100,0.813030290201434,0.0484129699286291,0.213988627915989,0.739620454642767,1.79733735711014,0.786202199108647,0.09,0.0287623491264661
"mean",0.149044950515486,2,0.298089901030972,0.2,"none","debt_utility_tuned",100,0.841260432989819,0.0499570491136652,0.213988627915989,0.784185305310711,1.98377756988293,0.790585149814554,0.17,0.0427702341505507
"mean",0.149044950515486,2,0.298089901030972,0.2,"none","hybrid_utility_tuned",100,0.89192016540629,0.0569182047512093,0.213988627915989,0.784185305310711,2.20151897125487,0.88893926639598,0.01,0.01
"mean",0.149044950515486,2,0.298089901030972,0.2,"none","never_retrain",100,0.923452085937739,0.0660111306286622,0.213988627915989,0.784185305310711,2.46868555094318,0.923452085937739,0,0
"mean",0.149044950515486,2,0.298089901030972,0.2,"variance","alarm_tuned",100,10.4595888500984,0.238491298483958,6.4602573807527,10.6228738917449,14.3086610784386,6.20286506337612,14.28,0.138593220642573
"mean",0.149044950515486,2,0.298089901030972,0.2,"variance","always_retrain",100,60.3942522265177,0.0369452423482724,59.7991862794445,60.3982940463983,60.9766735645273,1.07436192135418,199,0
"mean",0.149044950515486,2,0.298089901030972,0.2,"variance","calendar_tuned",100,11.3656549468976,0.210378585060145,8.02843079945636,11.4003018147688,15.3767657889103,5.70194682730915,19,0
"mean",0.149044950515486,2,0.298089901030972,0.2,"variance","calendar10",100,11.3656549468976,0.210378585060145,8.02843079945636,11.4003018147688,15.3767657889103,5.70194682730915,19,0
"mean",0.149044950515486,2,0.298089901030972,0.2,"variance","cusum_tuned",100,8.17598019931613,0.161140448790474,5.15153978500396,8.21782871614417,10.8811475574413,5.36499243259406,9.43,0.158436170750306
"mean",0.149044950515486,2,0.298089901030972,0.2,"variance","debt_threshold_tuned",100,7.53214066990381,0.139062307667761,4.79512448984947,7.74489836337132,9.66804503536995,3.61523937035684,13.14,0.253867061369696
"mean",0.149044950515486,2,0.298089901030972,0.2,"variance","debt_utility_tuned",100,8.29545948062817,0.144190201437408,5.43019517634349,8.3417577325514,10.6844065966158,3.26072105221505,16.89,0.353880365563439
"mean",0.149044950515486,2,0.298089901030972,0.2,"variance","hybrid_utility_tuned",100,7.89240926957588,0.142372508401392,5.2660318623391,8.14064672059602,9.92681638253946,4.12157202153408,12.65,0.285817982625165
"mean",0.149044950515486,2,0.298089901030972,0.2,"variance","never_retrain",100,156.430612369073,6.01594355271031,61.7561929557651,160.563740151538,255.77425964953,156.430612369073,0,0
"mean",0.149044950515486,4,0.596179802061945,0.02,"abrupt_coef","alarm_tuned",100,18.1972097406243,1.71308518115435,1.43289530627068,12.8370466054456,59.8896580908888,11.2159442584789,11.71,0.483316614130892
"mean",0.149044950515486,4,0.596179802061945,0.02,"abrupt_coef","always_retrain",100,120.521855046169,0.256209112595759,118.688268110808,119.313987957107,127.532141852326,1.88207443584203,199,0
"mean",0.149044950515486,4,0.596179802061945,0.02,"abrupt_coef","calendar_tuned",100,24.8905312294168,2.78466381348773,5.55861405241149,11.9747912776877,100.472515510162,19.5249130108593,9,0
"mean",0.149044950515486,4,0.596179802061945,0.02,"abrupt_coef","calendar10",100,21.4176405331209,1.40348418675569,11.4288812939155,14.5176833153151,56.0155996990159,10.090224293944,19,0
"mean",0.149044950515486,4,0.596179802061945,0.02,"abrupt_coef","cusum_tuned",100,11.2121160077693,0.851274138514079,1.02607932807496,9.51309835947407,28.4077672874775,5.78687980900556,9.1,0.612908284865334
"mean",0.149044950515486,4,0.596179802061945,0.02,"abrupt_coef","debt_threshold_tuned",100,11.2520266991352,0.836159822064402,0.72809535968802,9.50478685480442,28.5698270669537,5.92217926870144,8.94,0.780419467629137
"mean",0.149044950515486,4,0.596179802061945,0.02,"abrupt_coef","debt_utility_tuned",100,13.2253372043736,0.848632285659324,0.72809535968802,13.4846915815662,29.5025457525533,8.25319765517699,8.34,0.846050837835422
"mean",0.149044950515486,4,0.596179802061945,0.02,"abrupt_coef","hybrid_utility_tuned",100,13.0350306601197,0.853967984936972,0.72809535968802,13.2865904055411,29.497024960938,7.15669781178893,9.86,0.995243232033803
"mean",0.149044950515486,4,0.596179802061945,0.02,"abrupt_coef","never_retrain",100,213.035054428136,33.4351073004974,0.72809535968802,61.0116280204888,1220.89709568141,213.035054428136,0,0
"mean",0.149044950515486,4,0.596179802061945,0.02,"gradual","alarm_tuned",100,11.4076877359477,0.613446841614195,1.75105454484266,9.98448850969318,24.4396453511469,4.69470316473022,11.26,0.395586765310581
"mean",0.149044950515486,4,0.596179802061945,0.02,"gradual","always_retrain",100,119.441848274672,0.0738243614177313,118.731835625925,119.123908792472,121.099674042354,0.802067664344962,199,0
"mean",0.149044950515486,4,0.596179802061945,0.02,"gradual","calendar_tuned",100,13.4935665147467,0.880308300241386,5.87246348432286,9.64707678888495,34.1319916744075,8.12794829618916,9,0
"mean",0.149044950515486,4,0.596179802061945,0.02,"gradual","calendar10",100,15.5881379722636,0.435236984297254,11.614114336282,13.7094972862578,25.79994834207,4.26072173308662,19,0
"mean",0.149044950515486,4,0.596179802061945,0.02,"gradual","cusum_tuned",100,8.72178923944902,0.527094798721303,1.63783987563233,6.75331733940386,20.390810099999,4.22063173388134,7.55,0.42838078973047
"mean",0.149044950515486,4,0.596179802061945,0.02,"gradual","debt_threshold_tuned",100,8.81078802456801,0.52853805582089,0.817991474696635,7.402098852052,20.012680614437,5.11447325178395,6.2,0.586893895388634
"mean",0.149044950515486,4,0.596179802061945,0.02,"gradual","debt_utility_tuned",100,11.7754093149597,0.649811164628503,0.817991474696635,11.9020834653021,22.6880030798575,8.84816648683553,4.91,0.624434289431788
"mean",0.149044950515486,4,0.596179802061945,0.02,"gradual","hybrid_utility_tuned",100,11.1171192057599,0.637710350527144,0.817991474696635,11.0918794904788,23.3501804422561,7.45657522109957,6.14,0.778631277734633
"mean",0.149044950515486,4,0.596179802061945,0.02,"gradual","never_retrain",100,62.2132344755638,9.62419667366507,0.817991474696635,19.2733927136203,331.90948192387,62.2132344755638,0,0
"mean",0.149044950515486,4,0.596179802061945,0.02,"none","alarm_tuned",100,2.39071231914372,0.14137818869647,0.395020145987854,2.17282149472207,5.0067422878451,0.310044809947533,3.49,0.250048480147835
"mean",0.149044950515486,4,0.596179802061945,0.02,"none","always_retrain",100,118.692123227596,0.000706961364349456,118.679547548573,118.692639254056,118.706665584874,0.0523426172688275,199,0
"mean",0.149044950515486,4,0.596179802061945,0.02,"none","calendar_tuned",100,5.55051854562375,0.00447380553086602,5.48250577215223,5.54540077986715,5.64469986694111,0.184900327066244,9,0
"mean",0.149044950515486,4,0.596179802061945,0.02,"none","calendar10",100,11.458148928186,0.00279397316803678,11.4123686100741,11.454685369574,11.5168720870246,0.130732689009028,19,0
"mean",0.149044950515486,4,0.596179802061945,0.02,"none","cusum_tuned",100,1.28069271431361,0.0385528212249304,0.812078102284517,1.11855545099105,1.82226502476295,0.392384809241308,1.49,0.0541136103793013
"mean",0.149044950515486,4,0.596179802061945,0.02,"none","debt_threshold_tuned",100,0.898134426920612,0.0479764831300934,0.235519535367029,0.797527145687905,1.76794896769075,0.868325436817515,0.05,0.021904291355759
"mean",0.149044950515486,4,0.596179802061945,0.02,"none","debt_utility_tuned",100,0.960623495874141,0.0627027269397995,0.235519535367029,0.797527145687905,2.70619320460349,0.960623495874141,0,0
"mean",0.149044950515486,4,0.596179802061945,0.02,"none","hybrid_utility_tuned",100,0.951196234201926,0.0596851998425787,0.235519535367029,0.797527145687905,2.58807834025986,0.939272638160687,0.02,0.014070529413629
"mean",0.149044950515486,4,0.596179802061945,0.02,"none","never_retrain",100,0.960623495874141,0.0627027269397995,0.235519535367029,0.797527145687905,2.70619320460349,0.960623495874141,0,0
"mean",0.149044950515486,4,0.596179802061945,0.02,"variance","alarm_tuned",100,13.154738491943,0.410365749775528,0.791877494358557,13.6773737147632,19.280919925212,5.66075838002433,12.57,0.36577163488834
"mean",0.149044950515486,4,0.596179802061945,0.02,"variance","always_retrain",100,119.627262532709,0.042827751013504,118.687134902728,119.667241160692,120.296664070691,0.987481922381919,199,0
"mean",0.149044950515486,4,0.596179802061945,0.02,"variance","calendar_tuned",100,15.0573369639619,0.453764490140352,5.52148454510309,14.8882052635514,23.7016506270038,9.6917187454044,9,0
"mean",0.149044950515486,4,0.596179802061945,0.02,"variance","calendar10",100,16.4678653194497,0.23105856393054,11.4624143774954,16.6345512309908,20.5769823176336,5.14044908027275,19,0
"mean",0.149044950515486,4,0.596179802061945,0.02,"variance","cusum_tuned",100,10.020225718902,0.302182660325292,0.849519597009906,10.7618508430396,13.6369536785121,4.92885020929303,8.54,0.247989898784184
"mean",0.149044950515486,4,0.596179802061945,0.02,"variance","debt_threshold_tuned",100,10.0174219496827,0.303068695230383,0.407579355760456,10.6729070992508,13.5712263728898,4.90219924799122,8.58,0.332781361171918
"mean",0.149044950515486,4,0.596179802061945,0.02,"variance","debt_utility_tuned",100,11.4959059807803,0.369719386620262,0.407579355760456,12.1909760029557,18.5868946858909,7.01263386927446,7.52,0.345089653114765
"mean",0.149044950515486,4,0.596179802061945,0.02,"variance","hybrid_utility_tuned",100,11.367040408638,0.350725692387156,0.407579355760456,12.2610975162175,15.5771312950881,4.69578842356486,11.19,0.471981638060917
"mean",0.149044950515486,4,0.596179802061945,0.02,"variance","never_retrain",100,111.392438402996,6.51859224575035,0.407579355760456,108.584986888077,226.647308046032,111.392438402996,0,0
"mean",0.149044950515486,4,0.596179802061945,0.05,"abrupt_coef","alarm_tuned",100,19.723698001882,1.80651963418771,2.070327268283,13.8411068298178,79.3464612675078,11.5083403294684,13.78,0.412085114283617
"mean",0.149044950515486,4,0.596179802061945,0.05,"abrupt_coef","always_retrain",100,120.590765453514,0.292390014191164,118.695974476165,119.501224287801,129.996881815158,1.95098484318672,199,0
"mean",0.149044950515486,4,0.596179802061945,0.05,"abrupt_coef","calendar_tuned",100,27.1441339495881,3.6142258093951,5.58373351443818,14.156803795643,129.316664964522,21.7785157310306,9,0
"mean",0.149044950515486,4,0.596179802061945,0.05,"abrupt_coef","calendar10",100,22.092438766084,1.68519416400447,11.4704758777672,15.9376793938836,79.1022605242095,10.7650225269071,19,0
"mean",0.149044950515486,4,0.596179802061945,0.05,"abrupt_coef","cusum_tuned",100,12.4316638300408,0.851975708420828,1.00818223133161,11.2703097643804,33.9135456568819,6.46390401140074,10.01,0.584392112724104
"mean",0.149044950515486,4,0.596179802061945,0.05,"abrupt_coef","debt_threshold_tuned",100,12.3525629092155,0.835690871495013,0.728153304288974,11.2948563733209,33.2007130810419,6.15825476579187,10.39,0.730973475730975
"mean",0.149044950515486,4,0.596179802061945,0.05,"abrupt_coef","debt_utility_tuned",100,13.1371034001603,0.824307032567401,0.728153304288974,11.7637635067898,33.3676808012878,7.18722897558214,9.98,0.803022069711938
"mean",0.149044950515486,4,0.596179802061945,0.05,"abrupt_coef","hybrid_utility_tuned",100,13.1435589209882,0.853214231604382,0.728153304288974,11.6781696860215,33.9070060281837,6.47826873393562,11.18,0.891755730471233
"mean",0.149044950515486,4,0.596179802061945,0.05,"abrupt_coef","never_retrain",100,266.814577591337,44.7857743281624,0.728153304288974,108.213559824011,1696.90625007198,266.814577591337,0,0
"mean",0.149044950515486,4,0.596179802061945,0.05,"gradual","alarm_tuned",100,13.5151147546914,0.602548443320588,5.86351352258555,12.2366441350491,28.4020589166233,5.96151666256658,12.67,0.29269041113039
"mean",0.149044950515486,4,0.596179802061945,0.05,"gradual","always_retrain",100,119.658752510203,0.0775766131911773,118.822724626804,119.44337838226,121.730772322626,1.01897189987562,199,0
"mean",0.149044950515486,4,0.596179802061945,0.05,"gradual","calendar_tuned",100,15.7488022167419,0.913391595774221,6.42471851042282,13.1733630705107,40.3115807475178,10.3831839981844,9,0
"mean",0.149044950515486,4,0.596179802061945,0.05,"gradual","calendar10",100,16.7754924021016,0.446756225649577,11.9827674126481,15.5607973586463,28.2297718357981,5.44807616292464,19,0
"mean",0.149044950515486,4,0.596179802061945,0.05,"gradual","cusum_tuned",100,10.4159830002773,0.5337634032797,3.15942073277955,9.42479900432843,22.474598962148,5.11594455994663,8.89,0.432258573943276
"mean",0.149044950515486,4,0.596179802061945,0.05,"gradual","debt_threshold_tuned",100,10.5273586991755,0.513007161927498,3.19021683600859,9.41603495720113,22.7468177982127,5.53733375591704,8.37,0.563118122778889
"mean",0.149044950515486,4,0.596179802061945,0.05,"gradual","debt_utility_tuned",100,14.7695315897542,0.583421103732748,3.05953166053022,14.9589016389679,25.096771536744,10.745317925836,6.75,0.671403625461487
"mean",0.149044950515486,4,0.596179802061945,0.05,"gradual","hybrid_utility_tuned",100,13.9592413849514,0.607212536038513,3.05422858531124,13.2026206356645,26.5613318437121,8.90363666346615,8.48,0.790279326656983
"mean",0.149044950515486,4,0.596179802061945,0.05,"gradual","never_retrain",100,89.9487941657175,12.0656392351057,3.49806322070727,35.5015131942626,437.50834656288,89.9487941657175,0,0
"mean",0.149044950515486,4,0.596179802061945,0.05,"none","alarm_tuned",100,1.96499422494911,0.131895748781247,0.248319717923101,1.94509898217951,5.25862803667796,0.331461567299386,2.74,0.232083231325803
"mean",0.149044950515486,4,0.596179802061945,0.05,"none","always_retrain",100,118.691975935559,0.000708526330716623,118.678500500834,118.692159600537,118.704688694564,0.0521953252317,199,0
"mean",0.149044950515486,4,0.596179802061945,0.05,"none","calendar_tuned",100,5.54196522591965,0.00361735672800539,5.47799722887748,5.54044755009907,5.62098765110983,0.17634700736215,9,0
"mean",0.149044950515486,4,0.596179802061945,0.05,"none","calendar10",100,11.4499928641283,0.00223613038547671,11.4149450165558,11.4470035095103,11.5058137607635,0.122576624951328,19,0
"mean",0.149044950515486,4,0.596179802061945,0.05,"none","cusum_tuned",100,1.21954414784071,0.0387898375450281,0.800036235797908,0.991024621974359,1.79480787500329,0.372968828912745,1.42,0.0516006420757171
"mean",0.149044950515486,4,0.596179802061945,0.05,"none","debt_threshold_tuned",100,0.817999532360013,0.0475932274173024,0.206000975191563,0.669947434620155,1.85907207963428,0.812037734339394,0.01,0.01
"mean",0.149044950515486,4,0.596179802061945,0.05,"none","debt_utility_tuned",100,0.816049463143411,0.047403691924577,0.206000975191563,0.669947434620155,1.85907207963428,0.816049463143411,0,0
"mean",0.149044950515486,4,0.596179802061945,0.05,"none","hybrid_utility_tuned",100,0.816049463143411,0.047403691924577,0.206000975191563,0.669947434620155,1.85907207963428,0.816049463143411,0,0
"mean",0.149044950515486,4,0.596179802061945,0.05,"none","never_retrain",100,0.816049463143411,0.047403691924577,0.206000975191563,0.669947434620155,1.85907207963428,0.816049463143411,0,0
"mean",0.149044950515486,4,0.596179802061945,0.05,"variance","alarm_tuned",100,14.1958828519723,0.274847317166587,9.78817414392969,14.0858977398845,18.809742359252,5.82551843102258,14.04,0.181419765497399
"mean",0.149044950515486,4,0.596179802061945,0.05,"variance","always_retrain",100,119.659870007086,0.0357194267427731,119.175083135798,119.591066590311,120.28933045912,1.02008939675895,199,0
"mean",0.149044950515486,4,0.596179802061945,0.05,"variance","calendar_tuned",100,15.6095856471531,0.382596051876506,10.4401089338245,14.8940286250457,23.6283877596558,10.2439674285956,9,0
"mean",0.149044950515486,4,0.596179802061945,0.05,"variance","calendar10",100,16.7208587359398,0.189416945316572,13.9998248763225,16.5208860020837,20.5820895667553,5.39344249676286,19,0
"mean",0.149044950515486,4,0.596179802061945,0.05,"variance","cusum_tuned",100,10.7823590249433,0.191623347611466,7.46528256866409,10.6260231538771,14.2768370396073,5.23192506774661,9.31,0.156795562707777
"mean",0.149044950515486,4,0.596179802061945,0.05,"variance","debt_threshold_tuned",100,10.5889024391531,0.180179799947572,7.37179192470165,10.3679931477176,14.2662041786958,4.96692690570898,9.43,0.18976593769987
"mean",0.149044950515486,4,0.596179802061945,0.05,"variance","debt_utility_tuned",100,11.3759791435994,0.19406900492268,8.42925210746251,11.2251660781156,15.0049914955644,6.20113846170167,8.68,0.225576701999228
"mean",0.149044950515486,4,0.596179802061945,0.05,"variance","hybrid_utility_tuned",100,11.646003804909,0.212355221556767,8.00421182362371,11.5519586863818,15.6724348250337,4.30703044152643,12.31,0.320887342954949
"mean",0.149044950515486,4,0.596179802061945,0.05,"variance","never_retrain",100,131.37428565493,5.69447752347956,54.0855287049158,117.112479867126,250.386607225716,131.37428565493,0,0
"mean",0.149044950515486,4,0.596179802061945,0.1,"abrupt_coef","alarm_tuned",100,21.7542814419771,2.11233669489305,2.66283388723217,15.3372273939456,67.9155959217328,13.1692922922851,14.4,0.396448883428516
"mean",0.149044950515486,4,0.596179802061945,0.1,"abrupt_coef","always_retrain",100,120.735808145164,0.283749131735994,118.693497054996,119.612684977059,128.022369223481,2.09602753483713,199,0
"mean",0.149044950515486,4,0.596179802061945,0.1,"abrupt_coef","calendar_tuned",100,27.8281013260413,3.25115603532192,5.54203058791695,15.6469839048928,90.9295843618818,22.4624831074838,9,0
"mean",0.149044950515486,4,0.596179802061945,0.1,"abrupt_coef","calendar10",100,22.7742100059836,1.61803523632663,11.4672445943435,16.6515418680761,72.0893991698106,11.4467937668066,19,0
"mean",0.149044950515486,4,0.596179802061945,0.1,"abrupt_coef","cusum_tuned",100,13.0337656409696,0.82151251968552,1.58748598381095,11.755433421867,28.7049059351759,6.82157210348417,10.42,0.56660962279727
"mean",0.149044950515486,4,0.596179802061945,0.1,"abrupt_coef","debt_threshold_tuned",100,12.9699348636743,0.80863763356527,1.2526537405113,11.7280832720676,28.3444395962974,6.24502669641557,11.28,0.731137207479975
"mean",0.149044950515486,4,0.596179802061945,0.1,"abrupt_coef","debt_utility_tuned",100,13.7195552567617,0.784921367727809,1.2526537405113,12.3358471291106,29.2390288714821,7.16753923210093,10.99,0.794233637355577
"mean",0.149044950515486,4,0.596179802061945,0.1,"abrupt_coef","hybrid_utility_tuned",100,13.7585203153405,0.829734832990833,1.2526537405113,12.4073638162361,30.238891692315,6.52089751830846,12.14,0.879510883354717
"mean",0.149044950515486,4,0.596179802061945,0.1,"abrupt_coef","never_retrain",100,303.801201763386,41.4015494113071,1.2526537405113,133.861168660888,1348.72054298213,303.801201763386,0,0
"mean",0.149044950515486,4,0.596179802061945,0.1,"gradual","alarm_tuned",100,14.0869928618745,0.558068477244405,5.63562462324223,13.1064056784661,26.481320366296,6.02068013997639,13.53,0.280495593152152
"mean",0.149044950515486,4,0.596179802061945,0.1,"gradual","always_retrain",100,119.684312725231,0.0730391357758697,118.858345275227,119.528977886188,121.506350563198,1.04453211490416,199,0
"mean",0.149044950515486,4,0.596179802061945,0.1,"gradual","calendar_tuned",100,15.8584509031513,0.831348070657291,6.86256784508554,13.8572771187417,35.3995214330563,10.4928326845938,9,0
"mean",0.149044950515486,4,0.596179802061945,0.1,"gradual","calendar10",100,16.8565270364135,0.421258210441828,12.2485173061815,15.838443520839,27.3991243938003,5.52911079723652,19,0
"mean",0.149044950515486,4,0.596179802061945,0.1,"gradual","cusum_tuned",100,10.892501066182,0.508746653003391,3.76544599106131,10.1769808774691,21.9479681973375,5.3539907050265,9.29,0.406585933367254
"mean",0.149044950515486,4,0.596179802061945,0.1,"gradual","debt_threshold_tuned",100,10.9362155915224,0.500886681369346,3.52569107364313,10.0188346610546,22.0349474952064,5.63617715119175,8.89,0.56851658824621
"mean",0.149044950515486,4,0.596179802061945,0.1,"gradual","debt_utility_tuned",100,13.4327633956801,0.590634686355356,2.63945669333486,12.8151563080041,24.136065014334,8.82429352574125,7.73,0.670572648389179
"mean",0.149044950515486,4,0.596179802061945,0.1,"gradual","hybrid_utility_tuned",100,13.1033531591499,0.621409916123989,2.63945669333486,12.2668946127765,24.9031017490436,7.46349223164391,9.46,0.791293532480492
"mean",0.149044950515486,4,0.596179802061945,0.1,"gradual","never_retrain",100,99.5782908902433,11.9130047619753,2.63945669333486,46.9442067700413,388.882065516609,99.5782908902433,0,0
"mean",0.149044950515486,4,0.596179802061945,0.1,"none","alarm_tuned",100,2.34929372576847,0.140228825762706,0.314540781769667,2.19339703208799,5.52691264917921,0.29247340865476,3.45,0.245926407650333
"mean",0.149044950515486,4,0.596179802061945,0.1,"none","always_retrain",100,118.693055512146,0.000818194510972338,118.680400342397,118.692450817265,118.709779693579,0.0532749018184896,199,0
"mean",0.149044950515486,4,0.596179802061945,0.1,"none","calendar_tuned",100,5.55072927194955,0.00519876722741401,5.4840076110827,5.5472847836883,5.65296187836987,0.185111053392049,9,0
"mean",0.149044950515486,4,0.596179802061945,0.1,"none","calendar10",100,11.4556761564269,0.00278001619906121,11.4118250900342,11.4507872035082,11.5040874144422,0.128259917249965,19,0
"mean",0.149044950515486,4,0.596179802061945,0.1,"none","cusum_tuned",100,1.20901726080685,0.0389608642786936,0.802819152018038,0.976010009370595,1.88912218543668,0.374365537920128,1.4,0.0492365963917331
"mean",0.149044950515486,4,0.596179802061945,0.1,"none","debt_threshold_tuned",100,0.766159117437013,0.0436026068003162,0.263060355309257,0.618315379111448,1.76318899809208,0.748273723375155,0.03,0.0171446607997765
"mean",0.149044950515486,4,0.596179802061945,0.1,"none","debt_utility_tuned",100,0.798882005923161,0.0551050732632493,0.263060355309257,0.618315379111448,2.12704500655764,0.792920207902541,0.01,0.01
"mean",0.149044950515486,4,0.596179802061945,0.1,"none","hybrid_utility_tuned",100,0.782452096117451,0.0507176675785331,0.263060355309257,0.618315379111448,1.92843119527761,0.764566702055593,0.03,0.0171446607997765
"mean",0.149044950515486,4,0.596179802061945,0.1,"none","never_retrain",100,0.819081026593297,0.0600397776473974,0.263060355309257,0.618315379111448,2.64785430808929,0.819081026593297,0,0
"mean",0.149044950515486,4,0.596179802061945,0.1,"variance","alarm_tuned",100,14.410166745459,0.255250913511578,9.97524932953392,14.0618485154155,19.8693133274182,5.7536360195196,14.52,0.138884444373331
"mean",0.149044950515486,4,0.596179802061945,0.1,"variance","always_retrain",100,119.620615161056,0.0333403046788332,119.123513386833,119.587471787458,120.230951178114,0.980834550729056,199,0
"mean",0.149044950515486,4,0.596179802061945,0.1,"variance","calendar_tuned",100,15.3354046011314,0.362049681792002,10.1021241017957,15.2518090100456,22.3972322644676,9.96978638257385,9,0
"mean",0.149044950515486,4,0.596179802061945,0.1,"variance","calendar10",100,16.5517821892567,0.193736491182941,13.7533131541168,16.4170595222071,20.4608111315506,5.22436595007974,19,0
"mean",0.149044950515486,4,0.596179802061945,0.1,"variance","cusum_tuned",100,10.6360328599238,0.187482114740572,7.62839905819272,10.3911386216767,14.2367817448822,5.08559890272713,9.31,0.1561500185169
"mean",0.149044950515486,4,0.596179802061945,0.1,"variance","debt_threshold_tuned",100,10.2745187867087,0.171856585993334,7.10386143445239,10.2154655872961,13.334779775791,4.61677246514089,9.49,0.17494299215759
"mean",0.149044950515486,4,0.596179802061945,0.1,"variance","debt_utility_tuned",100,10.7480607137902,0.179953603062628,7.43760941035576,10.9110795680854,14.1209628880801,5.50764025366569,8.79,0.199137027083251
"mean",0.149044950515486,4,0.596179802061945,0.1,"variance","hybrid_utility_tuned",100,11.2890484764463,0.204431816520387,7.61877639429327,11.5402901638917,14.9159368363553,3.94411331504312,12.32,0.272244690888861
"mean",0.149044950515486,4,0.596179802061945,0.1,"variance","never_retrain",100,135.628721945368,5.32586994466935,62.3293144275523,128.298774130622,235.420086980599,135.628721945368,0,0
"mean",0.149044950515486,4,0.596179802061945,0.2,"abrupt_coef","alarm_tuned",100,18.2679009815516,1.35720761331136,2.92978007220977,14.9030129781652,48.6566816737219,9.53982867936472,14.64,0.35262937306395
"mean",0.149044950515486,4,0.596179802061945,0.2,"abrupt_coef","always_retrain",100,120.28935319001,0.208162758802233,118.692021368366,119.548461774834,126.365816555981,1.64957257968335,199,0
"mean",0.149044950515486,4,0.596179802061945,0.2,"abrupt_coef","calendar_tuned",100,24.1131841917529,2.50934007626929,5.52914355679515,14.8400362929981,99.2056895380824,18.7475659731955,9,0
"mean",0.149044950515486,4,0.596179802061945,0.2,"abrupt_coef","calendar10",100,20.4488163060459,1.14385588699062,11.4562380529329,16.1271904435705,55.1235038168823,9.12140006686895,19,0
"mean",0.149044950515486,4,0.596179802061945,0.2,"abrupt_coef","cusum_tuned",100,12.1445728110607,0.754680885067746,1.59730012908495,11.6444757721825,27.8739079959053,6.18277479044121,10,0.550665345951898
"mean",0.149044950515486,4,0.596179802061945,0.2,"abrupt_coef","debt_threshold_tuned",100,12.1218221647515,0.758548763201016,1.16837655147119,11.5943559512144,28.1900775451392,5.75462187872989,10.68,0.697307954807905
"mean",0.149044950515486,4,0.596179802061945,0.2,"abrupt_coef","debt_utility_tuned",100,13.0418010251447,0.713696348936542,1.16837655147119,11.7918019477473,28.5941233464238,6.89518726588608,10.31,0.774687294358442
"mean",0.149044950515486,4,0.596179802061945,0.2,"abrupt_coef","hybrid_utility_tuned",100,13.0932301495794,0.747110670167901,1.16837655147119,12.0907017965228,28.3877625076466,6.34447479023821,11.32,0.863500042404355
"mean",0.149044950515486,4,0.596179802061945,0.2,"abrupt_coef","never_retrain",100,251.400381704941,33.9859507451935,1.16837655147119,130.939711712196,1150.38768915258,251.400381704941,0,0
"mean",0.149044950515486,4,0.596179802061945,0.2,"gradual","alarm_tuned",100,14.8212601022471,0.631763060552597,5.82154767899106,13.4515141789824,29.5915403583127,6.67744400608099,13.66,0.27051018017028
"mean",0.149044950515486,4,0.596179802061945,0.2,"gradual","always_retrain",100,119.76437857083,0.0838742051499371,118.843686032131,119.499846318523,121.943924871555,1.12459796050348,199,0
"mean",0.149044950515486,4,0.596179802061945,0.2,"gradual","calendar_tuned",100,17.1392034464402,1.00820582146794,6.86706393069584,13.5439387656475,43.4321927238911,11.7735852278827,9,0
"mean",0.149044950515486,4,0.596179802061945,0.2,"gradual","calendar10",100,17.4382196775574,0.493774317960823,12.2487316749284,15.8458690947701,29.99007150224,6.11080343838045,19,0
"mean",0.149044950515486,4,0.596179802061945,0.2,"gradual","cusum_tuned",100,11.6136877076287,0.577811555082902,4.15143362879371,10.4356767645699,24.3525797765585,5.7353548592979,9.86,0.465804398190633
"mean",0.149044950515486,4,0.596179802061945,0.2,"gradual","debt_threshold_tuned",100,11.6031249052526,0.56643744525978,3.52999124026751,10.3714800419731,24.5612342350839,5.8201808252517,9.7,0.635244325858448
"mean",0.149044950515486,4,0.596179802061945,0.2,"gradual","debt_utility_tuned",100,14.2187596129576,0.622081284971725,3.67520802111782,13.218924404445,26.503172479336,9.13930769938986,8.52,0.754445411403555
"mean",0.149044950515486,4,0.596179802061945,0.2,"gradual","hybrid_utility_tuned",100,13.7268364918052,0.631647450953939,3.69523926763119,12.4157998938576,27.2324907260154,7.50868115629916,10.43,0.907127222598792
"mean",0.149044950515486,4,0.596179802061945,0.2,"gradual","never_retrain",100,120.17340542768,15.9675438080312,4.16489614920632,50.855241795373,479.984687930685,120.17340542768,0,0
"mean",0.149044950515486,4,0.596179802061945,0.2,"none","alarm_tuned",100,2.3444575436665,0.147923004765632,0.402989450798618,2.0109361799484,6.11777124909073,0.347255206758986,3.35,0.26718699236469
"mean",0.149044950515486,4,0.596179802061945,0.2,"none","always_retrain",100,118.693390177662,0.000944496671951388,118.676497192706,118.692510405846,118.713251287304,0.0536095673351744,199,0
"mean",0.149044950515486,4,0.596179802061945,0.2,"none","calendar_tuned",100,5.5559798968914,0.00562519226857071,5.48041489134861,5.54659943448291,5.67110363906294,0.190361678333892,9,0
"mean",0.149044950515486,4,0.596179802061945,0.2,"none","calendar10",100,11.4602602432436,0.00334178849290267,11.4183018182934,11.4520408424367,11.5267925117947,0.132844004066694,19,0
"mean",0.149044950515486,4,0.596179802061945,0.2,"none","cusum_tuned",100,1.26074190481414,0.0400294487524659,0.755730537614502,1.05206535443527,1.91478649881967,0.39628119182432,1.45,0.05
"mean",0.149044950515486,4,0.596179802061945,0.2,"none","debt_threshold_tuned",100,0.874999737507705,0.053400337348707,0.213988627915989,0.784185305310711,2.02452152283683,0.857114343445847,0.03,0.0171446607997765
"mean",0.149044950515486,4,0.596179802061945,0.2,"none","debt_utility_tuned",100,0.904861116892736,0.0629717977480295,0.213988627915989,0.784185305310711,2.20151897125487,0.898899318872117,0.01,0.01
"mean",0.149044950515486,4,0.596179802061945,0.2,"none","hybrid_utility_tuned",100,0.8949010644166,0.0570985583932449,0.213988627915989,0.784185305310711,2.20151897125487,0.88893926639598,0.01,0.01
"mean",0.149044950515486,4,0.596179802061945,0.2,"none","never_retrain",100,0.923452085937739,0.0660111306286622,0.213988627915989,0.784185305310711,2.46868555094318,0.923452085937739,0,0
"mean",0.149044950515486,4,0.596179802061945,0.2,"variance","alarm_tuned",100,14.7163126368207,0.261198062044534,10.2022657223113,15.1198981039302,18.9405000402163,6.20286506337612,14.28,0.138593220642573
"mean",0.149044950515486,4,0.596179802061945,0.2,"variance","always_retrain",100,119.714142531681,0.0369452423482639,119.119076584608,119.718184351561,120.296563869691,1.07436192135418,199,0
"mean",0.149044950515486,4,0.596179802061945,0.2,"variance","calendar_tuned",100,16.8736281703764,0.43634272235074,10.1384434266713,17.294715629911,24.775397815868,11.5080099518189,9,0
"mean",0.149044950515486,4,0.596179802061945,0.2,"variance","calendar10",100,17.0293630664861,0.210378585060145,13.6921389190449,17.0640099343574,21.0404739084988,5.70194682730915,19,0
"mean",0.149044950515486,4,0.596179802061945,0.2,"variance","cusum_tuned",100,10.9869679660382,0.204006676587925,6.9400791911898,11.0209358829735,14.3988768988287,5.36499243259406,9.43,0.158436170750306
"mean",0.149044950515486,4,0.596179802061945,0.2,"variance","debt_threshold_tuned",100,10.6655689010414,0.197229592820098,7.22614040505539,10.8307547472831,13.8370846378164,4.87070122499928,9.72,0.189139465405127
"mean",0.149044950515486,4,0.596179802061945,0.2,"variance","debt_utility_tuned",100,11.1386626194358,0.185269016519702,7.62720241518173,11.2826155438387,13.8607966327104,5.70150282463091,9.12,0.218941438597981
"mean",0.149044950515486,4,0.596179802061945,0.2,"variance","hybrid_utility_tuned",100,11.6632465176177,0.221285812284375,7.56513792812274,12.0841166253579,14.831578147689,4.12157202153408,12.65,0.285817982625165
"mean",0.149044950515486,4,0.596179802061945,0.2,"variance","never_retrain",100,156.430612369073,6.01594355271031,61.7561929557651,160.563740151538,255.77425964953,156.430612369073,0,0
"median",0.0125070426588733,0.1,0.00125070426588733,0.02,"abrupt_coef","alarm_tuned",100,10.7507866193859,1.50368937030363,0.140119227866214,3.5444146887229,49.7773450991301,10.7313131539661,15.57,0.240896893154132
"median",0.0125070426588733,0.1,0.00125070426588733,0.02,"abrupt_coef","always_retrain",100,2.13096458475361,0.256209112595761,0.297377649392086,0.923097495692168,9.14125139091098,1.88207443584203,199,0
"median",0.0125070426588733,0.1,0.00125070426588733,0.02,"abrupt_coef","calendar_tuned",100,2.13096458475361,0.256209112595761,0.297377649392086,0.923097495692168,9.14125139091098,1.88207443584203,199,0
"median",0.0125070426588733,0.1,0.00125070426588733,0.02,"abrupt_coef","calendar10",100,10.1139876749958,1.40348418675569,0.125228435790417,3.21403045719004,44.7119468408908,10.090224293944,19,0
"median",0.0125070426588733,0.1,0.00125070426588733,0.02,"abrupt_coef","cusum_tuned",100,2.27606119203742,0.267740094914912,0.121578747930479,1.12874316252505,9.57168392408766,2.21201262658133,51.21,2.29268908322154
"median",0.0125070426588733,0.1,0.00125070426588733,0.02,"abrupt_coef","debt_threshold_tuned",100,2.64304120685367,0.263940195824826,0.274354309637595,1.60760249736408,9.59235912260098,2.60560762817566,29.93,2.07316938843195
"median",0.0125070426588733,0.1,0.00125070426588733,0.02,"abrupt_coef","debt_utility_tuned",100,2.20955573359351,0.27142181285717,0.152640333272695,1.00531468822356,9.52756237554551,2.10493432175203,83.65,0.972487698242154
"median",0.0125070426588733,0.1,0.00125070426588733,0.02,"abrupt_coef","hybrid_utility_tuned",100,2.19844968761412,0.264420815144698,0.165622284194325,1.03656942392785,9.32920094007726,2.09330297998097,84.07,1.52899617165292
"median",0.0125070426588733,0.1,0.00125070426588733,0.02,"abrupt_coef","never_retrain",100,213.035054428136,33.4351073004974,0.72809535968802,61.0116280204888,1220.89709568141,213.035054428136,0,0
"median",0.0125070426588733,0.1,0.00125070426588733,0.02,"gradual","alarm_tuned",100,4.59817752688334,0.470072824261914,0.280538025082308,2.58734962994045,15.5385774637058,4.57884163893272,15.46,0.191970115519383
"median",0.0125070426588733,0.1,0.00125070426588733,0.02,"gradual","always_retrain",100,1.05095781325654,0.0738243614177301,0.340945164509932,0.733018331056788,2.70878358093854,0.802067664344962,199,0
"median",0.0125070426588733,0.1,0.00125070426588733,0.02,"gradual","calendar_tuned",100,1.05095781325654,0.0738243614177301,0.340945164509932,0.733018331056788,2.70878358093854,0.802067664344962,199,0
"median",0.0125070426588733,0.1,0.00125070426588733,0.02,"gradual","calendar10",100,4.28448511413847,0.435236984297254,0.310461478156921,2.40584442813274,14.4962954839449,4.26072173308662,19,0
"median",0.0125070426588733,0.1,0.00125070426588733,0.02,"gradual","cusum_tuned",100,1.22472544044598,0.0905007456891553,0.212591289640291,0.885970654355863,3.19371453846851,1.16250290321809,49.75,1.76985846606416
"median",0.0125070426588733,0.1,0.00125070426588733,0.02,"gradual","debt_threshold_tuned",100,1.63673364890495,0.0927469713332726,0.317482103001688,1.37762024885526,3.55859406404544,1.60297714076865,26.99,1.61679911984742
"median",0.0125070426588733,0.1,0.00125070426588733,0.02,"gradual","debt_utility_tuned",100,1.13042436409656,0.0887368462498469,0.204030376291716,0.763478580642527,3.09177345010892,1.02747889597137,82.31,0.732740118192037
"median",0.0125070426588733,0.1,0.00125070426588733,0.02,"gradual","hybrid_utility_tuned",100,1.10871239648683,0.0805071059016345,0.2252448870379,0.776756774262577,2.84831660264944,0.999826083098675,87.06,1.72397356374303
"median",0.0125070426588733,0.1,0.00125070426588733,0.02,"gradual","never_retrain",100,62.2132344755638,9.62419667366507,0.817991474696635,19.2733927136203,331.90948192387,62.2132344755638,0,0
"median",0.0125070426588733,0.1,0.00125070426588733,0.02,"none","alarm_tuned",100,0.157055882537913,0.00329140427872619,0.105669081119373,0.152015894415303,0.220517900464609,0.141847318664723,12.16,0.221436996534778
"median",0.0125070426588733,0.1,0.00125070426588733,0.02,"none","always_retrain",100,0.301232766180405,0.000706961364348338,0.288657087157547,0.301748792639884,0.315775123458129,0.0523426172688275,199,0
"median",0.0125070426588733,0.1,0.00125070426588733,0.02,"none","calendar_tuned",100,0.301232766180405,0.000706961364348338,0.288657087157547,0.301748792639884,0.315775123458129,0.0523426172688275,199,0
"median",0.0125070426588733,0.1,0.00125070426588733,0.02,"none","calendar10",100,0.154496070060887,0.00279397316803672,0.108715751948977,0.151032511448864,0.213219228899552,0.130732689009028,19,0
"median",0.0125070426588733,0.1,0.00125070426588733,0.02,"none","cusum_tuned",100,0.138733121786226,0.00206219343859783,0.102033993426925,0.137015808585683,0.179545465089064,0.1130436561649,20.54,0.198183671569501
"median",0.0125070426588733,0.1,0.00125070426588733,0.02,"none","debt_threshold_tuned",100,0.374086028982636,0.0170856944862947,0.170310941506901,0.347517170504949,0.783436167121716,0.370859211976646,2.58,0.191316544506794
"median",0.0125070426588733,0.1,0.00125070426588733,0.02,"none","debt_utility_tuned",100,0.156783619042628,0.000973993926835513,0.138652258884117,0.156254902541932,0.176040335331975,0.0674082922023198,71.46,0.118423994292721
"median",0.0125070426588733,0.1,0.00125070426588733,0.02,"none","hybrid_utility_tuned",100,0.169599793004867,0.00147225719188902,0.146149466244883,0.168197001401648,0.198204741204176,0.0854273959106499,67.3,0.747723818726479
"median",0.0125070426588733,0.1,0.00125070426588733,0.02,"none","never_retrain",100,0.960623495874141,0.0627027269397995,0.235519535367029,0.797527145687905,2.70619320460349,0.960623495874141,0,0
"median",0.0125070426588733,0.1,0.00125070426588733,0.02,"variance","alarm_tuned",100,5.73561222572099,0.26053065092985,0.153333884449165,5.8346524897499,9.65743556494408,5.71550090112552,16.08,0.151544239632051
"median",0.0125070426588733,0.1,0.00125070426588733,0.02,"variance","always_retrain",100,1.2363720712935,0.0428277510135068,0.296244441312402,1.276350699277,1.90577360927551,0.987481922381919,199,0
"median",0.0125070426588733,0.1,0.00125070426588733,0.02,"variance","calendar_tuned",100,1.2363720712935,0.0428277510135068,0.296244441312402,1.276350699277,1.90577360927551,0.987481922381919,199,0
"median",0.0125070426588733,0.1,0.00125070426588733,0.02,"variance","calendar10",100,5.16421246132461,0.23105856393054,0.158761519370328,5.33089837286568,9.27332945950847,5.14044908027275,19,0
"median",0.0125070426588733,0.1,0.00125070426588733,0.02,"variance","cusum_tuned",100,1.45407312055621,0.0549334978924002,0.140073010515316,1.47634377296035,2.23067053337347,1.39251345658924,49.22,0.914703683321997
"median",0.0125070426588733,0.1,0.00125070426588733,0.02,"variance","debt_threshold_tuned",100,1.67599520167641,0.0504791422574637,0.286418686708961,1.73348337718945,2.44295117457179,1.63718584830592,31.03,1.03029416217217
"median",0.0125070426588733,0.1,0.00125070426588733,0.02,"variance","debt_utility_tuned",100,1.26725547148509,0.0481309426013179,0.158644240664623,1.29637914900761,1.96504721826028,1.16172104552951,84.38,0.479852670992447
"median",0.0125070426588733,0.1,0.00125070426588733,0.02,"variance","hybrid_utility_tuned",100,1.21751792671887,0.0452371510765756,0.170965910229193,1.26541756148251,1.89343919101972,1.08240434487506,108.03,1.40060989601248
"median",0.0125070426588733,0.1,0.00125070426588733,0.02,"variance","never_retrain",100,111.392438402996,6.51859224575035,0.407579355760456,108.584986888077,226.647308046032,111.392438402996,0,0
"median",0.0125070426588733,0.1,0.00125070426588733,0.05,"abrupt_coef","alarm_tuned",100,11.7785893645215,1.83032582254075,0.171474820959136,5.22066999785109,72.1336310247418,11.7581778709022,16.32,0.167500942255755
"median",0.0125070426588733,0.1,0.00125070426588733,0.05,"abrupt_coef","always_retrain",100,2.1998749920983,0.292390014191169,0.305084014749212,1.11033382638576,11.6059913537421,1.95098484318672,199,0
"median",0.0125070426588733,0.1,0.00125070426588733,0.05,"abrupt_coef","calendar_tuned",100,2.1998749920983,0.292390014191169,0.305084014749212,1.11033382638576,11.6059913537421,1.95098484318672,199,0
"median",0.0125070426588733,0.1,0.00125070426588733,0.05,"abrupt_coef","calendar10",100,10.7887859079589,1.68519416400447,0.166823019642148,4.63402653575852,67.7986076660844,10.7650225269071,19,0
"median",0.0125070426588733,0.1,0.00125070426588733,0.05,"abrupt_coef","cusum_tuned",100,2.445626019415,0.308743922755165,0.14652947767784,1.39606039765657,12.9692539435492,2.37639953829814,55.35,2.241634279365
"median",0.0125070426588733,0.1,0.00125070426588733,0.05,"abrupt_coef","debt_threshold_tuned",100,2.70860728825221,0.303369610610243,0.375707260930226,1.69347675007763,12.2895761742311,2.66537044178048,34.57,1.9822574112472
"median",0.0125070426588733,0.1,0.00125070426588733,0.05,"abrupt_coef","debt_utility_tuned",100,2.31464050670562,0.305038738892701,0.165096713175977,1.2330749182869,11.9822950080118,2.20874337651294,84.67,0.987400934808453
"median",0.0125070426588733,0.1,0.00125070426588733,0.05,"abrupt_coef","hybrid_utility_tuned",100,2.3376630782549,0.303074233949037,0.171974248637268,1.27735764488663,11.9183347990209,2.23508031436682,82.02,1.48752251489624
"median",0.0125070426588733,0.1,0.00125070426588733,0.05,"abrupt_coef","never_retrain",100,266.814577591337,44.7857743281624,0.728153304288974,108.213559824011,1696.90625007198,266.814577591337,0,0
"median",0.0125070426588733,0.1,0.00125070426588733,0.05,"gradual","alarm_tuned",100,5.88221810286245,0.493042320391386,0.691363511397858,4.45102568829496,19.0546376660386,5.86196920079774,16.19,0.114322775376112
"median",0.0125070426588733,0.1,0.00125070426588733,0.05,"gradual","always_retrain",100,1.2678620487872,0.0775766131911767,0.431834165388251,1.05248792084431,3.33988186121052,1.01897189987562,199,0
"median",0.0125070426588733,0.1,0.00125070426588733,0.05,"gradual","calendar_tuned",100,1.2678620487872,0.0775766131911767,0.431834165388251,1.05248792084431,3.33988186121052,1.01897189987562,199,0
"median",0.0125070426588733,0.1,0.00125070426588733,0.05,"gradual","calendar10",100,5.47183954397649,0.446756225649576,0.679114554523018,4.25714450052122,16.926118977673,5.44807616292464,19,0
"median",0.0125070426588733,0.1,0.00125070426588733,0.05,"gradual","cusum_tuned",100,1.50043562350723,0.0922194450654232,0.409691838113597,1.27621455742223,3.94859587646255,1.43064632547072,55.8,1.75533817858899
"median",0.0125070426588733,0.1,0.00125070426588733,0.05,"gradual","debt_threshold_tuned",100,1.86252584422653,0.0934399578752325,0.711975916478634,1.64018629219138,4.33318164175168,1.82206556122507,32.35,1.56826965059256
"median",0.0125070426588733,0.1,0.00125070426588733,0.05,"gradual","debt_utility_tuned",100,1.40311846753195,0.0929203007437082,0.352649252244653,1.14388920678961,3.87815738573253,1.29687114014482,84.95,0.761361751844494
"median",0.0125070426588733,0.1,0.00125070426588733,0.05,"gradual","hybrid_utility_tuned",100,1.35832520314008,0.0835177802256516,0.381258801214918,1.1396398035367,3.56803979093744,1.24496136848005,90.64,1.70569574654977
"median",0.0125070426588733,0.1,0.00125070426588733,0.05,"gradual","never_retrain",100,89.9487941657175,12.0656392351057,3.49806322070727,35.5015131942626,437.50834656288,89.9487941657175,0,0
"median",0.0125070426588733,0.1,0.00125070426588733,0.05,"none","alarm_tuned",100,0.152089240812776,0.00285776801277955,0.109518030968681,0.145981612982235,0.222374720243714,0.136905691024904,12.14,0.217432213981203
"median",0.0125070426588733,0.1,0.00125070426588733,0.05,"none","always_retrain",100,0.301085474143278,0.000708526330716429,0.287610039418905,0.301269139121393,0.313798233148616,0.0521953252317,199,0
"median",0.0125070426588733,0.1,0.00125070426588733,0.05,"none","calendar_tuned",100,0.301085474143278,0.000708526330716429,0.287610039418905,0.301269139121393,0.313798233148616,0.0521953252317,199,0
"median",0.0125070426588733,0.1,0.00125070426588733,0.05,"none","calendar10",100,0.146340006003187,0.00223613038547652,0.111292158430727,0.14335065138529,0.202160902638351,0.122576624951328,19,0
"median",0.0125070426588733,0.1,0.00125070426588733,0.05,"none","cusum_tuned",100,0.13490146973543,0.00198452935090893,0.10086363986769,0.133142479405512,0.184781148662222,0.109462144967282,20.34,0.200615215391218
"median",0.0125070426588733,0.1,0.00125070426588733,0.05,"none","debt_threshold_tuned",100,0.384098906487936,0.0193792076053537,0.168197792324752,0.325837687905423,0.914400700083398,0.381097216249807,2.4,0.189096736506942
"median",0.0125070426588733,0.1,0.00125070426588733,0.05,"none","debt_utility_tuned",100,0.156091393303202,0.00090740324729941,0.141584003453865,0.155674168479942,0.174240948802992,0.0666785453349171,71.49,0.129095532709914
"median",0.0125070426588733,0.1,0.00125070426588733,0.05,"none","hybrid_utility_tuned",100,0.166275131874287,0.00123669262641345,0.146820491261853,0.166002793660901,0.193281379757615,0.0836911291977473,66.03,0.640147552435287
"median",0.0125070426588733,0.1,0.00125070426588733,0.05,"none","never_retrain",100,0.816049463143411,0.047403691924577,0.206000975191563,0.669947434620155,1.85907207963428,0.816049463143411,0,0
"median",0.0125070426588733,0.1,0.00125070426588733,0.05,"variance","alarm_tuned",100,5.90654480475062,0.221639086364433,3.0133076290107,5.17040702689694,10.7827525912017,5.88590818436348,16.5,0.130654915983698
"median",0.0125070426588733,0.1,0.00125070426588733,0.05,"variance","always_retrain",100,1.26897954567053,0.0357194267427762,0.784192674382574,1.20017612889542,1.89843999770491,1.02008939675895,199,0
"median",0.0125070426588733,0.1,0.00125070426588733,0.05,"variance","calendar_tuned",100,1.26897954567053,0.0357194267427762,0.784192674382574,1.20017612889542,1.89843999770491,1.02008939675895,199,0
"median",0.0125070426588733,0.1,0.00125070426588733,0.05,"variance","calendar10",100,5.41720587781472,0.189416945316571,2.69617201819749,5.21723314395859,9.27843670863023,5.39344249676286,19,0
"median",0.0125070426588733,0.1,0.00125070426588733,0.05,"variance","cusum_tuned",100,1.5134536412085,0.040866064767617,0.866047484927728,1.39055197268758,2.33033209238597,1.45003042788535,50.71,0.608408256075315
"median",0.0125070426588733,0.1,0.00125070426588733,0.05,"variance","debt_threshold_tuned",100,1.66349607365328,0.0396747716678739,1.01930833033373,1.61943116538226,2.44422651738826,1.6213098187649,33.73,0.558471036840675
"median",0.0125070426588733,0.1,0.00125070426588733,0.05,"variance","debt_utility_tuned",100,1.30691234950712,0.0385405729649955,0.750569827885109,1.21046735792098,2.04777950275842,1.20006468407236,85.43,0.285775570627856
"median",0.0125070426588733,0.1,0.00125070426588733,0.05,"variance","hybrid_utility_tuned",100,1.26411876269915,0.0361084012172924,0.736167241348406,1.17584369850888,1.92496962665323,1.12290174403781,112.91,0.90006677642284
"median",0.0125070426588733,0.1,0.00125070426588733,0.05,"variance","never_retrain",100,131.37428565493,5.69447752347956,54.0855287049158,117.112479867126,250.386607225716,131.37428565493,0,0
"median",0.0125070426588733,0.1,0.00125070426588733,0.1,"abrupt_coef","alarm_tuned",100,12.3352671397499,1.75769070403315,0.15984375652925,5.83177339709587,49.7591028381212,12.3144679278082,16.63,0.169166106880698
"median",0.0125070426588733,0.1,0.00125070426588733,0.1,"abrupt_coef","always_retrain",100,2.34491768374871,0.283749131735995,0.302606593580177,1.22179451564361,9.63147876206563,2.09602753483713,199,0
"median",0.0125070426588733,0.1,0.00125070426588733,0.1,"abrupt_coef","calendar_tuned",100,2.34491768374871,0.283749131735995,0.302606593580177,1.22179451564361,9.63147876206563,2.09602753483713,199,0
"median",0.0125070426588733,0.1,0.00125070426588733,0.1,"abrupt_coef","calendar10",100,11.4705571478585,1.61803523632663,0.163591736218449,5.34788900995095,60.7857463116855,11.4467937668066,19,0
"median",0.0125070426588733,0.1,0.00125070426588733,0.1,"abrupt_coef","cusum_tuned",100,2.58480964942644,0.296582358449957,0.149014387162138,1.61299852121317,10.0166781554783,2.51313178794844,57.31,2.24372053032052
"median",0.0125070426588733,0.1,0.00125070426588733,0.1,"abrupt_coef","debt_threshold_tuned",100,2.85612856006073,0.29260000507185,0.293382718640005,1.79136915651729,10.1735094539106,2.81047785435584,36.5,1.94128458979766
"median",0.0125070426588733,0.1,0.00125070426588733,0.1,"abrupt_coef","debt_utility_tuned",100,2.47453594744629,0.297397832152863,0.168243059951139,1.35532553283068,10.0379940655971,2.36837616935778,84.88,0.945513595669549
"median",0.0125070426588733,0.1,0.00125070426588733,0.1,"abrupt_coef","hybrid_utility_tuned",100,2.50819065590294,0.294790553786376,0.169239713119526,1.43802837554625,10.0593626523619,2.4069336385367,80.96,1.3388461789575
"median",0.0125070426588733,0.1,0.00125070426588733,0.1,"abrupt_coef","never_retrain",100,303.801201763386,41.4015494113071,1.2526537405113,133.861168660888,1348.72054298213,303.801201763386,0,0
"median",0.0125070426588733,0.1,0.00125070426588733,0.1,"gradual","alarm_tuned",100,6.05269022363491,0.470970918110907,0.953877378664207,4.80195970443812,17.9413037796363,6.03235377227158,16.26,0.124413776884989
"median",0.0125070426588733,0.1,0.00125070426588733,0.1,"gradual","always_retrain",100,1.29342226381574,0.0730391357758714,0.467454813811502,1.13808742477247,3.11546010178302,1.04453211490416,199,0
"median",0.0125070426588733,0.1,0.00125070426588733,0.1,"gradual","calendar_tuned",100,1.29342226381574,0.0730391357758714,0.467454813811502,1.13808742477247,3.11546010178302,1.04453211490416,199,0
"median",0.0125070426588733,0.1,0.00125070426588733,0.1,"gradual","calendar10",100,5.55287417828838,0.421258210441828,0.944864448056404,4.53479066271388,16.0954715356752,5.52911079723652,19,0
"median",0.0125070426588733,0.1,0.00125070426588733,0.1,"gradual","cusum_tuned",100,1.5466390214911,0.0882041994232965,0.482469273700147,1.37026892966395,3.71706501067929,1.47438583605079,57.77,1.62162501114397
"median",0.0125070426588733,0.1,0.00125070426588733,0.1,"gradual","debt_threshold_tuned",100,1.85238203437684,0.0885008148522126,0.67266068880224,1.69153169386738,3.96228053631305,1.80947037101424,34.31,1.50162840902398
"median",0.0125070426588733,0.1,0.00125070426588733,0.1,"gradual","debt_utility_tuned",100,1.43280194890678,0.0861248271077945,0.400416828992044,1.23561816329604,3.52687248576946,1.32631698770913,85.14,0.731267061443024
"median",0.0125070426588733,0.1,0.00125070426588733,0.1,"gradual","hybrid_utility_tuned",100,1.40005047977687,0.0791080282243273,0.442054952229244,1.21991204273843,3.33328041316502,1.28552349014956,91.57,1.58943831003727
"median",0.0125070426588733,0.1,0.00125070426588733,0.1,"gradual","never_retrain",100,99.5782908902433,11.9130047619753,2.63945669333486,46.9442067700413,388.882065516609,99.5782908902433,0,0
"median",0.0125070426588733,0.1,0.00125070426588733,0.1,"none","alarm_tuned",100,0.158518445951497,0.00385247220792962,0.113344173760177,0.148637347548579,0.245688237253344,0.143885206040616,11.7,0.307646655509961
"median",0.0125070426588733,0.1,0.00125070426588733,0.1,"none","always_retrain",100,0.302165050730067,0.000818194510972004,0.289509880981317,0.301560355849886,0.318889232164007,0.0532749018184896,199,0
"median",0.0125070426588733,0.1,0.00125070426588733,0.1,"none","calendar_tuned",100,0.302165050730067,0.000818194510972004,0.289509880981317,0.301560355849886,0.318889232164007,0.0532749018184896,199,0
"median",0.0125070426588733,0.1,0.00125070426588733,0.1,"none","calendar10",100,0.152023298301824,0.00278001619906138,0.108172231909118,0.14713434538312,0.200434556317181,0.128259917249965,19,0
"median",0.0125070426588733,0.1,0.00125070426588733,0.1,"none","cusum_tuned",100,0.13885770624987,0.0022485012644607,0.102011628564682,0.138418201869662,0.169283343310856,0.113618494164264,20.18,0.223100285463146
"median",0.0125070426588733,0.1,0.00125070426588733,0.1,"none","debt_threshold_tuned",100,0.384306530881206,0.0183157154736124,0.195652100651166,0.319648034150494,0.854356185481918,0.381542474453595,2.21,0.19137725184894
"median",0.0125070426588733,0.1,0.00125070426588733,0.1,"none","debt_utility_tuned",100,0.159255082298452,0.00102674554171303,0.139236257912016,0.159865756404982,0.178063489702476,0.0698547413728254,71.48,0.144585789429842
"median",0.0125070426588733,0.1,0.00125070426588733,0.1,"none","hybrid_utility_tuned",100,0.168786510553455,0.00143197474632377,0.144848055399431,0.167789441476922,0.194890326774478,0.0862400290048914,66,0.589983735437519
"median",0.0125070426588733,0.1,0.00125070426588733,0.1,"none","never_retrain",100,0.819081026593297,0.0600397776473974,0.263060355309257,0.618315379111448,2.64785430808929,0.819081026593297,0,0
"median",0.0125070426588733,0.1,0.00125070426588733,0.1,"variance","alarm_tuned",100,5.5526626992742,0.199443909418714,2.64864038318056,5.36862349855732,9.59125222681527,5.53186348733249,16.63,0.0824559876478955
"median",0.0125070426588733,0.1,0.00125070426588733,0.1,"variance","always_retrain",100,1.22972469964063,0.0333403046788316,0.732622925417518,1.19658132604197,1.84006071669906,0.980834550729056,199,0
"median",0.0125070426588733,0.1,0.00125070426588733,0.1,"variance","calendar_tuned",100,1.22972469964063,0.0333403046788316,0.732622925417518,1.19658132604197,1.84006071669906,0.980834550729056,199,0
"median",0.0125070426588733,0.1,0.00125070426588733,0.1,"variance","calendar10",100,5.2481293311316,0.193736491182941,2.44966029599166,5.11340666408197,9.15715827342552,5.22436595007974,19,0
"median",0.0125070426588733,0.1,0.00125070426588733,0.1,"variance","cusum_tuned",100,1.46915162332439,0.0399563098140487,0.829567994210084,1.4376713066374,2.19442899254703,1.40712919877904,49.59,0.591709558837951
"median",0.0125070426588733,0.1,0.00125070426588733,0.1,"variance","debt_threshold_tuned",100,1.58542114650729,0.038646678387071,0.953119851581776,1.55321357384757,2.34810355005474,1.543635116984,33.41,0.494636893656
"median",0.0125070426588733,0.1,0.00125070426588733,0.1,"variance","debt_utility_tuned",100,1.25613238960814,0.0369441924270374,0.699898889921968,1.22318542812503,1.93327131575381,1.1495848931972,85.19,0.3040783391885
"median",0.0125070426588733,0.1,0.00125070426588733,0.1,"variance","hybrid_utility_tuned",100,1.22128738918537,0.0348851477931151,0.694285304080292,1.19180149662196,1.85485043662171,1.08138361000322,111.86,0.821309621853717
"median",0.0125070426588733,0.1,0.00125070426588733,0.1,"variance","never_retrain",100,135.628721945368,5.32586994466935,62.3293144275523,128.298774130622,235.420086980599,135.628721945368,0,0
"median",0.0125070426588733,0.1,0.00125070426588733,0.2,"abrupt_coef","alarm_tuned",100,9.95368721507083,1.3207295887824,0.142891386706502,5.11402763089256,43.1880387944267,9.93258783410531,16.87,0.136074103400175
"median",0.0125070426588733,0.1,0.00125070426588733,0.2,"abrupt_coef","always_retrain",100,1.89846272859493,0.20816275880223,0.301130906950029,1.15757131341872,7.97492609456502,1.64957257968335,199,0
"median",0.0125070426588733,0.1,0.00125070426588733,0.2,"abrupt_coef","calendar_tuned",100,1.89846272859493,0.20816275880223,0.301130906950029,1.15757131341872,7.97492609456502,1.64957257968335,199,0
"median",0.0125070426588733,0.1,0.00125070426588733,0.2,"abrupt_coef","calendar10",100,9.14516344792081,1.14385588699062,0.152585194807848,4.82353758544538,43.8198509587572,9.12140006686895,19,0
"median",0.0125070426588733,0.1,0.00125070426588733,0.2,"abrupt_coef","cusum_tuned",100,2.13972231224474,0.221506139254032,0.13353383748444,1.49738756934227,8.28661059676224,2.06938270433123,56.24,2.26283633584674
"median",0.0125070426588733,0.1,0.00125070426588733,0.2,"abrupt_coef","debt_threshold_tuned",100,2.42081380552451,0.224291742387038,0.376238780914572,1.73994696992578,8.71463913068506,2.37685155057857,35.15,1.91903674279624
"median",0.0125070426588733,0.1,0.00125070426588733,0.2,"abrupt_coef","debt_utility_tuned",100,2.01210012628495,0.222515685324893,0.159729039305186,1.26619153229578,8.38767979279837,1.90670327779862,84.27,0.908306783042608
"median",0.0125070426588733,0.1,0.00125070426588733,0.2,"abrupt_coef","hybrid_utility_tuned",100,2.05752981820143,0.219747190513327,0.17164954678377,1.3539656717064,8.30886419457277,1.95979978686499,78.14,1.41521458557786
"median",0.0125070426588733,0.1,0.00125070426588733,0.2,"abrupt_coef","never_retrain",100,251.400381704941,33.9859507451935,1.16837655147119,130.939711712196,1150.38768915258,251.400381704941,0,0
"median",0.0125070426588733,0.1,0.00125070426588733,0.2,"gradual","alarm_tuned",100,6.59109850701493,0.533950223087339,0.998556077650943,4.93305575957256,20.0001537011667,6.57059946409704,16.39,0.117116017760858
"median",0.0125070426588733,0.1,0.00125070426588733,0.2,"gradual","always_retrain",100,1.37348810941506,0.0838742051499334,0.452795570715574,1.10895585710688,3.55303441013949,1.12459796050348,199,0
"median",0.0125070426588733,0.1,0.00125070426588733,0.2,"gradual","calendar_tuned",100,1.37348810941506,0.0838742051499334,0.452795570715574,1.10895585710688,3.55303441013949,1.12459796050348,199,0
"median",0.0125070426588733,0.1,0.00125070426588733,0.2,"gradual","calendar10",100,6.13456681943231,0.493774317960823,0.945078816803372,4.54221623664504,18.6864186441149,6.11080343838045,19,0
"median",0.0125070426588733,0.1,0.00125070426588733,0.2,"gradual","cusum_tuned",100,1.65741687972504,0.0986674246026885,0.48287797481255,1.4107802365345,4.07897768027634,1.58266228575295,59.77,1.87238598930063
"median",0.0125070426588733,0.1,0.00125070426588733,0.2,"gradual","debt_threshold_tuned",100,1.98427015682202,0.101335917209797,0.753184401839244,1.6826104014153,4.49043447354261,1.93799409898418,37,1.69628232832089
"median",0.0125070426588733,0.1,0.00125070426588733,0.2,"gradual","debt_utility_tuned",100,1.53837838622564,0.099820064878339,0.4040940627238,1.24904303657453,4.0986995716855,1.43074277710338,86.06,0.772353088249987
"median",0.0125070426588733,0.1,0.00125070426588733,0.2,"gradual","hybrid_utility_tuned",100,1.49213727633221,0.0893182611290301,0.431898239855197,1.24510193240722,3.70660975143627,1.37443349786956,94.11,1.89309724306946
"median",0.0125070426588733,0.1,0.00125070426588733,0.2,"gradual","never_retrain",100,120.17340542768,15.9675438080312,4.16489614920632,50.855241795373,479.984687930685,120.17340542768,0,0
"median",0.0125070426588733,0.1,0.00125070426588733,0.2,"none","alarm_tuned",100,0.153617339471152,0.00381272760205575,0.104555236119162,0.144615298728899,0.233867915767346,0.1375457896545,12.85,0.188226706206354
"median",0.0125070426588733,0.1,0.00125070426588733,0.2,"none","always_retrain",100,0.302499716246752,0.00094449667195246,0.285606731290864,0.301619944430913,0.322360825888166,0.0536095673351744,199,0
"median",0.0125070426588733,0.1,0.00125070426588733,0.2,"none","calendar_tuned",100,0.302499716246752,0.00094449667195246,0.285606731290864,0.301619944430913,0.322360825888166,0.0536095673351744,199,0
"median",0.0125070426588733,0.1,0.00125070426588733,0.2,"none","calendar10",100,0.156607385118554,0.00334178849290267,0.114648960168289,0.148387984311525,0.223139653669551,0.132844004066694,19,0
"median",0.0125070426588733,0.1,0.00125070426588733,0.2,"none","cusum_tuned",100,0.139063033025533,0.00258288725830642,0.0999603847181058,0.136930313900947,0.199560430396071,0.113711257555997,20.27,0.221042068302837
"median",0.0125070426588733,0.1,0.00125070426588733,0.2,"none","debt_threshold_tuned",100,0.399539958563614,0.0222066284589914,0.158822626575352,0.319475515142399,0.947977557897707,0.396650831709415,2.31,0.19524395514382
"median",0.0125070426588733,0.1,0.00125070426588733,0.2,"none","debt_utility_tuned",100,0.159281075989906,0.00123812806114121,0.136349112867328,0.158664776619945,0.180592158110491,0.069843213936303,71.51,0.128310702451652
"median",0.0125070426588733,0.1,0.00125070426588733,0.2,"none","hybrid_utility_tuned",100,0.170943094111096,0.00181385096522155,0.140644481624723,0.169212809882927,0.211493635565842,0.0877837674722481,66.49,0.594162682208579
"median",0.0125070426588733,0.1,0.00125070426588733,0.2,"none","never_retrain",100,0.923452085937739,0.0660111306286622,0.213988627915989,0.784185305310711,2.46868555094318,0.923452085937739,0,0
"median",0.0125070426588733,0.1,0.00125070426588733,0.2,"variance","alarm_tuned",100,6.27759576028312,0.234725213246945,2.35453246288797,6.47486249519575,9.77724793287461,6.25693412581066,16.52,0.0758520622892704
"median",0.0125070426588733,0.1,0.00125070426588733,0.2,"variance","always_retrain",100,1.32325207026576,0.0369452423482721,0.728186123192601,1.32729389014641,1.90567340827544,1.07436192135418,199,0
"median",0.0125070426588733,0.1,0.00125070426588733,0.2,"variance","calendar_tuned",100,1.32325207026576,0.0369452423482721,0.728186123192601,1.32729389014641,1.90567340827544,1.07436192135418,199,0
"median",0.0125070426588733,0.1,0.00125070426588733,0.2,"variance","calendar10",100,5.72571020836101,0.210378585060145,2.38848606091974,5.76035707623224,9.73682105037369,5.70194682730915,19,0
"median",0.0125070426588733,0.1,0.00125070426588733,0.2,"variance","cusum_tuned",100,1.5668379352291,0.0452983286631188,0.820099957455102,1.56867539999363,2.37449450577178,1.50520322900617,49.28,0.531831218004777
"median",0.0125070426588733,0.1,0.00125070426588733,0.2,"variance","debt_threshold_tuned",100,1.7029890719563,0.0423234919956934,1.00452366227484,1.74584534903526,2.48597200560928,1.66160326779809,33.09,0.539752094236163
"median",0.0125070426588733,0.1,0.00125070426588733,0.2,"variance","debt_utility_tuned",100,1.35243544214339,0.0407355769035405,0.697925829772014,1.35246344971417,2.0213464696074,1.2458129034765,85.25,0.304967294156358
"median",0.0125070426588733,0.1,0.00125070426588733,0.2,"variance","hybrid_utility_tuned",100,1.31236710433743,0.0383312598594752,0.687229405277763,1.31271473213956,1.90651133419274,1.17044969128719,113.47,0.69768086247122
"median",0.0125070426588733,0.1,0.00125070426588733,0.2,"variance","never_retrain",100,156.430612369073,6.01594355271031,61.7561929557651,160.563740151538,255.77425964953,156.430612369073,0,0
"median",0.0125070426588733,0.25,0.00312676066471831,0.02,"abrupt_coef","alarm_tuned",100,10.7799968175157,1.50383299876331,0.159716769335517,3.57630764750302,49.8102229875197,10.7313131539661,15.57,0.240896893154132
"median",0.0125070426588733,0.25,0.00312676066471831,0.02,"abrupt_coef","always_retrain",100,2.50429980812098,0.256209112595761,0.670712872759453,1.29643271905953,9.51458661427834,1.88207443584203,199,0
"median",0.0125070426588733,0.25,0.00312676066471831,0.02,"abrupt_coef","calendar_tuned",100,2.50429980812098,0.256209112595761,0.670712872759453,1.29643271905953,9.51458661427834,1.88207443584203,199,0
"median",0.0125070426588733,0.25,0.00312676066471831,0.02,"abrupt_coef","calendar10",100,10.1496327465736,1.40348418675569,0.160873507368206,3.24967552876782,44.7475919124686,10.090224293944,19,0
"median",0.0125070426588733,0.25,0.00312676066471831,0.02,"abrupt_coef","cusum_tuned",100,2.37213404022155,0.271279271438794,0.156238889898882,1.21973189786835,9.7324150560575,2.21201262658133,51.21,2.29268908322154
"median",0.0125070426588733,0.25,0.00312676066471831,0.02,"abrupt_coef","debt_threshold_tuned",100,2.69919157487068,0.267054908946569,0.280967408443475,1.66550857849512,9.70759588689917,2.60560762817566,29.93,2.07316938843195
"median",0.0125070426588733,0.25,0.00312676066471831,0.02,"abrupt_coef","debt_utility_tuned",100,2.36842309385083,0.273306539549419,0.286271751386891,1.15579384362546,9.71666952076928,2.10880815585927,83.03,0.971560756221814
"median",0.0125070426588733,0.25,0.00312676066471831,0.02,"abrupt_coef","hybrid_utility_tuned",100,2.36005287892387,0.266950574734115,0.291641291865813,1.1815487076892,9.5354549249499,2.09915596905977,83.44,1.55195022309013
"median",0.0125070426588733,0.25,0.00312676066471831,0.02,"abrupt_coef","never_retrain",100,213.035054428136,33.4351073004974,0.72809535968802,61.0116280204888,1220.89709568141,213.035054428136,0,0
"median",0.0125070426588733,0.25,0.00312676066471831,0.02,"gradual","alarm_tuned",100,4.62718135880927,0.470207203492553,0.299673800350384,2.61455244772351,15.5685005632671,4.57884163893272,15.46,0.191970115519383
"median",0.0125070426588733,0.25,0.00312676066471831,0.02,"gradual","always_retrain",100,1.42429303662391,0.0738243614177301,0.714280387877298,1.10635355442415,3.08211880430591,0.802067664344962,199,0
"median",0.0125070426588733,0.25,0.00312676066471831,0.02,"gradual","calendar_tuned",100,1.42429303662391,0.0738243614177301,0.714280387877298,1.10635355442415,3.08211880430591,0.802067664344962,199,0
"median",0.0125070426588733,0.25,0.00312676066471831,0.02,"gradual","calendar10",100,4.32013018571626,0.435236984297254,0.346106549734709,2.44148949971053,14.5319405555227,4.26072173308662,19,0
"median",0.0125070426588733,0.25,0.00312676066471831,0.02,"gradual","cusum_tuned",100,1.31805924628782,0.093577847205402,0.249831009157087,0.973186759991797,3.35022454354098,1.16250290321809,49.75,1.76985846606416
"median",0.0125070426588733,0.25,0.00312676066471831,0.02,"gradual","debt_threshold_tuned",100,1.6873684111094,0.0951180564184364,0.321421821439233,1.42200496937388,3.66243378572074,1.60297714076865,26.99,1.61679911984742
"median",0.0125070426588733,0.25,0.00312676066471831,0.02,"gradual","debt_utility_tuned",100,1.28699764706109,0.0901820150427482,0.340982493406379,0.912107877325737,3.28098062178443,1.03097848383395,81.88,0.734335403510198
"median",0.0125070426588733,0.25,0.00312676066471831,0.02,"gradual","hybrid_utility_tuned",100,1.27239693194444,0.0833423617895847,0.360784876764631,0.917514199464934,3.09795545801924,1.00218227529948,86.42,1.75356375948691
"median",0.0125070426588733,0.25,0.00312676066471831,0.02,"gradual","never_retrain",100,62.2132344755638,9.62419667366507,0.817991474696635,19.2733927136203,331.90948192387,62.2132344755638,0,0
"median",0.0125070426588733,0.25,0.00312676066471831,0.02,"none","alarm_tuned",100,0.179868728347698,0.00332532773945478,0.127742735042401,0.175400207571408,0.243124380070523,0.141847318664723,12.16,0.221436996534778
"median",0.0125070426588733,0.25,0.00312676066471831,0.02,"none","always_retrain",100,0.674567989547772,0.000706961364348336,0.661992310524914,0.67508401600725,0.689110346825496,0.0523426172688275,199,0
"median",0.0125070426588733,0.25,0.00312676066471831,0.02,"none","calendar_tuned",100,0.674567989547772,0.000706961364348336,0.661992310524914,0.67508401600725,0.689110346825496,0.0523426172688275,199,0
"median",0.0125070426588733,0.25,0.00312676066471831,0.02,"none","calendar10",100,0.190141141638676,0.00279397316803672,0.144360823526766,0.186677583026653,0.248864300477341,0.130732689009028,19,0
"median",0.0125070426588733,0.25,0.00312676066471831,0.02,"none","cusum_tuned",100,0.177267320218214,0.00220070963905584,0.137797124790551,0.175108430583282,0.219105176967773,0.1130436561649,20.54,0.198183671569501
"median",0.0125070426588733,0.25,0.00312676066471831,0.02,"none","debt_threshold_tuned",100,0.37892625449162,0.016903348017989,0.17504798391395,0.357027296205375,0.783436167121716,0.370859211976646,2.58,0.191316544506794
"median",0.0125070426588733,0.25,0.00312676066471831,0.02,"none","debt_utility_tuned",100,0.290207121777174,0.00107135643839504,0.271948150868241,0.289747198006371,0.313130780694666,0.0678319033024076,71.12,0.120838819102225
"median",0.0125070426588733,0.25,0.00312676066471831,0.02,"none","hybrid_utility_tuned",100,0.294253652199124,0.0021918162582066,0.254097300995004,0.293286387560556,0.335503475113417,0.0861989975687671,66.54,0.732012584756863
"median",0.0125070426588733,0.25,0.00312676066471831,0.02,"none","never_retrain",100,0.960623495874141,0.0627027269397995,0.235519535367029,0.797527145687905,2.70619320460349,0.960623495874141,0,0
"median",0.0125070426588733,0.25,0.00312676066471831,0.02,"variance","alarm_tuned",100,5.7657792126142,0.260646588271171,0.178707547243354,5.86654544853003,9.68754627014532,5.71550090112552,16.08,0.151544239632051
"median",0.0125070426588733,0.25,0.00312676066471831,0.02,"variance","always_retrain",100,1.60970729466086,0.0428277510135068,0.669579664679769,1.64968592264436,2.27910883264287,0.987481922381919,199,0
"median",0.0125070426588733,0.25,0.00312676066471831,0.02,"variance","calendar_tuned",100,1.60970729466086,0.0428277510135068,0.669579664679769,1.64968592264436,2.27910883264287,0.987481922381919,199,0
"median",0.0125070426588733,0.25,0.00312676066471831,0.02,"variance","calendar10",100,5.19985753290239,0.23105856393054,0.194406590948117,5.36654344444346,9.30897453108626,5.14044908027275,19,0
"median",0.0125070426588733,0.25,0.00312676066471831,0.02,"variance","cusum_tuned",100,1.54641261650668,0.0563282616644073,0.179563997710708,1.57108462110131,2.3249892688247,1.39251345658924,49.22,0.914703683321997
"median",0.0125070426588733,0.25,0.00312676066471831,0.02,"variance","debt_threshold_tuned",100,1.73420923173213,0.051732176888896,0.289279672717178,1.80353313207191,2.50876694895138,1.63718584830592,31.03,1.03029416217217
"median",0.0125070426588733,0.25,0.00312676066471831,0.02,"variance","debt_utility_tuned",100,1.42836944512238,0.0490793687270481,0.2899741043247,1.47363225060812,2.13691824554187,1.16587788731928,83.95,0.478502504136234
"median",0.0125070426588733,0.25,0.00312676066471831,0.02,"variance","hybrid_utility_tuned",100,1.42100166180647,0.0472443534742917,0.290055632279857,1.47326097827957,2.11459764609651,1.08515629880908,107.41,1.40799269683597
"median",0.0125070426588733,0.25,0.00312676066471831,0.02,"variance","never_retrain",100,111.392438402996,6.51859224575035,0.407579355760456,108.584986888077,226.647308046032,111.392438402996,0,0
"median",0.0125070426588733,0.25,0.00312676066471831,0.05,"abrupt_coef","alarm_tuned",100,11.8092066049504,1.83041665235109,0.195769751323997,5.24974887203297,72.1664151103114,11.7581778709022,16.32,0.167500942255755
"median",0.0125070426588733,0.25,0.00312676066471831,0.05,"abrupt_coef","always_retrain",100,2.57321021546566,0.292390014191168,0.678419238116578,1.48366904975312,11.9793265771095,1.95098484318672,199,0
"median",0.0125070426588733,0.25,0.00312676066471831,0.05,"abrupt_coef","calendar_tuned",100,2.57321021546566,0.292390014191168,0.678419238116578,1.48366904975312,11.9793265771095,1.95098484318672,199,0
"median",0.0125070426588733,0.25,0.00312676066471831,0.05,"abrupt_coef","calendar10",100,10.8244309795367,1.68519416400447,0.202468091219937,4.66967160733631,67.8342527376622,10.7650225269071,19,0
"median",0.0125070426588733,0.25,0.00312676066471831,0.05,"abrupt_coef","cusum_tuned",100,2.5494657410903,0.311904377001191,0.183065676045074,1.50487166878876,13.1486518366874,2.37639953829814,55.35,2.241634279365
"median",0.0125070426588733,0.25,0.00312676066471831,0.05,"abrupt_coef","debt_threshold_tuned",100,2.77346255795979,0.30617804702355,0.382930078065725,1.76015599237892,12.418132938961,2.66537044178048,34.57,1.9822574112472
"median",0.0125070426588733,0.25,0.00312676066471831,0.05,"abrupt_coef","debt_utility_tuned",100,2.47664374948992,0.306568579829984,0.298904681604777,1.39127909196738,12.1506405925043,2.21358937476717,84.13,0.966787348788645
"median",0.0125070426588733,0.25,0.00312676066471831,0.05,"abrupt_coef","hybrid_utility_tuned",100,2.49642550417624,0.305322537807879,0.291877324522198,1.43881061907248,12.1194521659075,2.24193845367482,81.39,1.5118985990262
"median",0.0125070426588733,0.25,0.00312676066471831,0.05,"abrupt_coef","never_retrain",100,266.814577591337,44.7857743281624,0.728153304288974,108.213559824011,1696.90625007198,266.814577591337,0,0
"median",0.0125070426588733,0.25,0.00312676066471831,0.05,"gradual","alarm_tuned",100,5.91259145595953,0.493133710613758,0.718613230590877,4.48104259067626,19.0875155544281,5.86196920079774,16.19,0.114322775376112
"median",0.0125070426588733,0.25,0.00312676066471831,0.05,"gradual","always_retrain",100,1.64119727215457,0.0775766131911767,0.805169388755617,1.42582314421167,3.71321708457788,1.01897189987562,199,0
"median",0.0125070426588733,0.25,0.00312676066471831,0.05,"gradual","calendar_tuned",100,1.64119727215457,0.0775766131911767,0.805169388755617,1.42582314421167,3.71321708457788,1.01897189987562,199,0
"median",0.0125070426588733,0.25,0.00312676066471831,0.05,"gradual","calendar10",100,5.50748461555428,0.446756225649577,0.714759626100807,4.29278957209901,16.9617640492508,5.44807616292464,19,0
"median",0.0125070426588733,0.25,0.00312676066471831,0.05,"gradual","cusum_tuned",100,1.605119570562,0.0952707895986408,0.471085783765341,1.38221174395618,4.12306912155383,1.43064632547072,55.8,1.75533817858899
"median",0.0125070426588733,0.25,0.00312676066471831,0.05,"gradual","debt_threshold_tuned",100,1.92321626872871,0.0960968228233662,0.74082028361066,1.70115812515337,4.46549051927923,1.82206556122507,32.35,1.56826965059256
"median",0.0125070426588733,0.25,0.00312676066471831,0.05,"gradual","debt_utility_tuned",100,1.56739880969913,0.0947944063472112,0.499345718588752,1.30125134728143,4.06648836097752,1.30353147720355,84.39,0.747371826111104
"median",0.0125070426588733,0.25,0.00312676066471831,0.05,"gradual","hybrid_utility_tuned",100,1.53192269926255,0.0865970078180238,0.509900627461886,1.31096980719902,3.82869978755701,1.25073311268443,89.93,1.71901163756998
"median",0.0125070426588733,0.25,0.00312676066471831,0.05,"gradual","never_retrain",100,89.9487941657175,12.0656392351057,3.49806322070727,35.5015131942626,437.50834656288,89.9487941657175,0,0
"median",0.0125070426588733,0.25,0.00312676066471831,0.05,"none","alarm_tuned",100,0.174864565494584,0.0028845365565787,0.131728229166587,0.170710755676255,0.237314445277993,0.136905691024904,12.14,0.217432213981203
"median",0.0125070426588733,0.25,0.00312676066471831,0.05,"none","always_retrain",100,0.674420697510645,0.000708526330716432,0.660945262786272,0.67460436248876,0.687133456515983,0.0521953252317,199,0
"median",0.0125070426588733,0.25,0.00312676066471831,0.05,"none","calendar_tuned",100,0.674420697510645,0.000708526330716432,0.660945262786272,0.67460436248876,0.687133456515983,0.0521953252317,199,0
"median",0.0125070426588733,0.25,0.00312676066471831,0.05,"none","calendar10",100,0.181985077580976,0.00223613038547652,0.146937230008516,0.178995722963078,0.23780597421614,0.122576624951328,19,0
"median",0.0125070426588733,0.25,0.00312676066471831,0.05,"none","cusum_tuned",100,0.173060456887653,0.00208011614805321,0.136191765455039,0.171405403309225,0.220520023059952,0.109462144967282,20.34,0.200615215391218
"median",0.0125070426588733,0.25,0.00312676066471831,0.05,"none","debt_threshold_tuned",100,0.388601441845131,0.0192812611397989,0.175265949858576,0.334279941700162,0.917261686091615,0.381097216249807,2.4,0.189096736506942
"median",0.0125070426588733,0.25,0.00312676066471831,0.05,"none","debt_utility_tuned",100,0.288755688642028,0.00100161470573283,0.271607110376609,0.28731601540749,0.309054043465452,0.0665680758071445,71.06,0.122119332266154
"median",0.0125070426588733,0.25,0.00312676066471831,0.05,"none","hybrid_utility_tuned",100,0.28893021033511,0.0019798394205282,0.252446792188996,0.288277736980791,0.324796546469804,0.0845338656824733,65.37,0.642227028048147
"median",0.0125070426588733,0.25,0.00312676066471831,0.05,"none","never_retrain",100,0.816049463143411,0.047403691924577,0.206000975191563,0.669947434620155,1.85907207963428,0.816049463143411,0,0
"median",0.0125070426588733,0.25,0.00312676066471831,0.05,"variance","alarm_tuned",100,5.93749973533133,0.221704115593018,3.04332453139199,5.20229998567707,10.8146455499819,5.88590818436348,16.5,0.130654915983698
"median",0.0125070426588733,0.25,0.00312676066471831,0.05,"variance","always_retrain",100,1.64231476903789,0.0357194267427762,1.15752789774994,1.57351135226279,2.27177522107228,1.02008939675895,199,0
"median",0.0125070426588733,0.25,0.00312676066471831,0.05,"variance","calendar_tuned",100,1.64231476903789,0.0357194267427762,1.15752789774994,1.57351135226279,2.27177522107228,1.02008939675895,199,0
"median",0.0125070426588733,0.25,0.00312676066471831,0.05,"variance","calendar10",100,5.45285094939251,0.189416945316571,2.73181708977528,5.25287821553639,9.31408178020802,5.39344249676286,19,0
"median",0.0125070426588733,0.25,0.00312676066471831,0.05,"variance","cusum_tuned",100,1.60858846119321,0.0416119922182988,0.948218755196526,1.47727238708972,2.42966927870406,1.45003042788535,50.71,0.608408256075315
"median",0.0125070426588733,0.25,0.00312676066471831,0.05,"variance","debt_threshold_tuned",100,1.72677545598585,0.0403104015770806,1.07521481101889,1.6861351468846,2.52015990013095,1.6213098187649,33.73,0.558471036840675
"median",0.0125070426588733,0.25,0.00312676066471831,0.05,"variance","debt_utility_tuned",100,1.47165163670571,0.0388491017669572,0.917003367837499,1.371543911865,2.21059677166241,1.20625219148442,84.88,0.284367098069813
"median",0.0125070426588733,0.25,0.00312676066471831,0.05,"variance","hybrid_utility_tuned",100,1.47678006994558,0.0372680693726953,0.928516462256709,1.39939426124372,2.16041429558909,1.12548850926447,112.35,0.902787490235245
"median",0.0125070426588733,0.25,0.00312676066471831,0.05,"variance","never_retrain",100,131.37428565493,5.69447752347956,54.0855287049158,117.112479867126,250.386607225716,131.37428565493,0,0
"median",0.0125070426588733,0.25,0.00312676066471831,0.1,"abrupt_coef","alarm_tuned",100,12.3664659576624,1.75778395199322,0.183284471649177,5.86460438407541,49.7909957969014,12.3144679278082,16.63,0.169166106880698
"median",0.0125070426588733,0.25,0.00312676066471831,0.1,"abrupt_coef","always_retrain",100,2.71825290711607,0.283749131735995,0.675941816947544,1.59512973901097,10.004813985433,2.09602753483713,199,0
"median",0.0125070426588733,0.25,0.00312676066471831,0.1,"abrupt_coef","calendar_tuned",100,2.71825290711607,0.283749131735995,0.675941816947544,1.59512973901097,10.004813985433,2.09602753483713,199,0
"median",0.0125070426588733,0.25,0.00312676066471831,0.1,"abrupt_coef","calendar10",100,11.5062022194363,1.61803523632663,0.199236807796238,5.38353408152874,60.8213913832633,11.4467937668066,19,0
"median",0.0125070426588733,0.25,0.00312676066471831,0.1,"abrupt_coef","cusum_tuned",100,2.69232644164344,0.29989522142312,0.18927820012414,1.72087176414596,10.185617034193,2.51313178794844,57.31,2.24372053032052
"median",0.0125070426588733,0.25,0.00312676066471831,0.1,"abrupt_coef","debt_threshold_tuned",100,2.92460461861806,0.295465824308225,0.304639057032991,1.86172127147345,10.2927797394663,2.81047785435584,36.5,1.94128458979766
"median",0.0125070426588733,0.25,0.00312676066471831,0.1,"abrupt_coef","debt_utility_tuned",100,2.63539561358564,0.298915631913663,0.304665919446304,1.51592836673297,10.2227648948681,2.37165335151665,84.35,0.921831181547211
"median",0.0125070426588733,0.25,0.00312676066471831,0.1,"abrupt_coef","hybrid_utility_tuned",100,2.66241217277915,0.296356298126851,0.28950576895572,1.59940449250134,10.1982843321922,2.41189610832192,80.12,1.35410188656243
"median",0.0125070426588733,0.25,0.00312676066471831,0.1,"abrupt_coef","never_retrain",100,303.801201763386,41.4015494113071,1.2526537405113,133.861168660888,1348.72054298213,303.801201763386,0,0
"median",0.0125070426588733,0.25,0.00312676066471831,0.1,"gradual","alarm_tuned",100,6.0831949006799,0.471062957617836,0.982909351436114,4.83291463501883,17.9740878652059,6.03235377227158,16.26,0.124413776884989
"median",0.0125070426588733,0.25,0.00312676066471831,0.1,"gradual","always_retrain",100,1.66675748718311,0.0730391357758714,0.840790037178869,1.51142264813983,3.48879532515039,1.04453211490416,199,0
"median",0.0125070426588733,0.25,0.00312676066471831,0.1,"gradual","calendar_tuned",100,1.66675748718311,0.0730391357758714,0.840790037178869,1.51142264813983,3.48879532515039,1.04453211490416,199,0
"median",0.0125070426588733,0.25,0.00312676066471831,0.1,"gradual","calendar10",100,5.58851924986617,0.421258210441828,0.980509519634193,4.57043573429166,16.131116607253,5.52911079723652,19,0
"median",0.0125070426588733,0.25,0.00312676066471831,0.1,"gradual","cusum_tuned",100,1.65501879965157,0.0910414796501041,0.549913501238122,1.48470836999264,3.87854656520866,1.47438583605079,57.77,1.62162501114397
"median",0.0125070426588733,0.25,0.00312676066471831,0.1,"gradual","debt_threshold_tuned",100,1.91674952942073,0.0910737280326651,0.702677591183536,1.75156549862997,4.07475011742297,1.80947037101424,34.31,1.50162840902398
"median",0.0125070426588733,0.25,0.00312676066471831,0.1,"gradual","debt_utility_tuned",100,1.59520821705626,0.0876068681404135,0.545480459843264,1.39414492899725,3.7145719284725,1.33068426482109,84.6,0.716331845677207
"median",0.0125070426588733,0.25,0.00312676066471831,0.1,"gradual","hybrid_utility_tuned",100,1.57554449394961,0.0818021923773257,0.593564525990547,1.3914000088255,3.56314422343178,1.29172842841313,90.77,1.59030236626926
"median",0.0125070426588733,0.25,0.00312676066471831,0.1,"gradual","never_retrain",100,99.5782908902433,11.9130047619753,2.63945669333486,46.9442067700413,388.882065516609,99.5782908902433,0,0
"median",0.0125070426588733,0.25,0.00312676066471831,0.1,"none","alarm_tuned",100,0.18046830581782,0.00363749823942068,0.135872370589071,0.172448435428977,0.261411544691023,0.143885206040616,11.7,0.307646655509961
"median",0.0125070426588733,0.25,0.00312676066471831,0.1,"none","always_retrain",100,0.675500274097434,0.000818194510971998,0.662845104348684,0.674895579217254,0.692224455531374,0.0532749018184896,199,0
"median",0.0125070426588733,0.25,0.00312676066471831,0.1,"none","calendar_tuned",100,0.675500274097434,0.000818194510971998,0.662845104348684,0.674895579217254,0.692224455531374,0.0532749018184896,199,0
"median",0.0125070426588733,0.25,0.00312676066471831,0.1,"none","calendar10",100,0.187668369879613,0.00278001619906138,0.143817303486907,0.182779416960908,0.236079627894969,0.128259917249965,19,0
"median",0.0125070426588733,0.25,0.00312676066471831,0.1,"none","cusum_tuned",100,0.176716524378279,0.00232582971386502,0.136289192554932,0.175915728326219,0.211100327015096,0.113618494164264,20.18,0.223100285463146
"median",0.0125070426588733,0.25,0.00312676066471831,0.1,"none","debt_threshold_tuned",100,0.388452615522623,0.0182081883594233,0.197528157049996,0.322966968282374,0.855247312271363,0.381542474453595,2.21,0.19137725184894
"median",0.0125070426588733,0.25,0.00312676066471831,0.1,"none","debt_utility_tuned",100,0.291875207477527,0.00113870244354708,0.271565228533417,0.291686686326506,0.313677330436924,0.06984393267588,71.01,0.125926866702764
"median",0.0125070426588733,0.25,0.00312676066471831,0.1,"none","hybrid_utility_tuned",100,0.291275472653552,0.00204904112855754,0.255683585749837,0.292656010650056,0.331313521901841,0.0869103956075628,65.36,0.595186075649006
"median",0.0125070426588733,0.25,0.00312676066471831,0.1,"none","never_retrain",100,0.819081026593297,0.0600397776473974,0.263060355309257,0.618315379111448,2.64785430808929,0.819081026593297,0,0
"median",0.0125070426588733,0.25,0.00312676066471831,0.1,"variance","alarm_tuned",100,5.58386151718676,0.199466487235535,2.68053334196068,5.40145448553687,9.6231451855954,5.53186348733249,16.63,0.0824559876478955
"median",0.0125070426588733,0.25,0.00312676066471831,0.1,"variance","always_retrain",100,1.603059923008,0.0333403046788317,1.10595814878488,1.56991654940934,2.21339594006643,0.980834550729056,199,0
"median",0.0125070426588733,0.25,0.00312676066471831,0.1,"variance","calendar_tuned",100,1.603059923008,0.0333403046788317,1.10595814878488,1.56991654940934,2.21339594006643,0.980834550729056,199,0
"median",0.0125070426588733,0.25,0.00312676066471831,0.1,"variance","calendar10",100,5.28377440270939,0.193736491182941,2.48530536756945,5.14905173565976,9.19280334500331,5.22436595007974,19,0
"median",0.0125070426588733,0.25,0.00312676066471831,0.1,"variance","cusum_tuned",100,1.56218526014242,0.0407654791101631,0.905126165673002,1.53428821117719,2.305210122898,1.40712919877904,49.59,0.591709558837951
"median",0.0125070426588733,0.25,0.00312676066471831,0.1,"variance","debt_threshold_tuned",100,1.64810019079224,0.0394023639759672,1.00358576871033,1.61793751960724,2.42295820036809,1.543635116984,33.41,0.494636893656
"median",0.0125070426588733,0.25,0.00312676066471831,0.1,"variance","debt_utility_tuned",100,1.41717774743307,0.0373763926019101,0.850852074116284,1.38464388287798,2.10743173336685,1.15243492195137,84.67,0.295438383396333
"median",0.0125070426588733,0.25,0.00312676066471831,0.1,"variance","hybrid_utility_tuned",100,1.43165572273487,0.0357670954849314,0.887760377400145,1.41447189201826,2.07552157053421,1.08355345793178,111.33,0.812410678850981
"median",0.0125070426588733,0.25,0.00312676066471831,0.1,"variance","never_retrain",100,135.628721945368,5.32586994466935,62.3293144275523,128.298774130622,235.420086980599,135.628721945368,0,0
"median",0.0125070426588733,0.25,0.00312676066471831,0.2,"abrupt_coef","alarm_tuned",100,9.98533628651911,1.32081480483659,0.166201387461977,5.14779664607152,43.2208228799963,9.93258783410531,16.87,0.136074103400175
"median",0.0125070426588733,0.25,0.00312676066471831,0.2,"abrupt_coef","always_retrain",100,2.2717979519623,0.20816275880223,0.674466130317396,1.53090653678609,8.34826131793239,1.64957257968335,199,0
"median",0.0125070426588733,0.25,0.00312676066471831,0.2,"abrupt_coef","calendar_tuned",100,2.2717979519623,0.20816275880223,0.674466130317396,1.53090653678609,8.34826131793239,1.64957257968335,199,0
"median",0.0125070426588733,0.25,0.00312676066471831,0.2,"abrupt_coef","calendar10",100,9.1808085194986,1.14385588699062,0.188230266385637,4.85918265702317,43.855496030335,9.12140006686895,19,0
"median",0.0125070426588733,0.25,0.00312676066471831,0.2,"abrupt_coef","cusum_tuned",100,2.24523172411499,0.224995469666236,0.166845614576956,1.59963264307856,8.46028651788402,2.06938270433123,56.24,2.26283633584674
"median",0.0125070426588733,0.25,0.00312676066471831,0.2,"abrupt_coef","debt_threshold_tuned",100,2.48675718794342,0.227198636482213,0.380882020501679,1.80748500028368,8.83963138825717,2.37685155057857,35.15,1.91903674279624
"median",0.0125070426588733,0.25,0.00312676066471831,0.2,"abrupt_coef","debt_utility_tuned",100,2.17406382776313,0.224580070247146,0.294353860705871,1.41036852657246,8.57598089843602,1.91210381927303,83.78,0.878541031161518
"median",0.0125070426588733,0.25,0.00312676066471831,0.2,"abrupt_coef","hybrid_utility_tuned",100,2.20888619558136,0.22150815169549,0.29484793858965,1.5143640264348,8.48393593276077,1.96678111731222,77.43,1.44097715162842
"median",0.0125070426588733,0.25,0.00312676066471831,0.2,"abrupt_coef","never_retrain",100,251.400381704941,33.9859507451935,1.16837655147119,130.939711712196,1150.38768915258,251.400381704941,0,0
"median",0.0125070426588733,0.25,0.00312676066471831,0.2,"gradual","alarm_tuned",100,6.62184707139177,0.53405408663888,1.0276818532428,4.96494871835269,20.0320466599468,6.57059946409704,16.39,0.117116017760858
"median",0.0125070426588733,0.25,0.00312676066471831,0.2,"gradual","always_retrain",100,1.74682333278242,0.0838742051499334,0.826130794082941,1.48229108047425,3.92636963350686,1.12459796050348,199,0
"median",0.0125070426588733,0.25,0.00312676066471831,0.2,"gradual","calendar_tuned",100,1.74682333278242,0.0838742051499334,0.826130794082941,1.48229108047425,3.92636963350686,1.12459796050348,199,0
"median",0.0125070426588733,0.25,0.00312676066471831,0.2,"gradual","calendar10",100,6.1702118910101,0.493774317960823,0.980723888381159,4.57786130822283,18.7220637156927,6.11080343838045,19,0
"median",0.0125070426588733,0.25,0.00312676066471831,0.2,"gradual","cusum_tuned",100,1.76954877068317,0.101958416551403,0.545397554303592,1.51583939486903,4.26128346083274,1.58266228575295,59.77,1.87238598930063
"median",0.0125070426588733,0.25,0.00312676066471831,0.2,"gradual","debt_threshold_tuned",100,2.05368424357876,0.104113542750008,0.790236515716156,1.75308770762895,4.62363447785961,1.93799409898418,37,1.69628232832089
"median",0.0125070426588733,0.25,0.00312676066471831,0.2,"gradual","debt_utility_tuned",100,1.70190202408169,0.101310914070277,0.534982780918539,1.4153006220639,4.28801166538458,1.43447018442833,85.53,0.775307693888059
"median",0.0125070426588733,0.25,0.00312676066471831,0.2,"gradual","hybrid_utility_tuned",100,1.67199450495283,0.0925725615684151,0.563095771815362,1.41127494244683,3.95973666104854,1.37992379126149,93.41,1.90973555734554
"median",0.0125070426588733,0.25,0.00312676066471831,0.2,"gradual","never_retrain",100,120.17340542768,15.9675438080312,4.16489614920632,50.855241795373,479.984687930685,120.17340542768,0,0
"median",0.0125070426588733,0.25,0.00312676066471831,0.2,"none","alarm_tuned",100,0.177724664196131,0.00386371031006816,0.126640521506909,0.169826110613845,0.259217625391778,0.1375457896545,12.85,0.188226706206354
"median",0.0125070426588733,0.25,0.00312676066471831,0.2,"none","always_retrain",100,0.675834939614119,0.000944496671952458,0.658941954658231,0.67495516779828,0.695696049255532,0.0536095673351744,199,0
"median",0.0125070426588733,0.25,0.00312676066471831,0.2,"none","calendar_tuned",100,0.675834939614119,0.000944496671952458,0.658941954658231,0.67495516779828,0.695696049255532,0.0536095673351744,199,0
"median",0.0125070426588733,0.25,0.00312676066471831,0.2,"none","calendar10",100,0.192252456696342,0.00334178849290267,0.150294031746078,0.184033055889313,0.25878472524734,0.132844004066694,19,0
"median",0.0125070426588733,0.25,0.00312676066471831,0.2,"none","cusum_tuned",100,0.177090696229837,0.00275959738634211,0.133823202717005,0.175898694132328,0.240431733909286,0.113711257555997,20.27,0.221042068302837
"median",0.0125070426588733,0.25,0.00312676066471831,0.2,"none","debt_threshold_tuned",100,0.403873648844914,0.0220994894397305,0.163968387207233,0.324478077769987,0.947977557897707,0.396650831709415,2.31,0.19524395514382
"median",0.0125070426588733,0.25,0.00312676066471831,0.2,"none","debt_utility_tuned",100,0.292666025493844,0.00135179927502292,0.270135547833339,0.291382683024562,0.318493492931417,0.0701970041991359,71.15,0.12742595393943
"median",0.0125070426588733,0.25,0.00312676066471831,0.2,"none","hybrid_utility_tuned",100,0.293676987005386,0.00254855710485711,0.251298943849143,0.291060748964929,0.350701316726788,0.088311346546687,65.68,0.624722968906049
"median",0.0125070426588733,0.25,0.00312676066471831,0.2,"none","never_retrain",100,0.923452085937739,0.0660111306286622,0.213988627915989,0.784185305310711,2.46868555094318,0.923452085937739,0,0
"median",0.0125070426588733,0.25,0.00312676066471831,0.2,"variance","alarm_tuned",100,6.3085882119918,0.234753667849325,2.38544049205871,6.50581742577646,9.80914089165474,6.25693412581066,16.52,0.0758520622892704
"median",0.0125070426588733,0.25,0.00312676066471831,0.2,"variance","always_retrain",100,1.69658729363313,0.0369452423482721,1.10152134655997,1.70062911351377,2.27900863164281,1.07436192135418,199,0
"median",0.0125070426588733,0.25,0.00312676066471831,0.2,"variance","calendar_tuned",100,1.69658729363313,0.0369452423482721,1.10152134655997,1.70062911351377,2.27900863164281,1.07436192135418,199,0
"median",0.0125070426588733,0.25,0.00312676066471831,0.2,"variance","calendar10",100,5.7613552799388,0.210378585060145,2.42413113249753,5.79600214781003,9.77246612195147,5.70194682730915,19,0
"median",0.0125070426588733,0.25,0.00312676066471831,0.2,"variance","cusum_tuned",100,1.65928999456349,0.0459841916003375,0.89139010061068,1.66435427633402,2.4697651371926,1.50520322900617,49.28,0.531831218004777
"median",0.0125070426588733,0.25,0.00312676066471831,0.2,"variance","debt_threshold_tuned",100,1.76506777819362,0.0431451503966257,1.05080098635885,1.81244535119377,2.5565586276153,1.66160326779809,33.09,0.539752094236163
"median",0.0125070426588733,0.25,0.00312676066471831,0.2,"variance","debt_utility_tuned",100,1.51447905295815,0.0411711838210016,0.85809451649813,1.51477523481459,2.19214310008657,1.24948608662327,84.75,0.310872022127135
"median",0.0125070426588733,0.25,0.00312676066471831,0.2,"variance","hybrid_utility_tuned",100,1.52614736900591,0.0391985166980244,0.883893608804076,1.54652495393447,2.12646532397876,1.1733236955991,112.84,0.707637983118144
"median",0.0125070426588733,0.25,0.00312676066471831,0.2,"variance","never_retrain",100,156.430612369073,6.01594355271031,61.7561929557651,160.563740151538,255.77425964953,156.430612369073,0,0
"median",0.0125070426588733,0.5,0.00625352132943663,0.02,"abrupt_coef","alarm_tuned",100,10.8286804810654,1.5040726508183,0.194580150747127,3.62946257880324,49.8650194681689,10.7313131539661,15.57,0.240896893154132
"median",0.0125070426588733,0.5,0.00625352132943663,0.02,"abrupt_coef","always_retrain",100,3.12652518039992,0.256209112595761,1.2929382450384,1.91865809133848,10.1368119865573,1.88207443584203,199,0
"median",0.0125070426588733,0.5,0.00625352132943663,0.02,"abrupt_coef","calendar_tuned",100,3.42097322160178,0.387102354104291,0.676856255312143,1.60677491936924,14.5222216455706,2.80187460998755,99,0
"median",0.0125070426588733,0.5,0.00625352132943663,0.02,"abrupt_coef","calendar10",100,10.2090411992033,1.40348418675569,0.220281959997854,3.30908398139747,44.8070003650983,10.090224293944,19,0
"median",0.0125070426588733,0.5,0.00625352132943663,0.02,"abrupt_coef","cusum_tuned",100,2.53225545386178,0.277225795658142,0.214005793179553,1.37137979010719,10.0003002760073,2.21201262658133,51.21,2.29268908322154
"median",0.0125070426588733,0.5,0.00625352132943663,0.02,"abrupt_coef","debt_threshold_tuned",100,2.7927755215657,0.272290382730744,0.291989239786607,1.77494520176026,9.89965716072949,2.60560762817566,29.93,2.07316938843195
"median",0.0125070426588733,0.5,0.00625352132943663,0.02,"abrupt_coef","debt_utility_tuned",100,2.64444507075103,0.287070946816187,0.339792919000914,1.35801787232127,10.1709197128626,2.27680055179345,58.79,1.2028833205379
"median",0.0125070426588733,0.5,0.00625352132943663,0.02,"abrupt_coef","hybrid_utility_tuned",100,2.64343098783854,0.27673194211096,0.369940547750125,1.56938840102972,9.95587848430459,2.25777632745218,61.67,1.60012972958918
"median",0.0125070426588733,0.5,0.00625352132943663,0.02,"abrupt_coef","never_retrain",100,213.035054428136,33.4351073004974,0.72809535968802,61.0116280204888,1220.89709568141,213.035054428136,0,0
"median",0.0125070426588733,0.5,0.00625352132943663,0.02,"gradual","alarm_tuned",100,4.67552107868581,0.470431696278944,0.331566759130512,2.65989047736192,15.6183723958693,4.57884163893272,15.46,0.191970115519383
"median",0.0125070426588733,0.5,0.00625352132943663,0.02,"gradual","always_retrain",100,2.04651840890285,0.0738243614177301,1.33650576015624,1.7285789267031,3.70434417658485,0.802067664344962,199,0
"median",0.0125070426588733,0.5,0.00625352132943663,0.02,"gradual","calendar_tuned",100,1.81082475004281,0.112840307692253,0.739790444451085,1.32567774090585,4.28287134585254,1.19172613842859,99,0
"median",0.0125070426588733,0.5,0.00625352132943663,0.02,"gradual","calendar10",100,4.37953863834591,0.435236984297254,0.405515002364357,2.50089795234017,14.5913490081524,4.26072173308662,19,0
"median",0.0125070426588733,0.5,0.00625352132943663,0.02,"gradual","cusum_tuned",100,1.47361558935756,0.0987413789514589,0.311897208351745,1.11571252855887,3.61107455199511,1.16250290321809,49.75,1.76985846606416
"median",0.0125070426588733,0.5,0.00625352132943663,0.02,"gradual","debt_threshold_tuned",100,1.77175968145015,0.0991500966649173,0.327988018835142,1.46547715043387,3.8354999885129,1.60297714076865,26.99,1.61679911984742
"median",0.0125070426588733,0.5,0.00625352132943663,0.02,"gradual","debt_utility_tuned",100,1.53085465252958,0.101793441630298,0.414077115481553,1.10413371491288,3.83696012170127,1.17040168310085,57.64,0.885519878119884
"median",0.0125070426588733,0.5,0.00625352132943663,0.02,"gradual","hybrid_utility_tuned",100,1.63784309968341,0.116796039931621,0.473264270208801,1.19477786236779,3.90957140533938,1.24124477697054,63.42,1.82337128097457
"median",0.0125070426588733,0.5,0.00625352132943663,0.02,"gradual","never_retrain",100,62.2132344755638,9.62419667366507,0.817991474696635,19.2733927136203,331.90948192387,62.2132344755638,0,0
"median",0.0125070426588733,0.5,0.00625352132943663,0.02,"none","alarm_tuned",100,0.217890138030672,0.00349269721645369,0.161555858260816,0.214178543577513,0.280801846080379,0.141847318664723,12.16,0.221436996534778
"median",0.0125070426588733,0.5,0.00625352132943663,0.02,"none","always_retrain",100,1.29679336182672,0.000706961364348347,1.28421768280386,1.2973093882862,1.31133571910444,0.0523426172688275,199,0
"median",0.0125070426588733,0.5,0.00625352132943663,0.02,"none","calendar_tuned",100,0.684306551303512,0.000964099548535633,0.666165896681285,0.683626756806379,0.7019909006443,0.0652079396892861,99,0
"median",0.0125070426588733,0.5,0.00625352132943663,0.02,"none","calendar10",100,0.249549594268324,0.00279397316803672,0.203769276156414,0.246086035656301,0.308272753106989,0.130732689009028,19,0
"median",0.0125070426588733,0.5,0.00625352132943663,0.02,"none","cusum_tuned",100,0.241490984271528,0.00253804045793436,0.199033326634104,0.238438271033306,0.290133637361424,0.1130436561649,20.54,0.198183671569501
"median",0.0125070426588733,0.5,0.00625352132943663,0.02,"none","debt_threshold_tuned",100,0.386993297006593,0.0166122270923276,0.182943054592363,0.367370160344288,0.783436167121716,0.370859211976646,2.58,0.191316544506794
"median",0.0125070426588733,0.5,0.00625352132943663,0.02,"none","debt_utility_tuned",100,0.3542686407919,0.00139419951428617,0.33017601727351,0.354834788239848,0.382764634951789,0.0792387727232772,43.98,0.113689280608387
"median",0.0125070426588733,0.5,0.00625352132943663,0.02,"none","hybrid_utility_tuned",100,0.387247527893264,0.00480744666990885,0.300504771354171,0.387224802402323,0.476190553777583,0.120534843192791,42.65,1.00084560207453
"median",0.0125070426588733,0.5,0.00625352132943663,0.02,"none","never_retrain",100,0.960623495874141,0.0627027269397995,0.235519535367029,0.797527145687905,2.70619320460349,0.960623495874141,0,0
"median",0.0125070426588733,0.5,0.00625352132943663,0.02,"variance","alarm_tuned",100,5.81605752410287,0.26084039128561,0.220996985233669,5.91970037983024,9.73773077881405,5.71550090112552,16.08,0.151544239632051
"median",0.0125070426588733,0.5,0.00625352132943663,0.02,"variance","always_retrain",100,2.23193266693981,0.0428277510135068,1.29180503695872,2.27191129492331,2.90133420492182,0.987481922381919,199,0
"median",0.0125070426588733,0.5,0.00625352132943663,0.02,"variance","calendar_tuned",100,2.07316886094119,0.0643096280796326,0.680538540568764,2.01371693104428,3.15277325740305,1.45407024932697,99,0
"median",0.0125070426588733,0.5,0.00625352132943663,0.02,"variance","calendar10",100,5.25926598553204,0.23105856393054,0.253815043577765,5.42595189707311,9.36838298371591,5.14044908027275,19,0
"median",0.0125070426588733,0.5,0.00625352132943663,0.02,"variance","cusum_tuned",100,1.70031177642411,0.0586907211779491,0.245382309703028,1.72898603466958,2.48218716124341,1.39251345658924,49.22,0.914703683321997
"median",0.0125070426588733,0.5,0.00625352132943663,0.02,"variance","debt_threshold_tuned",100,1.83123261515834,0.0539099254038307,0.294047982730874,1.92536749515671,2.63696413620483,1.63718584830592,31.03,1.03029416217217
"median",0.0125070426588733,0.5,0.00625352132943663,0.02,"variance","debt_utility_tuned",100,1.68038730869327,0.0551556270463314,0.350944482270541,1.7062558460631,2.45247101658283,1.31142955025651,59,0.537107855541928
"median",0.0125070426588733,0.5,0.00625352132943663,0.02,"variance","hybrid_utility_tuned",100,1.69413392419537,0.0520123587232081,0.375826096319056,1.7503240446718,2.44062201769373,1.16083362522101,85.28,1.35237016031302
"median",0.0125070426588733,0.5,0.00625352132943663,0.02,"variance","never_retrain",100,111.392438402996,6.51859224575035,0.407579355760456,108.584986888077,226.647308046032,111.392438402996,0,0
"median",0.0125070426588733,0.5,0.00625352132943663,0.05,"abrupt_coef","alarm_tuned",100,11.8602353389986,1.83056814522795,0.239167988120345,5.2982136623361,72.2210552529273,11.7581778709022,16.32,0.167500942255755
"median",0.0125070426588733,0.5,0.00625352132943663,0.05,"abrupt_coef","always_retrain",100,3.19543558774461,0.292390014191168,1.30064461039552,2.10589442203207,12.6015519493884,1.95098484318672,199,0
"median",0.0125070426588733,0.5,0.00625352132943663,0.05,"abrupt_coef","calendar_tuned",100,3.53311223884636,0.454480222911973,0.687391093885474,1.87639908133769,16.0825108061118,2.91401362723214,99,0
"median",0.0125070426588733,0.5,0.00625352132943663,0.05,"abrupt_coef","calendar10",100,10.8838394321664,1.68519416400447,0.261876543849585,4.72908005996596,67.8936611902918,10.7650225269071,19,0
"median",0.0125070426588733,0.5,0.00625352132943663,0.05,"abrupt_coef","cusum_tuned",100,2.72253194388246,0.317225725503472,0.244024241424658,1.6811286227064,13.4476483252511,2.37639953829814,55.35,2.241634279365
"median",0.0125070426588733,0.5,0.00625352132943663,0.05,"abrupt_coef","debt_threshold_tuned",100,2.8815546741391,0.310901251338338,0.391336574045693,1.87740951730584,12.6323942135108,2.66537044178048,34.57,1.9822574112472
"median",0.0125070426588733,0.5,0.00625352132943663,0.05,"abrupt_coef","debt_utility_tuned",100,2.78703502516827,0.320955630908019,0.35944713917706,1.69794264766655,12.6813621453653,2.40882205516395,60.48,1.15980492960992
"median",0.0125070426588733,0.5,0.00625352132943663,0.05,"abrupt_coef","hybrid_utility_tuned",100,2.85399929280032,0.314403585185015,0.391476564739284,1.85493070658472,12.7068928697648,2.47372266075728,60.81,1.64394788435177
"median",0.0125070426588733,0.5,0.00625352132943663,0.05,"abrupt_coef","never_retrain",100,266.814577591337,44.7857743281624,0.728153304288974,108.213559824011,1696.90625007198,266.814577591337,0,0
"median",0.0125070426588733,0.5,0.00625352132943663,0.05,"gradual","alarm_tuned",100,5.96321371112132,0.493286197251832,0.764029429245912,4.53107076131175,19.1423120350773,5.86196920079774,16.19,0.114322775376112
"median",0.0125070426588733,0.5,0.00625352132943663,0.05,"gradual","always_retrain",100,2.26342264443351,0.0775766131911767,1.42739476103456,2.04804851649062,4.33544245685683,1.01897189987562,199,0
"median",0.0125070426588733,0.5,0.00625352132943663,0.05,"gradual","calendar_tuned",100,2.12649919041442,0.117454318346727,0.881396426790853,1.81610761348826,5.13080914784925,1.50740057880019,99,0
"median",0.0125070426588733,0.5,0.00625352132943663,0.05,"gradual","calendar10",100,5.56689306818393,0.446756225649577,0.774168078730455,4.35219802472866,17.0211725018805,5.44807616292464,19,0
"median",0.0125070426588733,0.5,0.00625352132943663,0.05,"gradual","cusum_tuned",100,1.77959281565329,0.100390323535336,0.56269599030082,1.55887372151277,4.41385786337264,1.43064632547072,55.8,1.75533817858899
"median",0.0125070426588733,0.5,0.00625352132943663,0.05,"gradual","debt_threshold_tuned",100,2.02436697623235,0.100560237010833,0.788894228830704,1.80103149735144,4.68185752671195,1.82206556122507,32.35,1.56826965059256
"median",0.0125070426588733,0.5,0.00625352132943663,0.05,"gradual","debt_utility_tuned",100,1.84697094122501,0.105563891710378,0.58936854050061,1.57677697289384,4.58540624433867,1.47063402761952,60.18,0.893227040261626
"median",0.0125070426588733,0.5,0.00625352132943663,0.05,"gradual","hybrid_utility_tuned",100,1.85145020296775,0.0970270783605109,0.66735093573626,1.62610644421836,4.33087362504938,1.42114540028921,68.81,1.75082635612243
"median",0.0125070426588733,0.5,0.00625352132943663,0.05,"gradual","never_retrain",100,89.9487941657175,12.0656392351057,3.49806322070727,35.5015131942626,437.50834656288,89.9487941657175,0,0
"median",0.0125070426588733,0.5,0.00625352132943663,0.05,"none","alarm_tuned",100,0.212823439964264,0.00305225683934581,0.160273363269939,0.211500519749946,0.266874391396431,0.136905691024904,12.14,0.217432213981203
"median",0.0125070426588733,0.5,0.00625352132943663,0.05,"none","always_retrain",100,1.29664606978959,0.000708526330716454,1.28317063506522,1.29682973476771,1.30935882879493,0.0521953252317,199,0
"median",0.0125070426588733,0.5,0.00625352132943663,0.05,"none","calendar_tuned",100,0.68243164227419,0.000936522534203727,0.666992562649309,0.681322697076747,0.702614202131135,0.0633330306599636,99,0
"median",0.0125070426588733,0.5,0.00625352132943663,0.05,"none","calendar10",100,0.241393530210624,0.00223613038547652,0.206345682638164,0.238404175592726,0.297214426845788,0.122576624951328,19,0
"median",0.0125070426588733,0.5,0.00625352132943663,0.05,"none","cusum_tuned",100,0.236658768808023,0.00236727418754905,0.193578415635712,0.235496121989491,0.287825325399771,0.109462144967282,20.34,0.200615215391218
"median",0.0125070426588733,0.5,0.00625352132943663,0.05,"none","debt_threshold_tuned",100,0.396105667440455,0.0191315257945337,0.181657709141116,0.348256095561856,0.922029996105311,0.381097216249807,2.4,0.189096736506942
"median",0.0125070426588733,0.5,0.00625352132943663,0.05,"none","debt_utility_tuned",100,0.353095988334491,0.00154855632868846,0.328773332785168,0.351676854036242,0.38822766393832,0.0786914723988117,43.88,0.132786758497688
"median",0.0125070426588733,0.5,0.00625352132943663,0.05,"none","hybrid_utility_tuned",100,0.403409378775049,0.0105901772389196,0.312650054721352,0.378041327740865,0.73784819842296,0.151392469198752,40.3,1.31221918592863
"median",0.0125070426588733,0.5,0.00625352132943663,0.05,"none","never_retrain",100,0.816049463143411,0.047403691924577,0.206000975191563,0.669947434620155,1.85907207963428,0.816049463143411,0,0
"median",0.0125070426588733,0.5,0.00625352132943663,0.05,"variance","alarm_tuned",100,5.98909128629918,0.221813057202138,3.09335270202749,5.25545491697727,10.8678004812821,5.88590818436348,16.5,0.130654915983698
"median",0.0125070426588733,0.5,0.00625352132943663,0.05,"variance","always_retrain",100,2.26454014131684,0.0357194267427762,1.77975327002889,2.19573672454172,2.89400059335123,1.02008939675895,199,0
"median",0.0125070426588733,0.5,0.00625352132943663,0.05,"variance","calendar_tuned",100,2.12872587253811,0.0532392643788824,1.36836199354144,1.98291020310205,3.05798351634523,1.50962726092389,99,0
"median",0.0125070426588733,0.5,0.00625352132943663,0.05,"variance","calendar10",100,5.51225940202216,0.189416945316571,2.79122554240493,5.31228666816603,9.37349023283766,5.39344249676286,19,0
"median",0.0125070426588733,0.5,0.00625352132943663,0.05,"variance","cusum_tuned",100,1.76714649450108,0.0428938914020373,1.08517087231119,1.64708944168243,2.5952312559009,1.45003042788535,50.71,0.608408256075315
"median",0.0125070426588733,0.5,0.00625352132943663,0.05,"variance","debt_threshold_tuned",100,1.8322410932068,0.0414070307460646,1.16211478823517,1.79075533329588,2.63835671164543,1.6213098187649,33.73,0.558471036840675
"median",0.0125070426588733,0.5,0.00625352132943663,0.05,"variance","debt_utility_tuned",100,1.73145239858768,0.0425542021443651,1.10449216342054,1.64712723997846,2.49592015142773,1.3583047808602,59.67,0.314965125534606
"median",0.0125070426588733,0.5,0.00625352132943663,0.05,"variance","hybrid_utility_tuned",100,1.76388829608969,0.0396867785888247,1.14792777141527,1.69879476444653,2.52362586869907,1.20269729198605,89.74,0.875435822198223
"median",0.0125070426588733,0.5,0.00625352132943663,0.05,"variance","never_retrain",100,131.37428565493,5.69447752347956,54.0855287049158,117.112479867126,250.386607225716,131.37428565493,0,0
"median",0.0125070426588733,0.5,0.00625352132943663,0.1,"abrupt_coef","alarm_tuned",100,12.4184639875167,1.75793948158996,0.222134472908303,5.91932269570798,49.8441507282016,12.3144679278082,16.63,0.169166106880698
"median",0.0125070426588733,0.5,0.00625352132943663,0.1,"abrupt_coef","always_retrain",100,3.34047827939502,0.283749131735994,1.29816718922649,2.21735511128992,10.6270393577119,2.09602753483713,199,0
"median",0.0125070426588733,0.5,0.00625352132943663,0.1,"abrupt_coef","calendar_tuned",100,3.69158233537695,0.400208016626225,0.685825207789362,2.06925214503437,15.2235280922305,3.07248372376272,99,0
"median",0.0125070426588733,0.5,0.00625352132943663,0.1,"abrupt_coef","calendar10",100,11.5656106720659,1.61803523632663,0.258645260425886,5.44294253415839,60.8807998358929,11.4467937668066,19,0
"median",0.0125070426588733,0.5,0.00625352132943663,0.1,"abrupt_coef","cusum_tuned",100,2.87152109533845,0.305465721964726,0.250945697069519,1.90066050236726,10.4671818320509,2.51313178794844,57.31,2.24372053032052
"median",0.0125070426588733,0.5,0.00625352132943663,0.1,"abrupt_coef","debt_threshold_tuned",100,3.03873138288028,0.300279571625931,0.322115044098039,1.97897479640039,10.4915635487257,2.81047785435584,36.5,1.94128458979766
"median",0.0125070426588733,0.5,0.00625352132943663,0.1,"abrupt_coef","debt_utility_tuned",100,2.93483283194415,0.309418598223446,0.364430273012615,1.83317306899646,10.6792825035657,2.55149197444969,61.3,1.16588718549134
"median",0.0125070426588733,0.5,0.00625352132943663,0.1,"abrupt_coef","hybrid_utility_tuned",100,3.01024437260524,0.306788600686931,0.373219653927112,1.97450970296361,10.8327177356684,2.63628379710493,59.8,1.3397572522474
"median",0.0125070426588733,0.5,0.00625352132943663,0.1,"abrupt_coef","never_retrain",100,303.801201763386,41.4015494113071,1.2526537405113,133.861168660888,1348.72054298213,303.801201763386,0,0
"median",0.0125070426588733,0.5,0.00625352132943663,0.1,"gradual","alarm_tuned",100,6.13403602908822,0.471216573764884,1.03129597272263,4.88450618598668,18.0287280078218,6.03235377227158,16.26,0.124413776884989
"median",0.0125070426588733,0.5,0.00625352132943663,0.1,"gradual","always_retrain",100,2.28898285946205,0.0730391357758713,1.46301540945781,2.13364802041878,4.11102069742933,1.04453211490416,199,0
"median",0.0125070426588733,0.5,0.00625352132943663,0.1,"gradual","calendar_tuned",100,2.16449775282195,0.110029321334323,0.915237900088553,1.90533245227487,4.98445629310912,1.54539914120772,99,0
"median",0.0125070426588733,0.5,0.00625352132943663,0.1,"gradual","calendar10",100,5.64792770249582,0.421258210441829,1.03991797226384,4.62984418692131,16.1905250598826,5.52911079723652,19,0
"median",0.0125070426588733,0.5,0.00625352132943663,0.1,"gradual","cusum_tuned",100,1.83565176325234,0.0957982407039042,0.662320547134746,1.66152137351434,4.14768248942429,1.47438583605079,57.77,1.62162501114397
"median",0.0125070426588733,0.5,0.00625352132943663,0.1,"gradual","debt_threshold_tuned",100,2.02402868782721,0.0953925876934035,0.752705761819029,1.84536629758668,4.26419643285757,1.80947037101424,34.31,1.50162840902398
"median",0.0125070426588733,0.5,0.00625352132943663,0.1,"gradual","debt_utility_tuned",100,1.89573838653555,0.100606648775591,0.67212514623827,1.67714990274194,4.3890159186578,1.51489893757286,60.9,0.832363071518843
"median",0.0125070426588733,0.5,0.00625352132943663,0.1,"gradual","hybrid_utility_tuned",100,1.90110995077154,0.0907336935878844,0.77775620184647,1.7145190689715,4.03251069744275,1.46498937325663,69.74,1.62652383873702
"median",0.0125070426588733,0.5,0.00625352132943663,0.1,"gradual","never_retrain",100,99.5782908902433,11.9130047619753,2.63945669333486,46.9442067700413,388.882065516609,99.5782908902433,0,0
"median",0.0125070426588733,0.5,0.00625352132943663,0.1,"none","alarm_tuned",100,0.217051405595024,0.00346818831809459,0.167126495043335,0.210822650220792,0.293510917173568,0.143885206040616,11.7,0.307646655509961
"median",0.0125070426588733,0.5,0.00625352132943663,0.1,"none","always_retrain",100,1.29772564637638,0.000818194510971967,1.28507047662763,1.2971209514962,1.31444982781032,0.0532749018184896,199,0
"median",0.0125070426588733,0.5,0.00625352132943663,0.1,"none","calendar_tuned",100,0.685351325389554,0.00102750319864121,0.667735293703522,0.684525128799413,0.709412534701517,0.0662527137753277,99,0
"median",0.0125070426588733,0.5,0.00625352132943663,0.1,"none","calendar10",100,0.247076822509261,0.00278001619906138,0.203225756116555,0.242187869590556,0.295488080524617,0.128259917249965,19,0
"median",0.0125070426588733,0.5,0.00625352132943663,0.1,"none","cusum_tuned",100,0.239814554592295,0.00260338593039169,0.19206233570857,0.238773818509916,0.287565660323795,0.113618494164264,20.18,0.223100285463146
"median",0.0125070426588733,0.5,0.00625352132943663,0.1,"none","debt_threshold_tuned",100,0.39536275659165,0.0180434342990008,0.200654917714714,0.336579493435796,0.856732523587104,0.381542474453595,2.21,0.19137725184894
"median",0.0125070426588733,0.5,0.00625352132943663,0.1,"none","debt_utility_tuned",100,0.35521454288454,0.00146549004681757,0.330321930975819,0.354529068934836,0.384492809838516,0.0813103086552157,43.8,0.104446593573419
"median",0.0125070426588733,0.5,0.00625352132943663,0.1,"none","hybrid_utility_tuned",100,0.378006132475114,0.0052444970682088,0.298708874149719,0.37808881394962,0.445960494024335,0.114670349292538,42.11,0.883507129843811
"median",0.0125070426588733,0.5,0.00625352132943663,0.1,"none","never_retrain",100,0.819081026593297,0.0600397776473974,0.263060355309257,0.618315379111448,2.64785430808929,0.819081026593297,0,0
"median",0.0125070426588733,0.5,0.00625352132943663,0.1,"variance","alarm_tuned",100,5.63585954704102,0.199504377797786,2.7336882732609,5.45617279716943,9.67630011689561,5.53186348733249,16.63,0.0824559876478955
"median",0.0125070426588733,0.5,0.00625352132943663,0.1,"variance","always_retrain",100,2.22528529528695,0.0333403046788317,1.72818352106383,2.19214192168829,2.83562131234537,0.980834550729056,199,0
"median",0.0125070426588733,0.5,0.00625352132943663,0.1,"variance","calendar_tuned",100,2.06299268409642,0.0507048290856072,1.34122119319978,2.00651990536084,2.96423482697187,1.4438940724822,99,0
"median",0.0125070426588733,0.5,0.00625352132943663,0.1,"variance","calendar10",100,5.34318285533904,0.193736491182941,2.5447138201991,5.20846018828941,9.25221179763296,5.22436595007974,19,0
"median",0.0125070426588733,0.5,0.00625352132943663,0.1,"variance","cusum_tuned",100,1.7172413215058,0.0421445576157267,1.03105645144454,1.70256040868662,2.48984534014961,1.40712919877904,49.59,0.591709558837951
"median",0.0125070426588733,0.5,0.00625352132943663,0.1,"variance","debt_threshold_tuned",100,1.75256526460048,0.040677689105561,1.08769563059125,1.72866925938115,2.54771595089035,1.543635116984,33.41,0.494636893656
"median",0.0125070426588733,0.5,0.00625352132943663,0.1,"variance","debt_utility_tuned",100,1.66803510176396,0.0426455576492416,1.01336506408216,1.61943686057705,2.42106079680968,1.29463734318329,59.71,0.304940795711051
"median",0.0125070426588733,0.5,0.00625352132943663,0.1,"variance","hybrid_utility_tuned",100,1.71888888274872,0.0378729897746564,1.15075220628025,1.70068510785567,2.39127426680404,1.16463928732075,88.63,0.800082697745879
"median",0.0125070426588733,0.5,0.00625352132943663,0.1,"variance","never_retrain",100,135.628721945368,5.32586994466935,62.3293144275523,128.298774130622,235.420086980599,135.628721945368,0,0
"median",0.0125070426588733,0.5,0.00625352132943663,0.2,"abrupt_coef","alarm_tuned",100,10.0380847389329,1.32095692901029,0.210556208658025,5.20407833803645,43.2754630226122,9.93258783410531,16.87,0.136074103400175
"median",0.0125070426588733,0.5,0.00625352132943663,0.2,"abrupt_coef","always_retrain",100,2.89402332424124,0.20816275880223,1.29669150259634,2.15313190906503,8.97048669021133,1.64957257968335,199,0
"median",0.0125070426588733,0.5,0.00625352132943663,0.2,"abrupt_coef","calendar_tuned",100,3.07260450090558,0.306694656460262,0.682712780370859,1.96792138368844,12.120625456179,2.45350588929136,99,0
"median",0.0125070426588733,0.5,0.00625352132943663,0.2,"abrupt_coef","calendar10",100,9.24021697212824,1.14385588699062,0.247638719015285,4.91859110965282,43.9149044829646,9.12140006686895,19,0
"median",0.0125070426588733,0.5,0.00625352132943663,0.2,"abrupt_coef","cusum_tuned",100,2.42108074389875,0.230867301668571,0.22164145754381,1.7700410993057,8.74974638642032,2.06938270433123,56.24,2.26283633584674
"median",0.0125070426588733,0.5,0.00625352132943663,0.2,"abrupt_coef","debt_threshold_tuned",100,2.59666282530827,0.232086662026672,0.388620753146857,1.92004838421354,9.04795181754403,2.37685155057857,35.15,1.91903674279624
"median",0.0125070426588733,0.5,0.00625352132943663,0.2,"abrupt_coef","debt_utility_tuned",100,2.47404162570437,0.239609284077583,0.349914356633342,1.69082320862833,9.02218739810615,2.09457795143416,60.68,1.16166721012117
"median",0.0125070426588733,0.5,0.00625352132943663,0.2,"abrupt_coef","hybrid_utility_tuned",100,2.55841931974683,0.233549329310736,0.381397569035572,1.88367002351137,9.16019679345607,2.20053029406317,57.23,1.47414450451848
"median",0.0125070426588733,0.5,0.00625352132943663,0.2,"abrupt_coef","never_retrain",100,251.400381704941,33.9859507451935,1.16837655147119,130.939711712196,1150.38768915258,251.400381704941,0,0
"median",0.0125070426588733,0.5,0.00625352132943663,0.2,"gradual","alarm_tuned",100,6.6730946786865,0.534227348495057,1.07622481256255,5.0181036496529,20.085201591247,6.57059946409704,16.39,0.117116017760858
"median",0.0125070426588733,0.5,0.00625352132943663,0.2,"gradual","always_retrain",100,2.36904870506137,0.0838742051499334,1.44835616636189,2.10451645275319,4.54859500578581,1.12459796050348,199,0
"median",0.0125070426588733,0.5,0.00625352132943663,0.2,"gradual","calendar_tuned",100,2.30515053933321,0.127287595864395,0.903833751222012,1.89104970026126,5.51781703534065,1.68605192771898,99,0
"median",0.0125070426588733,0.5,0.00625352132943663,0.2,"gradual","calendar10",100,6.22962034363975,0.493774317960823,1.04013234101081,4.63726976085248,18.7814721683224,6.11080343838045,19,0
"median",0.0125070426588733,0.5,0.00625352132943663,0.2,"gradual","cusum_tuned",100,1.95643525561338,0.107474597362491,0.649596853455331,1.69594073081558,4.56669732046331,1.58266228575295,59.77,1.87238598930063
"median",0.0125070426588733,0.5,0.00625352132943663,0.2,"gradual","debt_threshold_tuned",100,2.16937438817334,0.108792197341805,0.845343524854809,1.85636858027521,4.84563448505461,1.93799409898418,37,1.69628232832089
"median",0.0125070426588733,0.5,0.00625352132943663,0.2,"gradual","debt_utility_tuned",100,2.01512595848826,0.114675410969938,0.671078773743905,1.71382006258051,4.89992359541677,1.62640707265048,62.16,0.942779042635295
"median",0.0125070426588733,0.5,0.00625352132943663,0.2,"gradual","hybrid_utility_tuned",100,2.00972520467948,0.101953237938262,0.72800349886904,1.73938674977522,4.43800649937729,1.55728293649474,72.35,1.79118915412599
"median",0.0125070426588733,0.5,0.00625352132943663,0.2,"gradual","never_retrain",100,120.17340542768,15.9675438080312,4.16489614920632,50.855241795373,479.984687930685,120.17340542768,0,0
"median",0.0125070426588733,0.5,0.00625352132943663,0.2,"none","alarm_tuned",100,0.217903538737761,0.00401680719187295,0.162652120151965,0.211368157501814,0.303066718549068,0.1375457896545,12.85,0.188226706206354
"median",0.0125070426588733,0.5,0.00625352132943663,0.2,"none","always_retrain",100,1.29806031189306,0.000944496671952429,1.28116732693718,1.29718054007722,1.31792142153448,0.0536095673351744,199,0
"median",0.0125070426588733,0.5,0.00625352132943663,0.2,"none","calendar_tuned",100,0.68559733895357,0.00119729292442964,0.667528522928635,0.683862653424304,0.710616949711602,0.0664987273393442,99,0
"median",0.0125070426588733,0.5,0.00625352132943663,0.2,"none","calendar10",100,0.25166090932599,0.00334178849290267,0.209702484375726,0.243441508518961,0.318193177876988,0.132844004066694,19,0
"median",0.0125070426588733,0.5,0.00625352132943663,0.2,"none","cusum_tuned",100,0.240470134903677,0.00315485678389511,0.187028152443335,0.239428812136247,0.31070580543104,0.113711257555997,20.27,0.221042068302837
"median",0.0125070426588733,0.5,0.00625352132943663,0.2,"none","debt_threshold_tuned",100,0.411096465980413,0.0219333583759181,0.172019795918883,0.333633340583458,0.947977557897707,0.396650831709415,2.31,0.19524395514382
"median",0.0125070426588733,0.5,0.00625352132943663,0.2,"none","debt_utility_tuned",100,0.354863783721208,0.0018647109404967,0.325772465898528,0.353810612584873,0.396709038705317,0.0807094086387066,43.84,0.129271462864435
"median",0.0125070426588733,0.5,0.00625352132943663,0.2,"none","hybrid_utility_tuned",100,0.393280859957324,0.00712261699231251,0.313361773658082,0.379162126770951,0.545903231336065,0.132071274026756,41.77,1.03658871381863
"median",0.0125070426588733,0.5,0.00625352132943663,0.2,"none","never_retrain",100,0.923452085937739,0.0660111306286622,0.213988627915989,0.784185305310711,2.46868555094318,0.923452085937739,0,0
"median",0.0125070426588733,0.5,0.00625352132943663,0.2,"variance","alarm_tuned",100,6.36024229817295,0.234801276175925,2.43695387400994,6.55740897674431,9.86229582295494,6.25693412581066,16.52,0.0758520622892704
"median",0.0125070426588733,0.5,0.00625352132943663,0.2,"variance","always_retrain",100,2.31881266591207,0.0369452423482721,1.72374671883892,2.32285448579272,2.90123400392175,1.07436192135418,199,0
"median",0.0125070426588733,0.5,0.00625352132943663,0.2,"variance","calendar_tuned",100,2.21231360791993,0.0558033826529884,1.31020458613627,2.24873002164951,3.21738525770638,1.59321499630571,99,0
"median",0.0125070426588733,0.5,0.00625352132943663,0.2,"variance","calendar10",100,5.82076373256845,0.210378585060145,2.48353958512718,5.85541060043967,9.8318745745811,5.70194682730915,19,0
"median",0.0125070426588733,0.5,0.00625352132943663,0.2,"variance","cusum_tuned",100,1.81337676012081,0.047152049782598,1.01456744970545,1.82381907023465,2.63016795929264,1.50520322900617,49.28,0.531831218004777
"median",0.0125070426588733,0.5,0.00625352132943663,0.2,"variance","debt_threshold_tuned",100,1.86853228858915,0.0445320623954423,1.12685943952813,1.92344535479127,2.67931628063728,1.66160326779809,33.09,0.539752094236163
"median",0.0125070426588733,0.5,0.00625352132943663,0.2,"variance","debt_utility_tuned",100,1.7648887388683,0.046115409492318,1.00443210125616,1.79714384499774,2.53701447182913,1.39211633242058,59.61,0.351302051393286
"median",0.0125070426588733,0.5,0.00625352132943663,0.2,"variance","hybrid_utility_tuned",100,1.82063275653333,0.0413115858751071,1.13794386411945,1.87503404676102,2.45849203699344,1.262693583521,89.22,0.662956341783613
"median",0.0125070426588733,0.5,0.00625352132943663,0.2,"variance","never_retrain",100,156.430612369073,6.01594355271031,61.7561929557651,160.563740151538,255.77425964953,156.430612369073,0,0
"median",0.0125070426588733,1,0.0125070426588733,0.02,"abrupt_coef","alarm_tuned",100,10.9260478081647,1.50455297167789,0.262810801823228,3.73577244140366,49.9746124294673,10.7313131539661,15.57,0.240896893154132
"median",0.0125070426588733,1,0.0125070426588733,0.02,"abrupt_coef","always_retrain",100,4.37097592495781,0.256209112595761,2.53738898959629,3.16310883589637,11.3812627311152,1.88207443584203,199,0
"median",0.0125070426588733,1,0.0125070426588733,0.02,"abrupt_coef","calendar_tuned",100,4.50126973105149,0.50508325911181,0.891620002027487,2.05140039018189,17.6694458722978,3.67580491556585,66,0
"median",0.0125070426588733,1,0.0125070426588733,0.02,"abrupt_coef","calendar10",100,10.3278581044625,1.40348418675569,0.33909886525715,3.42790088665677,44.9258172703576,10.090224293944,19,0
"median",0.0125070426588733,1,0.0125070426588733,0.02,"abrupt_coef","cusum_tuned",100,2.85249828114223,0.289285118545078,0.329539599740894,1.67467557458487,10.5360707159068,2.21201262658133,51.21,2.29268908322154
"median",0.0125070426588733,1,0.0125070426588733,0.02,"abrupt_coef","debt_threshold_tuned",100,2.97994341495573,0.282916295796909,0.314032902472871,1.94167947351298,10.2837797083901,2.60560762817566,29.93,2.07316938843195
"median",0.0125070426588733,1,0.0125070426588733,0.02,"abrupt_coef","debt_utility_tuned",100,3.01208958970861,0.293527083029674,0.61167625018343,1.70196154544028,10.6465000099663,2.27680055179345,58.79,1.2028833205379
"median",0.0125070426588733,1,0.0125070426588733,0.02,"abrupt_coef","hybrid_utility_tuned",100,3.12793052518701,0.301388477953017,0.441375936046288,1.93757004391276,10.4622916587056,2.54322628088468,46.75,1.90710394434741
"median",0.0125070426588733,1,0.0125070426588733,0.02,"abrupt_coef","never_retrain",100,213.035054428136,33.4351073004974,0.72809535968802,61.0116280204888,1220.89709568141,213.035054428136,0,0
"median",0.0125070426588733,1,0.0125070426588733,0.02,"gradual","alarm_tuned",100,4.7722005184389,0.470882656211293,0.395352676690765,2.75056653663875,15.7181160610739,4.57884163893272,15.46,0.191970115519383
"median",0.0125070426588733,1,0.0125070426588733,0.02,"gradual","always_retrain",100,3.29096915346074,0.0738243614177301,2.58095650471413,2.97302967126099,4.94879492114275,0.802067664344962,199,0
"median",0.0125070426588733,1,0.0125070426588733,0.02,"gradual","calendar_tuned",100,2.38560804893047,0.147677729629429,0.95939962469349,1.76790508400292,5.72383718841667,1.56014323344483,66,0
"median",0.0125070426588733,1,0.0125070426588733,0.02,"gradual","calendar10",100,4.49835554360521,0.435236984297254,0.524331907623653,2.61971485759947,14.7101659134117,4.26072173308662,19,0
"median",0.0125070426588733,1,0.0125070426588733,0.02,"gradual","cusum_tuned",100,1.78472827549703,0.109177372447326,0.444633293234119,1.40733813048166,4.13586586941742,1.16250290321809,49.75,1.76985846606416
"median",0.0125070426588733,1,0.0125070426588733,0.02,"gradual","debt_threshold_tuned",100,1.94054222213164,0.107474065259785,0.341120413626958,1.56705217611819,4.2188744251464,1.60297714076865,26.99,1.61679911984742
"median",0.0125070426588733,1,0.0125070426588733,0.02,"gradual","debt_utility_tuned",100,1.89130762195831,0.107046967051677,0.695485575306201,1.44264243925064,4.31519816536994,1.17040168310085,57.64,0.885519878119884
"median",0.0125070426588733,1,0.0125070426588733,0.02,"gradual","hybrid_utility_tuned",100,1.98335638269089,0.12614333548384,0.647913291792814,1.53188232234131,4.46439339209409,1.37451354605693,48.68,1.80021771971721
"median",0.0125070426588733,1,0.0125070426588733,0.02,"gradual","never_retrain",100,62.2132344755638,9.62419667366507,0.817991474696635,19.2733927136203,331.90948192387,62.2132344755638,0,0
"median",0.0125070426588733,1,0.0125070426588733,0.02,"none","alarm_tuned",100,0.293932957396622,0.00416623773319109,0.225241372124779,0.295291862207568,0.369213678952539,0.141847318664723,12.16,0.221436996534778
"median",0.0125070426588733,1,0.0125070426588733,0.02,"none","always_retrain",100,2.54124410638461,0.000706961364348374,2.52866842736175,2.54176013284408,2.55578646366233,0.0523426172688275,199,0
"median",0.0125070426588733,1,0.0125070426588733,0.02,"none","calendar_tuned",100,0.900352257775559,0.00108853570225512,0.882091709904725,0.898842642852155,0.920990081784979,0.0748874422899237,66,0
"median",0.0125070426588733,1,0.0125070426588733,0.02,"none","calendar10",100,0.36836649952762,0.00279397316803672,0.322586181415709,0.364902940915597,0.427089658366285,0.130732689009028,19,0
"median",0.0125070426588733,1,0.0125070426588733,0.02,"none","cusum_tuned",100,0.369938312378157,0.0034558167413477,0.314116001130721,0.36665528278598,0.434905555602007,0.1130436561649,20.54,0.198183671569501
"median",0.0125070426588733,1,0.0125070426588733,0.02,"none","debt_threshold_tuned",100,0.403127382036539,0.0160810131961387,0.207385050725088,0.371686013978237,0.783436167121716,0.370859211976646,2.58,0.191316544506794
"median",0.0125070426588733,1,0.0125070426588733,0.02,"none","debt_utility_tuned",100,0.629298508860523,0.00196648602864479,0.594872847740639,0.630468808003684,0.664586812773201,0.0792387727232772,43.98,0.113689280608387
"median",0.0125070426588733,1,0.0125070426588733,0.02,"none","hybrid_utility_tuned",100,0.511365044275731,0.0119792069889871,0.330438238537816,0.494957522122866,0.814329124164886,0.233458556395567,22.22,1.26087832141493
"median",0.0125070426588733,1,0.0125070426588733,0.02,"none","never_retrain",100,0.960623495874141,0.0627027269397995,0.235519535367029,0.797527145687905,2.70619320460349,0.960623495874141,0,0
"median",0.0125070426588733,1,0.0125070426588733,0.02,"variance","alarm_tuned",100,5.91661414708021,0.26123014447793,0.305575861214299,6.02601024243067,9.8380997961515,5.71550090112552,16.08,0.151544239632051
"median",0.0125070426588733,1,0.0125070426588733,0.02,"variance","always_retrain",100,3.4763834114977,0.0428277510135068,2.53625578151661,3.5163620394812,4.14578494947971,0.987481922381919,199,0
"median",0.0125070426588733,1,0.0125070426588733,0.02,"variance","calendar_tuned",100,2.72799321072398,0.0829978397094116,0.902939487474838,2.77090966165802,4.00073257053495,1.90252839523835,66,0
"median",0.0125070426588733,1,0.0125070426588733,0.02,"variance","calendar10",100,5.37808289079134,0.23105856393054,0.372631948837061,5.5447688023324,9.4871998889752,5.14044908027275,19,0
"median",0.0125070426588733,1,0.0125070426588733,0.02,"variance","cusum_tuned",100,2.00811009625898,0.06353845902168,0.376703599342411,2.05137579403859,2.79731168474733,1.39251345658924,49.22,0.914703683321997
"median",0.0125070426588733,1,0.0125070426588733,0.02,"variance","debt_threshold_tuned",100,2.02527938201076,0.0585548601411881,0.303584602758264,2.10354680134843,2.89335851071173,1.63718584830592,31.03,1.03029416217217
"median",0.0125070426588733,1,0.0125070426588733,0.02,"variance","debt_utility_tuned",100,2.04934506713003,0.0581207829270253,0.619845899436316,2.08146712582931,2.84910060690235,1.31142955025651,59,0.537107855541928
"median",0.0125070426588733,1,0.0125070426588733,0.02,"variance","hybrid_utility_tuned",100,2.17786797300575,0.0799409975381015,0.515999689344613,2.21597833885841,3.03495873208542,1.34027132614101,66.97,1.41531700414509
"median",0.0125070426588733,1,0.0125070426588733,0.02,"variance","never_retrain",100,111.392438402996,6.51859224575035,0.407579355760456,108.584986888077,226.647308046032,111.392438402996,0,0
"median",0.0125070426588733,1,0.0125070426588733,0.05,"abrupt_coef","alarm_tuned",100,11.962292807095,1.83087154283251,0.324831909283454,5.39514324294237,72.3303355381593,11.7581778709022,16.32,0.167500942255755
"median",0.0125070426588733,1,0.0125070426588733,0.05,"abrupt_coef","always_retrain",100,4.4398863323025,0.292390014191169,2.54509535495341,3.35034516658996,13.8460026939463,1.95098484318672,199,0
"median",0.0125070426588733,1,0.0125070426588733,0.05,"abrupt_coef","calendar_tuned",100,4.71717166926916,0.595370911851455,0.906804858402966,2.50790384847857,24.460065311324,3.89170685378352,66,0
"median",0.0125070426588733,1,0.0125070426588733,0.05,"abrupt_coef","calendar10",100,11.0026563374257,1.68519416400447,0.380693449108881,4.84789696522525,68.0124780955511,10.7650225269071,19,0
"median",0.0125070426588733,1,0.0125070426588733,0.05,"abrupt_coef","cusum_tuned",100,3.06866434946677,0.328058779789778,0.371832874939769,2.03387565326419,14.0456413023785,2.37639953829814,55.35,2.241634279365
"median",0.0125070426588733,1,0.0125070426588733,0.05,"abrupt_coef","debt_threshold_tuned",100,3.09773890649773,0.320498464624606,0.403530940638095,2.11239604271668,13.0609167626104,2.66537044178048,34.57,1.9822574112472
"median",0.0125070426588733,1,0.0125070426588733,0.05,"abrupt_coef","debt_utility_tuned",100,3.1652479951726,0.326628936331404,0.628348556342835,2.08298907277045,13.1869593448503,2.40882205516395,60.48,1.15980492960992
"median",0.0125070426588733,1,0.0125070426588733,0.05,"abrupt_coef","hybrid_utility_tuned",100,3.25495418408489,0.323620270446526,0.516763610417187,2.23770647810592,13.2633181526004,2.6653721931456,47.14,1.80448487291129
"median",0.0125070426588733,1,0.0125070426588733,0.05,"abrupt_coef","never_retrain",100,266.814577591337,44.7857743281624,0.728153304288974,108.213559824011,1696.90625007198,266.814577591337,0,0
"median",0.0125070426588733,1,0.0125070426588733,0.05,"gradual","alarm_tuned",100,6.06445822144489,0.49359180582325,0.854861826555978,4.63112710258273,19.2519049963757,5.86196920079774,16.19,0.114322775376112
"median",0.0125070426588733,1,0.0125070426588733,0.05,"gradual","always_retrain",100,3.5078733889914,0.0775766131911767,2.67184550559245,3.29249926104851,5.57989320141472,1.01897189987562,199,0
"median",0.0125070426588733,1,0.0125070426588733,0.05,"gradual","calendar_tuned",100,2.81013963338377,0.153580324037236,1.15109105861915,2.43807410215628,6.71263868052817,1.98467481789814,66,0
"median",0.0125070426588733,1,0.0125070426588733,0.05,"gradual","calendar10",100,5.68570997344323,0.446756225649577,0.892984983989751,4.47101492998796,17.1399894071397,5.44807616292464,19,0
"median",0.0125070426588733,1,0.0125070426588733,0.05,"gradual","cusum_tuned",100,2.12853930583585,0.11073548547748,0.731228390129136,1.87852292399567,4.99543534701025,1.43064632547072,55.8,1.75533817858899
"median",0.0125070426588733,1,0.0125070426588733,0.05,"gradual","debt_threshold_tuned",100,2.22666839123962,0.109599986652111,0.885042119270792,2.0031389721924,5.09005613149093,1.82206556122507,32.35,1.56826965059256
"median",0.0125070426588733,1,0.0125070426588733,0.05,"gradual","debt_utility_tuned",100,2.22330785483051,0.110792445031181,0.88898694005935,1.94573473133061,5.07849640116475,1.47063402761952,60.18,0.893227040261626
"median",0.0125070426588733,1,0.0125070426588733,0.05,"gradual","hybrid_utility_tuned",100,2.41385143283611,0.140235839884665,0.873453915334242,2.05504727074449,5.13931683173547,1.74997760850312,53.08,1.86410430193293
"median",0.0125070426588733,1,0.0125070426588733,0.05,"gradual","never_retrain",100,89.9487941657175,12.0656392351057,3.49806322070727,35.5015131942626,437.50834656288,89.9487941657175,0,0
"median",0.0125070426588733,1,0.0125070426588733,0.05,"none","alarm_tuned",100,0.288741188903625,0.00375246033663852,0.210278286844986,0.288839025201985,0.355052798639427,0.136905691024904,12.14,0.217432213981203
"median",0.0125070426588733,1,0.0125070426588733,0.05,"none","always_retrain",100,2.54109681434748,0.000708526330716466,2.5276213796231,2.54128047932559,2.55380957335282,0.0521953252317,199,0
"median",0.0125070426588733,1,0.0125070426588733,0.05,"none","calendar_tuned",100,0.898709136372749,0.00115607220911993,0.878607883835456,0.897402480596787,0.922727311863628,0.0732443208871136,66,0
"median",0.0125070426588733,1,0.0125070426588733,0.05,"none","calendar10",100,0.36021043546992,0.00223613038547652,0.32516258789746,0.357221080852022,0.416031332105084,0.122576624951328,19,0
"median",0.0125070426588733,1,0.0125070426588733,0.05,"none","cusum_tuned",100,0.363855392648764,0.00324330759636838,0.30475165813456,0.364546085146957,0.429808347271014,0.109462144967282,20.34,0.200615215391218
"median",0.0125070426588733,1,0.0125070426588733,0.05,"none","debt_threshold_tuned",100,0.411114118631102,0.0188841019751917,0.188567547141374,0.374302258077298,0.931566616132701,0.381097216249807,2.4,0.189096736506942
"median",0.0125070426588733,1,0.0125070426588733,0.05,"none","debt_utility_tuned",100,0.62750050427017,0.00220942254928388,0.592442950966472,0.627585854283938,0.679050724592421,0.0786914723988117,43.88,0.132786758497688
"median",0.0125070426588733,1,0.0125070426588733,0.05,"none","hybrid_utility_tuned",100,0.526487061663736,0.0156004356985903,0.336612840557265,0.49324502532843,1.01659326826339,0.26071240516268,21.25,1.22081070927429
"median",0.0125070426588733,1,0.0125070426588733,0.05,"none","never_retrain",100,0.816049463143411,0.047403691924577,0.206000975191563,0.669947434620155,1.85907207963428,0.816049463143411,0,0
"median",0.0125070426588733,1,0.0125070426588733,0.05,"variance","alarm_tuned",100,6.09227438823489,0.222033035061147,3.19340904329847,5.3617647795777,10.9741103438825,5.88590818436348,16.5,0.130654915983698
"median",0.0125070426588733,1,0.0125070426588733,0.05,"variance","always_retrain",100,3.50899088587473,0.0357194267427762,3.02420401458678,3.44018746909962,4.13845133790912,1.02008939675895,199,0
"median",0.0125070426588733,1,0.0125070426588733,0.05,"variance","calendar_tuned",100,2.83832046070163,0.0745708680957581,1.83196047282801,2.66030099253731,4.17021151036484,2.012855645216,66,0
"median",0.0125070426588733,1,0.0125070426588733,0.05,"variance","calendar10",100,5.63107630728145,0.189416945316571,2.91004244766423,5.43110357342533,9.49230713809696,5.39344249676286,19,0
"median",0.0125070426588733,1,0.0125070426588733,0.05,"variance","cusum_tuned",100,2.08426256111681,0.0455878877641964,1.35907510654052,2.01646665192873,2.93035380955961,1.45003042788535,50.71,0.608408256075315
"median",0.0125070426588733,1,0.0125070426588733,0.05,"variance","debt_threshold_tuned",100,2.0431723676487,0.0437271658363927,1.33392785260508,1.98447347504826,2.87289327967249,1.6213098187649,33.73,0.558471036840675
"median",0.0125070426588733,1,0.0125070426588733,0.05,"variance","debt_utility_tuned",100,2.10460001631517,0.0441624023959934,1.43974414418339,2.01921175907994,2.89614551651168,1.3583047808602,59.67,0.314965125534606
"median",0.0125070426588733,1,0.0125070426588733,0.05,"variance","hybrid_utility_tuned",100,2.17292956932587,0.0440108162918614,1.46511010708803,2.09823324742927,2.98303772375114,1.28492954054587,71,0.842195303532933
"median",0.0125070426588733,1,0.0125070426588733,0.05,"variance","never_retrain",100,131.37428565493,5.69447752347956,54.0855287049158,117.112479867126,250.386607225716,131.37428565493,0,0
"median",0.0125070426588733,1,0.0125070426588733,0.1,"abrupt_coef","alarm_tuned",100,12.5224600472252,1.75825097688185,0.30047841154128,6.02875931897313,49.950460590802,12.3144679278082,16.63,0.169166106880698
"median",0.0125070426588733,1,0.0125070426588733,0.1,"abrupt_coef","always_retrain",100,4.58492902395291,0.283749131735994,2.54261793378438,3.46180585584781,11.8714901022698,2.09602753483713,199,0
"median",0.0125070426588733,1,0.0125070426588733,0.1,"abrupt_coef","calendar_tuned",100,5.0127881574649,0.587774825639827,0.901342852589798,2.67319566208756,19.5490092151961,4.18732334197927,66,0
"median",0.0125070426588733,1,0.0125070426588733,0.1,"abrupt_coef","calendar10",100,11.6844275773252,1.61803523632663,0.377462165685182,5.56175943941768,60.9996167411522,11.4467937668066,19,0
"median",0.0125070426588733,1,0.0125070426588733,0.1,"abrupt_coef","cusum_tuned",100,3.22991040272846,0.316779014698666,0.372853790240022,2.26023797880987,11.0303114277666,2.51313178794844,57.31,2.24372053032052
"median",0.0125070426588733,1,0.0125070426588733,0.1,"abrupt_coef","debt_threshold_tuned",100,3.26698491140472,0.310039386542472,0.353695326811694,2.21318763865656,10.8891311672447,2.81047785435584,36.5,1.94128458979766
"median",0.0125070426588733,1,0.0125070426588733,0.1,"abrupt_coef","debt_utility_tuned",100,3.31817368943862,0.315428860480048,0.642853883653468,2.21151110942737,11.1709656180927,2.55149197444969,61.3,1.16588718549134
"median",0.0125070426588733,1,0.0125070426588733,0.1,"abrupt_coef","hybrid_utility_tuned",100,3.41963960659396,0.315289228864559,0.557331469813446,2.3813657581765,11.3694706154609,2.81892634768827,48.03,1.49581605037707
"median",0.0125070426588733,1,0.0125070426588733,0.1,"abrupt_coef","never_retrain",100,303.801201763386,41.4015494113071,1.2526537405113,133.861168660888,1348.72054298213,303.801201763386,0,0
"median",0.0125070426588733,1,0.0125070426588733,0.1,"gradual","alarm_tuned",100,6.23571828590486,0.471524618737266,1.12806921529566,4.98768928792239,18.1380082930537,6.03235377227158,16.26,0.124413776884989
"median",0.0125070426588733,1,0.0125070426588733,0.1,"gradual","always_retrain",100,3.53343360401994,0.0730391357758714,2.7074661540157,3.37809876497666,5.35547144198722,1.04453211490416,199,0
"median",0.0125070426588733,1,0.0125070426588733,0.1,"gradual","calendar_tuned",100,2.86258048298636,0.147509036624538,1.20650637606473,2.52962556169286,6.50351247792788,2.03711566750073,66,0
"median",0.0125070426588733,1,0.0125070426588733,0.1,"gradual","calendar10",100,5.76674460775511,0.421258210441829,1.15873487752314,4.7486610921806,16.3093419651419,5.52911079723652,19,0
"median",0.0125070426588733,1,0.0125070426588733,0.1,"gradual","cusum_tuned",100,2.1969176904539,0.105399537451981,0.887134638927992,2.01396756776828,4.68595433785555,1.47438583605079,57.77,1.62162501114397
"median",0.0125070426588733,1,0.0125070426588733,0.1,"gradual","debt_threshold_tuned",100,2.23858700464018,0.104128097756516,0.846169092629621,2.04542977633471,4.66582884024063,1.80947037101424,34.31,1.50162840902398
"median",0.0125070426588733,1,0.0125070426588733,0.1,"gradual","debt_utility_tuned",100,2.27657783549824,0.105506100182689,0.984801212710099,2.04349330018719,4.86397086362851,1.51489893757286,60.9,0.832363071518843
"median",0.0125070426588733,1,0.0125070426588733,0.1,"gradual","hybrid_utility_tuned",100,2.33862910594131,0.103137871796219,0.970524573239296,2.1346398233609,4.81134547277785,1.64961612586399,55.09,1.64753228383016
"median",0.0125070426588733,1,0.0125070426588733,0.1,"gradual","never_retrain",100,99.5782908902433,11.9130047619753,2.63945669333486,46.9442067700413,388.882065516609,99.5782908902433,0,0
"median",0.0125070426588733,1,0.0125070426588733,0.1,"none","alarm_tuned",100,0.290217605149433,0.00389540059812961,0.207920367430843,0.289306461874683,0.364597548657635,0.143885206040616,11.7,0.307646655509961
"median",0.0125070426588733,1,0.0125070426588733,0.1,"none","always_retrain",100,2.54217639093427,0.000818194510971969,2.52952122118552,2.54157169605408,2.55890057236821,0.0532749018184896,199,0
"median",0.0125070426588733,1,0.0125070426588733,0.1,"none","calendar_tuned",100,0.90278264713652,0.00131263755569012,0.88231625162754,0.901112668730271,0.937146952623403,0.0773178316508849,66,0
"median",0.0125070426588733,1,0.0125070426588733,0.1,"none","calendar10",100,0.365893727768557,0.00278001619906138,0.322042661375851,0.361004774849852,0.414304985783913,0.128259917249965,19,0
"median",0.0125070426588733,1,0.0125070426588733,0.1,"none","cusum_tuned",100,0.366010615020326,0.00352613164094578,0.302438538656011,0.367745118978709,0.43413770951336,0.113618494164264,20.18,0.223100285463146
"median",0.0125070426588733,1,0.0125070426588733,0.1,"none","debt_threshold_tuned",100,0.409183038729705,0.0177698831451866,0.210680830089876,0.352930029140751,0.859702946218587,0.381542474453595,2.21,0.19137725184894
"median",0.0125070426588733,1,0.0125070426588733,0.1,"none","debt_utility_tuned",100,0.629118777113864,0.00195582698181943,0.596462660025226,0.629748181377041,0.665901269663164,0.0813103086552157,43.8,0.104446593573419
"median",0.0125070426588733,1,0.0125070426588733,0.1,"none","hybrid_utility_tuned",100,0.51012443740525,0.0130723876157624,0.353171301064306,0.482149706403952,0.838310502146641,0.212581892550655,23.79,1.07856011385176
"median",0.0125070426588733,1,0.0125070426588733,0.1,"none","never_retrain",100,0.819081026593297,0.0600397776473974,0.263060355309257,0.618315379111448,2.64785430808929,0.819081026593297,0,0
"median",0.0125070426588733,1,0.0125070426588733,0.1,"variance","alarm_tuned",100,5.73985560674956,0.199581136504984,2.83999813586132,5.56560942043457,9.78260997949603,5.53186348733249,16.63,0.0824559876478955
"median",0.0125070426588733,1,0.0125070426588733,0.1,"variance","always_retrain",100,3.46973603984483,0.0333403046788316,2.97263426562172,3.43659266624617,4.08007205690326,0.980834550729056,199,0
"median",0.0125070426588733,1,0.0125070426588733,0.1,"variance","calendar_tuned",100,2.7648120273148,0.069901651978483,1.81585414823457,2.68912320382577,4.1525885285842,1.93934721182916,66,0
"median",0.0125070426588733,1,0.0125070426588733,0.1,"variance","calendar10",100,5.46199976059833,0.193736491182941,2.6635307254584,5.32727709354871,9.37102870289225,5.22436595007974,19,0
"median",0.0125070426588733,1,0.0125070426588733,0.1,"variance","cusum_tuned",100,2.02735344423256,0.0450042288510049,1.27246169695695,2.04025056047619,2.85911577465285,1.40712919877904,49.59,0.591709558837951
"median",0.0125070426588733,1,0.0125070426588733,0.1,"variance","debt_threshold_tuned",100,1.96149541221695,0.0432814352351445,1.2559153543531,1.94506107295447,2.79723145193487,1.543635116984,33.41,0.494636893656
"median",0.0125070426588733,1,0.0125070426588733,0.1,"variance","debt_utility_tuned",100,2.04143286034462,0.0442057905397439,1.3543383145697,1.99748401064352,2.81800306319567,1.29463734318329,59.71,0.304940795711051
"median",0.0125070426588733,1,0.0125070426588733,0.1,"variance","hybrid_utility_tuned",100,2.13112647623037,0.0423793349361578,1.48638735052344,2.09867559376002,2.88572644408549,1.25188137731158,70.3,0.773226220377185
"median",0.0125070426588733,1,0.0125070426588733,0.1,"variance","never_retrain",100,135.628721945368,5.32586994466935,62.3293144275523,128.298774130622,235.420086980599,135.628721945368,0,0
"median",0.0125070426588733,1,0.0125070426588733,0.2,"abrupt_coef","alarm_tuned",100,10.1435816437605,1.32124154252888,0.301388605968092,5.31664172196631,43.3847433078441,9.93258783410531,16.87,0.136074103400175
"median",0.0125070426588733,1,0.0125070426588733,0.2,"abrupt_coef","always_retrain",100,4.13847406879913,0.20816275880223,2.54114224715423,3.39758265362292,10.2149374347692,1.64957257968335,199,0
"median",0.0125070426588733,1,0.0125070426588733,0.2,"abrupt_coef","calendar_tuned",100,4.03765530743666,0.410091132986742,0.898016698560107,2.5111624228661,14.7864376364014,3.21219049195102,66,0
"median",0.0125070426588733,1,0.0125070426588733,0.2,"abrupt_coef","calendar10",100,9.35903387738754,1.14385588699062,0.366455624274581,5.03740801491212,44.0337213882239,9.12140006686895,19,0
"median",0.0125070426588733,1,0.0125070426588733,0.2,"abrupt_coef","cusum_tuned",100,2.77277878346627,0.242803569710906,0.343752379019614,2.12402196021824,9.32866612349291,2.06938270433123,56.24,2.26283633584674
"median",0.0125070426588733,1,0.0125070426588733,0.2,"abrupt_coef","debt_threshold_tuned",100,2.81647410003797,0.24201289588247,0.404098218437213,2.14517515207327,9.46459267611772,2.37685155057857,35.15,1.91903674279624
"median",0.0125070426588733,1,0.0125070426588733,0.2,"abrupt_coef","debt_utility_tuned",100,2.85350529997459,0.245812407814204,0.6217861964306,2.07725079210408,9.52903530185699,2.09457795143416,60.68,1.16166721012117
"median",0.0125070426588733,1,0.0125070426588733,0.2,"abrupt_coef","hybrid_utility_tuned",100,2.96189108177543,0.242869561918475,0.451525803033481,2.28640876606888,9.6386490224786,2.39857388041978,45.04,1.68839891882544
"median",0.0125070426588733,1,0.0125070426588733,0.2,"abrupt_coef","never_retrain",100,251.400381704941,33.9859507451935,1.16837655147119,130.939711712196,1150.38768915258,251.400381704941,0,0
"median",0.0125070426588733,1,0.0125070426588733,0.2,"gradual","alarm_tuned",100,6.77558989327597,0.534574456288373,1.17331073120205,5.12441351225332,20.1915114538474,6.57059946409704,16.39,0.117116017760858
"median",0.0125070426588733,1,0.0125070426588733,0.2,"gradual","always_retrain",100,3.61349944961926,0.0838742051499334,2.69280691091978,3.34896719731108,5.7930457503437,1.12459796050348,199,0
"median",0.0125070426588733,1,0.0125070426588733,0.2,"gradual","calendar_tuned",100,3.05062980333695,0.169051980913435,1.19737959117859,2.53506450907595,7.33927363554051,2.22516498785132,66,0
"median",0.0125070426588733,1,0.0125070426588733,0.2,"gradual","calendar10",100,6.34843724889904,0.493774317960823,1.1589492462701,4.75608666611177,18.9002890735817,6.11080343838045,19,0
"median",0.0125070426588733,1,0.0125070426588733,0.2,"gradual","cusum_tuned",100,2.33020822547381,0.118604304499512,0.850410444639759,2.047245817052,5.17844804451545,1.58266228575295,59.77,1.87238598930063
"median",0.0125070426588733,1,0.0125070426588733,0.2,"gradual","debt_threshold_tuned",100,2.4007546773625,0.118307874584882,0.924294231638947,2.07973791843159,5.28963449944461,1.93799409898418,37,1.69628232832089
"median",0.0125070426588733,1,0.0125070426588733,0.2,"gradual","debt_utility_tuned",100,2.40384484432604,0.120232942416638,0.971087941945221,2.09620004481874,5.4002053017717,1.62640707265048,62.16,0.942779042635295
"median",0.0125070426588733,1,0.0125070426588733,0.2,"gradual","hybrid_utility_tuned",100,2.52406743618879,0.127313652410385,0.92574796833516,2.18295070334332,5.43969931869968,1.80816431439489,57.24,1.85658097838283
"median",0.0125070426588733,1,0.0125070426588733,0.2,"gradual","never_retrain",100,120.17340542768,15.9675438080312,4.16489614920632,50.855241795373,479.984687930685,120.17340542768,0,0
"median",0.0125070426588733,1,0.0125070426588733,0.2,"none","alarm_tuned",100,0.298261287821022,0.00454158346150524,0.223888602194172,0.292767826840832,0.393899115859135,0.1375457896545,12.85,0.188226706206354
"median",0.0125070426588733,1,0.0125070426588733,0.2,"none","always_retrain",100,2.54251105645095,0.000944496671952447,2.52561807149506,2.54163128463512,2.56237216609237,0.0536095673351744,199,0
"median",0.0125070426588733,1,0.0125070426588733,0.2,"none","calendar_tuned",100,0.902348384167181,0.00148700330864814,0.877936297548316,0.901095661753226,0.935730425911609,0.0768835686815457,66,0
"median",0.0125070426588733,1,0.0125070426588733,0.2,"none","calendar10",100,0.370477814585286,0.00334178849290267,0.328519389635022,0.362258413778257,0.437010083136284,0.132844004066694,19,0
"median",0.0125070426588733,1,0.0125070426588733,0.2,"none","cusum_tuned",100,0.367229012251358,0.00418266689111582,0.284950538559917,0.37240265404033,0.451566373376599,0.113711257555997,20.27,0.221042068302837
"median",0.0125070426588733,1,0.0125070426588733,0.2,"none","debt_threshold_tuned",100,0.425542100251412,0.0216489696088649,0.18520445302903,0.363589795981223,0.947977557897707,0.396650831709415,2.31,0.19524395514382
"median",0.0125070426588733,1,0.0125070426588733,0.2,"none","debt_utility_tuned",100,0.62901815880371,0.00251060354630638,0.586822630314905,0.628743591312966,0.682098835585657,0.0807094086387066,43.84,0.129271462864435
"median",0.0125070426588733,1,0.0125070426588733,0.2,"none","hybrid_utility_tuned",100,0.524468319249437,0.0132055953020396,0.304314279703794,0.501533499370394,0.895607485919694,0.230302675912738,23.52,1.14083789870039
"median",0.0125070426588733,1,0.0125070426588733,0.2,"none","never_retrain",100,0.923452085937739,0.0660111306286622,0.213988627915989,0.784185305310711,2.46868555094318,0.923452085937739,0,0
"median",0.0125070426588733,1,0.0125070426588733,0.2,"variance","alarm_tuned",100,6.46355047053524,0.234897182284724,2.53998063791241,6.66332062539396,9.96860568555539,6.25693412581066,16.52,0.0758520622892704
"median",0.0125070426588733,1,0.0125070426588733,0.2,"variance","always_retrain",100,3.56326341046996,0.0369452423482721,2.96819746339681,3.56730523035061,4.14568474847964,1.07436192135418,199,0
"median",0.0125070426588733,1,0.0125070426588733,0.2,"variance","calendar_tuned",100,2.89104461512187,0.0750217222987496,1.68257710045398,2.93256262240323,4.19293069787964,2.06557979963624,66,0
"median",0.0125070426588733,1,0.0125070426588733,0.2,"variance","calendar10",100,5.93958063782774,0.210378585060145,2.60235649038648,5.97422750569896,9.9506914798404,5.70194682730915,19,0
"median",0.0125070426588733,1,0.0125070426588733,0.2,"variance","cusum_tuned",100,2.12155029123544,0.0495726460715981,1.26897963684893,2.14274865803591,2.96390749603828,1.50520322900617,49.28,0.531831218004777
"median",0.0125070426588733,1,0.0125070426588733,0.2,"variance","debt_threshold_tuned",100,2.0754613093802,0.0473644933680098,1.26835889991126,2.14338095317897,2.92198010717233,1.66160326779809,33.09,0.539752094236163
"median",0.0125070426588733,1,0.0125070426588733,0.2,"variance","debt_utility_tuned",100,2.13766114531602,0.0479124436585731,1.33879307851573,2.17860864609337,2.93364406214864,1.39211633242058,59.61,0.351302051393286
"median",0.0125070426588733,1,0.0125070426588733,0.2,"variance","hybrid_utility_tuned",100,2.23678486076524,0.0452174823068254,1.45274436602735,2.31928399444875,2.91264603572492,1.34428229662805,71.36,0.617345244992744
"median",0.0125070426588733,1,0.0125070426588733,0.2,"variance","never_retrain",100,156.430612369073,6.01594355271031,61.7561929557651,160.563740151538,255.77425964953,156.430612369073,0,0
"median",0.0125070426588733,2,0.0250140853177465,0.02,"abrupt_coef","alarm_tuned",100,11.4998881652606,1.57607394444699,0.277697222030947,3.93782691330358,50.8687574010618,11.1907140707332,12.36,0.465261955105602
"median",0.0125070426588733,2,0.0250140853177465,0.02,"abrupt_coef","always_retrain",100,6.85987741407359,0.256209112595761,5.02629047871207,5.65201032501215,13.870164220231,1.88207443584203,199,0
"median",0.0125070426588733,2,0.0250140853177465,0.02,"abrupt_coef","calendar_tuned",100,5.32673454653712,0.50508325911181,1.71708481751312,2.87686520566753,18.4949106877834,3.67580491556585,66,0
"median",0.0125070426588733,2,0.0250140853177465,0.02,"abrupt_coef","calendar10",100,10.5654919149811,1.40348418675569,0.576732675775742,3.66553469717536,45.1634510808761,10.090224293944,19,0
"median",0.0125070426588733,2,0.0250140853177465,0.02,"abrupt_coef","cusum_tuned",100,3.40157186883613,0.320468751113189,0.40868186373508,2.23097122325742,11.684849137361,2.50781860043305,35.73,1.81157083463189
"median",0.0125070426588733,2,0.0250140853177465,0.02,"abrupt_coef","debt_threshold_tuned",100,3.35427920173581,0.30471178635658,0.358120227845399,2.29463854564471,11.0520248037114,2.60560762817566,29.93,2.07316938843195
"median",0.0125070426588733,2,0.0250140853177465,0.02,"abrupt_coef","debt_utility_tuned",100,3.88314401473025,0.301914731967306,1.38300102329571,2.55682421456072,11.5924310497917,2.23321494717169,65.96,1.06210387743603
"median",0.0125070426588733,2,0.0250140853177465,0.02,"abrupt_coef","hybrid_utility_tuned",100,3.71263476948933,0.317693335804749,0.643034475649365,2.49864246014742,11.303969901915,2.54322628088468,46.75,1.90710394434741
"median",0.0125070426588733,2,0.0250140853177465,0.02,"abrupt_coef","never_retrain",100,213.035054428136,33.4351073004974,0.72809535968802,61.0116280204888,1220.89709568141,213.035054428136,0,0
"median",0.0125070426588733,2,0.0250140853177465,0.02,"gradual","alarm_tuned",100,4.92566209341005,0.469161052373646,0.515147708931317,2.97505476385016,15.3507555261132,4.60898377328738,12.66,0.315658682821183
"median",0.0125070426588733,2,0.0250140853177465,0.02,"gradual","always_retrain",100,5.77987064257652,0.0738243614177301,5.06985799382991,5.46193116037677,7.43769641025852,0.802067664344962,199,0
"median",0.0125070426588733,2,0.0250140853177465,0.02,"gradual","calendar_tuned",100,3.21107286441611,0.147677729629429,1.78486444017913,2.59336989948856,6.5493020039023,1.56014323344483,66,0
"median",0.0125070426588733,2,0.0250140853177465,0.02,"gradual","calendar10",100,4.7359893541238,0.435236984297254,0.761965718142245,2.85734866811806,14.9477997239303,4.26072173308662,19,0
"median",0.0125070426588733,2,0.0250140853177465,0.02,"gradual","cusum_tuned",100,2.27997553636784,0.135839297917648,0.563565869130672,1.81030461862149,5.25690533937552,1.43725100201296,33.69,1.4112602720815
"median",0.0125070426588733,2,0.0250140853177465,0.02,"gradual","debt_threshold_tuned",100,2.27810730349463,0.124915558748876,0.367385203210592,1.83517774099837,4.95971556278375,1.60297714076865,26.99,1.61679911984742
"median",0.0125070426588733,2,0.0250140853177465,0.02,"gradual","debt_utility_tuned",100,2.75488247561346,0.113305053275676,1.50777368672619,2.30369750679311,5.3014913184355,1.12896692995994,65,0.769625384406747
"median",0.0125070426588733,2,0.0250140853177465,0.02,"gradual","hybrid_utility_tuned",100,2.59219921932484,0.142695821916291,0.990047081714929,2.06174492183295,5.49747511571702,1.37451354605693,48.68,1.80021771971721
"median",0.0125070426588733,2,0.0250140853177465,0.02,"gradual","never_retrain",100,62.2132344755638,9.62419667366507,0.817991474696635,19.2733927136203,331.90948192387,62.2132344755638,0,0
"median",0.0125070426588733,2,0.0250140853177465,0.02,"none","alarm_tuned",100,0.378519610052245,0.00922865300193526,0.239399804213597,0.365221765432232,0.598872894989164,0.262454254177902,4.64,0.304683972719806
"median",0.0125070426588733,2,0.0250140853177465,0.02,"none","always_retrain",100,5.03014559550038,0.00070696136434834,5.01756991647753,5.03066162195986,5.04468795277811,0.0523426172688275,199,0
"median",0.0125070426588733,2,0.0250140853177465,0.02,"none","calendar_tuned",100,1.72581707326119,0.00108853570225512,1.70755652539036,1.72430745833779,1.74645489727062,0.0748874422899237,66,0
"median",0.0125070426588733,2,0.0250140853177465,0.02,"none","calendar10",100,0.606000310046212,0.00279397316803672,0.560219991934301,0.602536751434189,0.664723468884877,0.130732689009028,19,0
"median",0.0125070426588733,2,0.0250140853177465,0.02,"none","cusum_tuned",100,0.434225692177006,0.00441041373839454,0.357308435595114,0.434226268317741,0.528784702371136,0.142561457372082,11.66,0.134254394431774
"median",0.0125070426588733,2,0.0250140853177465,0.02,"none","debt_threshold_tuned",100,0.435395552096432,0.0152464109251935,0.23547387661722,0.406857753889355,0.783436167121716,0.370859211976646,2.58,0.191316544506794
"median",0.0125070426588733,2,0.0250140853177465,0.02,"none","debt_utility_tuned",100,1.41073697495784,0.00329873718113169,1.36239418618512,1.41160367291929,1.47425315768656,0.0754851006965287,53.38,0.118730660307141
"median",0.0125070426588733,2,0.0250140853177465,0.02,"none","hybrid_utility_tuned",100,0.789271532155894,0.020536960102255,0.387124340064854,0.777422017416901,1.1090086184302,0.233458556395567,22.22,1.26087832141493
"median",0.0125070426588733,2,0.0250140853177465,0.02,"none","never_retrain",100,0.960623495874141,0.0627027269397995,0.235519535367029,0.797527145687905,2.70619320460349,0.960623495874141,0,0
"median",0.0125070426588733,2,0.0250140853177465,0.02,"variance","alarm_tuned",100,5.995121032424,0.263322464129496,0.350678031199261,6.30294487695356,10.3855627338698,5.66493510622974,13.2,0.362371537669739
"median",0.0125070426588733,2,0.0250140853177465,0.02,"variance","always_retrain",100,5.96528490061348,0.0428277510135068,5.02515727063239,6.00526352859698,6.63468643859548,0.987481922381919,199,0
"median",0.0125070426588733,2,0.0250140853177465,0.02,"variance","calendar_tuned",100,3.55345802620962,0.0829978397094117,1.72840430296047,3.59637447714365,4.82619738602058,1.90252839523835,66,0
"median",0.0125070426588733,2,0.0250140853177465,0.02,"variance","calendar10",100,5.61571670130993,0.23105856393054,0.610265759355653,5.782402612851,9.72483369949379,5.14044908027275,19,0
"median",0.0125070426588733,2,0.0250140853177465,0.02,"variance","cusum_tuned",100,2.56641976575784,0.0787640966427057,0.418353989434309,2.66804168259626,3.60558993073083,1.6876749485454,35.13,0.740959656203502
"median",0.0125070426588733,2,0.0250140853177465,0.02,"variance","debt_threshold_tuned",100,2.4133729157156,0.0687206353997005,0.322657842813046,2.48801231552082,3.36774705628333,1.63718584830592,31.03,1.03029416217217
"median",0.0125070426588733,2,0.0250140853177465,0.02,"variance","debt_utility_tuned",100,2.94862534386426,0.0611616335176994,1.42323530850638,2.99411048136801,3.78508350590268,1.26967993733711,67.12,0.469317148481265
"median",0.0125070426588733,2,0.0250140853177465,0.02,"variance","hybrid_utility_tuned",100,3.01546461987049,0.0844215851132709,0.921723719202361,3.08843146776691,4.0586601737142,1.34027132614101,66.97,1.41531700414509
"median",0.0125070426588733,2,0.0250140853177465,0.02,"variance","never_retrain",100,111.392438402996,6.51859224575035,0.407579355760456,108.584986888077,226.647308046032,111.392438402996,0,0
"median",0.0125070426588733,2,0.0250140853177465,0.05,"abrupt_coef","alarm_tuned",100,11.7912689041145,1.70575273012017,0.366996608077585,5.62624637680496,69.3653403674029,11.4308159346858,14.41,0.368478992178343
"median",0.0125070426588733,2,0.0250140853177465,0.05,"abrupt_coef","always_retrain",100,6.92878782141827,0.292390014191168,5.03399684406919,5.83924665570573,16.3349041830621,1.95098484318672,199,0
"median",0.0125070426588733,2,0.0250140853177465,0.05,"abrupt_coef","calendar_tuned",100,5.54263648475479,0.595370911851454,1.7322696738886,3.33336866396421,25.2855301268096,3.89170685378352,66,0
"median",0.0125070426588733,2,0.0250140853177465,0.05,"abrupt_coef","calendar10",100,11.2402901479443,1.68519416400447,0.618327259627473,5.08553077574384,68.2501119060697,10.7650225269071,19,0
"median",0.0125070426588733,2,0.0250140853177465,0.05,"abrupt_coef","cusum_tuned",100,3.68100043230484,0.35561165713223,0.454429584021237,2.72382088317003,15.1311434013574,2.70820265429767,38.89,1.77068696364782
"median",0.0125070426588733,2,0.0250140853177465,0.05,"abrupt_coef","debt_threshold_tuned",100,3.53010737121498,0.340236093687785,0.455668795661357,2.57430444917522,13.9179618608098,2.66537044178048,34.57,1.9822574112472
"median",0.0125070426588733,2,0.0250140853177465,0.05,"abrupt_coef","debt_utility_tuned",100,4.03047229528383,0.333305189806677,1.40490417771307,2.93467637141138,14.3003937903569,2.34527336742725,67.37,1.04327137002563
"median",0.0125070426588733,2,0.0250140853177465,0.05,"abrupt_coef","hybrid_utility_tuned",100,3.84453617502417,0.339417119669909,0.795659169680345,2.8598439611672,14.2054111408801,2.6653721931456,47.14,1.80448487291129
"median",0.0125070426588733,2,0.0250140853177465,0.05,"abrupt_coef","never_retrain",100,266.814577591337,44.7857743281624,0.728153304288974,108.213559824011,1696.90625007198,266.814577591337,0,0
"median",0.0125070426588733,2,0.0250140853177465,0.05,"gradual","alarm_tuned",100,6.24820587956534,0.494293334803039,0.992651518413542,4.88134413351611,19.7680908700193,5.90851460095034,13.58,0.258269298026363
"median",0.0125070426588733,2,0.0250140853177465,0.05,"gradual","always_retrain",100,5.99677487810718,0.0775766131911767,5.16074699470823,5.78140075016429,8.06879469053049,1.01897189987562,199,0
"median",0.0125070426588733,2,0.0250140853177465,0.05,"gradual","calendar_tuned",100,3.63560444886941,0.153580324037236,1.97655587410479,3.26353891764191,7.5381034960138,1.98467481789814,66,0
"median",0.0125070426588733,2,0.0250140853177465,0.05,"gradual","calendar10",100,5.92334378396182,0.446756225649576,1.13061879450834,4.70864874050655,17.3776232176583,5.44807616292464,19,0
"median",0.0125070426588733,2,0.0250140853177465,0.05,"gradual","cusum_tuned",100,2.73937324995171,0.13834108650965,0.876851786936269,2.4378877128116,6.23067456256122,1.77407969753987,38.59,1.39081365619648
"median",0.0125070426588733,2,0.0250140853177465,0.05,"gradual","debt_threshold_tuned",100,2.63127122125417,0.128018891674298,1.00739409204655,2.34093983204877,5.8994165030314,1.82206556122507,32.35,1.56826965059256
"median",0.0125070426588733,2,0.0250140853177465,0.05,"gradual","debt_utility_tuned",100,3.11344040837062,0.116754590330006,1.70386495504351,2.85173463856883,6.09707952815899,1.42373894515684,67.55,0.802190813341876
"median",0.0125070426588733,2,0.0250140853177465,0.05,"gradual","hybrid_utility_tuned",100,3.0777252571691,0.153530704401284,1.13746390545421,2.72450045154272,6.31330372295706,1.74997760850312,53.08,1.86410430193293
"median",0.0125070426588733,2,0.0250140853177465,0.05,"gradual","never_retrain",100,89.9487941657175,12.0656392351057,3.49806322070727,35.5015131942626,437.50834656288,89.9487941657175,0,0
"median",0.0125070426588733,2,0.0250140853177465,0.05,"none","alarm_tuned",100,0.38697468641818,0.0124069969357591,0.21724976057122,0.364106555434591,0.683255366826254,0.276412429313741,4.42,0.304902700161308
"median",0.0125070426588733,2,0.0250140853177465,0.05,"none","always_retrain",100,5.02999830346326,0.000708526330716473,5.01652286873888,5.03018196844137,5.0427110624686,0.0521953252317,199,0
"median",0.0125070426588733,2,0.0250140853177465,0.05,"none","calendar_tuned",100,1.72417395185838,0.00115607220911988,1.70407269932109,1.72286729608242,1.74819212734926,0.0732443208871136,66,0
"median",0.0125070426588733,2,0.0250140853177465,0.05,"none","calendar10",100,0.597844245988511,0.00223613038547652,0.562796398416052,0.594854891370614,0.653665142623676,0.122576624951328,19,0
"median",0.0125070426588733,2,0.0250140853177465,0.05,"none","cusum_tuned",100,0.431826555172741,0.00455529954152491,0.347312187927234,0.43010103697299,0.525436513465982,0.138411334395574,11.73,0.128593793148673
"median",0.0125070426588733,2,0.0250140853177465,0.05,"none","debt_threshold_tuned",100,0.441131021012398,0.0186061143664739,0.209108195868565,0.402653128501617,0.950639856187482,0.381097216249807,2.4,0.189096736506942
"median",0.0125070426588733,2,0.0250140853177465,0.05,"none","debt_utility_tuned",100,1.40274447096973,0.00286165658894614,1.34759507748462,1.40370531525053,1.45611942951472,0.0732458363314983,53.15,0.10480862791225
"median",0.0125070426588733,2,0.0250140853177465,0.05,"none","hybrid_utility_tuned",100,0.792261718164793,0.0185420449429843,0.399024648349754,0.814254141315899,1.0861036195627,0.26071240516268,21.25,1.22081070927429
"median",0.0125070426588733,2,0.0250140853177465,0.05,"none","never_retrain",100,0.816049463143411,0.047403691924577,0.206000975191563,0.669947434620155,1.85907207963428,0.816049463143411,0,0
"median",0.0125070426588733,2,0.0250140853177465,0.05,"variance","alarm_tuned",100,6.16143552670994,0.220565754777319,3.12961212407513,5.75979558222586,11.0278167929181,5.7912270640073,14.8,0.185864075456917
"median",0.0125070426588733,2,0.0250140853177465,0.05,"variance","always_retrain",100,5.99789237499051,0.0357194267427762,5.51310550370255,5.9290889582154,6.62735282702489,1.02008939675895,199,0
"median",0.0125070426588733,2,0.0250140853177465,0.05,"variance","calendar_tuned",100,3.66378527618727,0.0745708680957581,2.65742528831365,3.48576580802295,4.99567632585047,2.012855645216,66,0
"median",0.0125070426588733,2,0.0250140853177465,0.05,"variance","calendar10",100,5.86871011780005,0.189416945316571,3.14767625818282,5.66873738394392,9.72994094861555,5.39344249676286,19,0
"median",0.0125070426588733,2,0.0250140853177465,0.05,"variance","cusum_tuned",100,2.66779588205743,0.0540192629920184,1.80577378281939,2.5910783728376,3.63266213873442,1.76528768379313,36.08,0.486521356471666
"median",0.0125070426588733,2,0.0250140853177465,0.05,"variance","debt_threshold_tuned",100,2.46503491653249,0.0487882393015998,1.66479067311884,2.39840105958239,3.3608847665475,1.6213098187649,33.73,0.558471036840675
"median",0.0125070426588733,2,0.0250140853177465,0.05,"variance","debt_utility_tuned",100,2.99594479376388,0.0463837567552539,2.3013029786597,2.90917554722586,3.84623940484621,1.30949516164141,67.42,0.292388284804486
"median",0.0125070426588733,2,0.0250140853177465,0.05,"variance","hybrid_utility_tuned",100,3.06092959810587,0.0524847887612532,2.18395238390677,2.96760162742865,4.05962479537787,1.28492954054587,71,0.842195303532933
"median",0.0125070426588733,2,0.0250140853177465,0.05,"variance","never_retrain",100,131.37428565493,5.69447752347956,54.0855287049158,117.112479867126,250.386607225716,131.37428565493,0,0
"median",0.0125070426588733,2,0.0250140853177465,0.1,"abrupt_coef","alarm_tuned",100,13.4950417086374,1.99835777117059,0.437340154640914,5.72317640951159,53.1483300920932,13.1210811331371,14.95,0.337661297034693
"median",0.0125070426588733,2,0.0250140853177465,0.1,"abrupt_coef","always_retrain",100,7.07383051306869,0.283749131735994,5.03151942290015,5.95070734496359,14.3603915913856,2.09602753483713,199,0
"median",0.0125070426588733,2,0.0250140853177465,0.1,"abrupt_coef","calendar_tuned",100,5.83825297295054,0.587774825639828,1.72680766807543,3.4986604775732,20.3744740306817,4.18732334197927,66,0
"median",0.0125070426588733,2,0.0250140853177465,0.1,"abrupt_coef","calendar10",100,11.9220613878438,1.61803523632663,0.615095976203773,5.79939324993627,61.2372505516708,11.4467937668066,19,0
"median",0.0125070426588733,2,0.0250140853177465,0.1,"abrupt_coef","cusum_tuned",100,3.85120101739061,0.336701490507595,0.470712576192561,2.91183066974417,11.8193368062342,2.8478860552958,40.11,1.73873836764221
"median",0.0125070426588733,2,0.0250140853177465,0.1,"abrupt_coef","debt_threshold_tuned",100,3.72349196845359,0.330033148675401,0.416708870899307,2.68845525969375,11.6842664042826,2.81047785435584,36.5,1.94128458979766
"median",0.0125070426588733,2,0.0250140853177465,0.1,"abrupt_coef","debt_utility_tuned",100,4.21041846835397,0.322972561136486,1.43073638225368,3.0987947167195,12.2362832520811,2.49995531432646,68.38,1.0019959878143
"median",0.0125070426588733,2,0.0250140853177465,0.1,"abrupt_coef","hybrid_utility_tuned",100,4.02035286549964,0.329323254555347,0.91562937247544,3.04338124400845,12.2474650101138,2.81892634768827,48.03,1.49581605037707
"median",0.0125070426588733,2,0.0250140853177465,0.1,"abrupt_coef","never_retrain",100,303.801201763386,41.4015494113071,1.2526537405113,133.861168660888,1348.72054298213,303.801201763386,0,0
"median",0.0125070426588733,2,0.0250140853177465,0.1,"gradual","alarm_tuned",100,6.366439610767,0.464767007865079,1.20691370306713,5.30234349323955,18.6501747667837,6.01073931754864,14.22,0.284473641178322
"median",0.0125070426588733,2,0.0250140853177465,0.1,"gradual","always_retrain",100,6.02233509313572,0.0730391357758714,5.19636764313148,5.86700025409244,7.844372931103,1.04453211490416,199,0
"median",0.0125070426588733,2,0.0250140853177465,0.1,"gradual","calendar_tuned",100,3.688045298472,0.147509036624538,2.03197119155037,3.3550903771785,7.32897729341352,2.03711566750073,66,0
"median",0.0125070426588733,2,0.0250140853177465,0.1,"gradual","calendar10",100,6.00437841827371,0.421258210441829,1.39636868804173,4.98629490269919,16.5469757756605,5.52911079723652,19,0
"median",0.0125070426588733,2,0.0250140853177465,0.1,"gradual","cusum_tuned",100,2.81172537009502,0.130304902628999,1.10380001781337,2.6288262820355,5.71979360077319,1.80991125311927,40.05,1.30487624708323
"median",0.0125070426588733,2,0.0250140853177465,0.1,"gradual","debt_threshold_tuned",100,2.66770363826613,0.121891655510398,1.0284592393827,2.45296701636889,5.47282538881501,1.80947037101424,34.31,1.50162840902398
"median",0.0125070426588733,2,0.0250140853177465,0.1,"gradual","debt_utility_tuned",100,3.16200772024167,0.110547814887167,1.80161825498264,2.93652143717573,5.85685818865562,1.46029949607538,68.03,0.767582456992621
"median",0.0125070426588733,2,0.0250140853177465,0.1,"gradual","hybrid_utility_tuned",100,3.02764208601864,0.121919065586692,1.37840912724155,2.77039628446758,5.88477644424774,1.64961612586399,55.09,1.64753228383016
"median",0.0125070426588733,2,0.0250140853177465,0.1,"gradual","never_retrain",100,99.5782908902433,11.9130047619753,2.63945669333486,46.9442067700413,388.882065516609,99.5782908902433,0,0
"median",0.0125070426588733,2,0.0250140853177465,0.1,"none","alarm_tuned",100,0.366883710560193,0.00970608958448046,0.206917952203979,0.349227925368411,0.630902701361411,0.252319199804914,4.58,0.271241068372246
"median",0.0125070426588733,2,0.0250140853177465,0.1,"none","always_retrain",100,5.03107788005005,0.00081819451097201,5.0184227103013,5.03047318516986,5.04780206148399,0.0532749018184896,199,0
"median",0.0125070426588733,2,0.0250140853177465,0.1,"none","calendar_tuned",100,1.72824746262215,0.00131263755569012,1.70778106711317,1.7265774842159,1.76261176810904,0.0773178316508849,66,0
"median",0.0125070426588733,2,0.0250140853177465,0.1,"none","calendar10",100,0.603527538287149,0.00278001619906138,0.559676471894442,0.598638585368444,0.651938796302505,0.128259917249965,19,0
"median",0.0125070426588733,2,0.0250140853177465,0.1,"none","cusum_tuned",100,0.42938776019273,0.00509065673526569,0.326740021769739,0.431328378415343,0.522567846637923,0.141975919891823,11.49,0.137433179355928
"median",0.0125070426588733,2,0.0250140853177465,0.1,"none","debt_threshold_tuned",100,0.436823603005815,0.0174576320668069,0.22318787274875,0.386761566421204,0.867119740974506,0.381542474453595,2.21,0.19137725184894
"median",0.0125070426588733,2,0.0250140853177465,0.1,"none","debt_utility_tuned",100,1.40925060924272,0.0030106757339667,1.35969945991537,1.40600704650831,1.47561140425676,0.0772505660727217,53.25,0.100879966677075
"median",0.0125070426588733,2,0.0250140853177465,0.1,"none","hybrid_utility_tuned",100,0.807666982259845,0.0177027548720011,0.399448447105361,0.805621349927226,1.1284805311054,0.212581892550655,23.79,1.07856011385176
"median",0.0125070426588733,2,0.0250140853177465,0.1,"none","never_retrain",100,0.819081026593297,0.0600397776473974,0.263060355309257,0.618315379111448,2.64785430808929,0.819081026593297,0,0
"median",0.0125070426588733,2,0.0250140853177465,0.1,"variance","alarm_tuned",100,6.05312616520396,0.219999286619662,3.006780574414,5.75553902525287,10.6469649342016,5.67441291349327,15.14,0.125545275345654
"median",0.0125070426588733,2,0.0250140853177465,0.1,"variance","always_retrain",100,5.95863752896061,0.0333403046788316,5.4615357547375,5.92549415536195,6.56897354601904,0.980834550729056,199,0
"median",0.0125070426588733,2,0.0250140853177465,0.1,"variance","calendar_tuned",100,3.59027684280043,0.0699016519784831,2.64131896372021,3.5145880193114,4.97805334406984,1.93934721182916,66,0
"median",0.0125070426588733,2,0.0250140853177465,0.1,"variance","calendar10",100,5.69963357111692,0.193736491182941,2.90116453597699,5.5649109040673,9.60866251341084,5.22436595007974,19,0
"median",0.0125070426588733,2,0.0250140853177465,0.1,"variance","cusum_tuned",100,2.60478123455368,0.0528031599191816,1.73152989395021,2.60250595603411,3.66403240324614,1.72078345942452,35.34,0.454654936310067
"median",0.0125070426588733,2,0.0250140853177465,0.1,"variance","debt_threshold_tuned",100,2.37935570744991,0.0486611474761274,1.59235480187679,2.37301074019135,3.29833000353021,1.543635116984,33.41,0.494636893656
"median",0.0125070426588733,2,0.0250140853177465,0.1,"variance","debt_utility_tuned",100,2.93309977074403,0.0459727251422841,2.19399382119737,2.8991757457472,3.75964731985857,1.25115267397875,67.24,0.298521609795927
"median",0.0125070426588733,2,0.0250140853177465,0.1,"variance","hybrid_utility_tuned",100,3.01037157514916,0.0501611461866907,2.21931896289874,3.0176795005455,3.87893871576339,1.25188137731158,70.3,0.773226220377185
"median",0.0125070426588733,2,0.0250140853177465,0.1,"variance","never_retrain",100,135.628721945368,5.32586994466935,62.3293144275523,128.298774130622,235.420086980599,135.628721945368,0,0
"median",0.0125070426588733,2,0.0250140853177465,0.2,"abrupt_coef","alarm_tuned",100,10.1678971238889,1.31417256417266,0.318045248740956,5.70705314854558,46.9704175297707,9.78993429473772,15.11,0.330562728043736
"median",0.0125070426588733,2,0.0250140853177465,0.2,"abrupt_coef","always_retrain",100,6.62737555791491,0.20816275880223,5.03004373627001,5.8864841427387,12.703838923885,1.64957257968335,199,0
"median",0.0125070426588733,2,0.0250140853177465,0.2,"abrupt_coef","calendar_tuned",100,4.86312012292229,0.410091132986742,1.72348151404574,3.33662723835173,15.611902451887,3.21219049195102,66,0
"median",0.0125070426588733,2,0.0250140853177465,0.2,"abrupt_coef","calendar10",100,9.59666768790613,1.14385588699062,0.604089434793173,5.27504182543071,44.2713551987425,9.12140006686895,19,0
"median",0.0125070426588733,2,0.0250140853177465,0.2,"abrupt_coef","cusum_tuned",100,3.3714457602402,0.270531485498039,0.441852348128866,2.76788260638165,10.4558264406866,2.40214995417752,38.75,1.71872486207512
"median",0.0125070426588733,2,0.0250140853177465,0.2,"abrupt_coef","debt_threshold_tuned",100,3.25609664949736,0.262385963990821,0.435053149017924,2.63311746795929,10.2978743932652,2.37685155057857,35.15,1.91903674279624
"median",0.0125070426588733,2,0.0250140853177465,0.2,"abrupt_coef","debt_utility_tuned",100,3.72441482095728,0.250452320663089,1.39015813621888,2.97651028964317,10.5540836281409,2.03646434371575,67.48,1.00599013991995
"median",0.0125070426588733,2,0.0250140853177465,0.2,"abrupt_coef","hybrid_utility_tuned",100,3.52520828313109,0.259386999552144,0.757461022415074,2.89582688549952,10.4903786275479,2.39857388041978,45.04,1.68839891882544
"median",0.0125070426588733,2,0.0250140853177465,0.2,"abrupt_coef","never_retrain",100,251.400381704941,33.9859507451935,1.16837655147119,130.939711712196,1150.38768915258,251.400381704941,0,0
"median",0.0125070426588733,2,0.0250140853177465,0.2,"gradual","alarm_tuned",100,6.96336073698095,0.536388926743277,1.25911821786966,5.32112142613054,20.8179143952424,6.60490889437764,14.33,0.270074811932553
"median",0.0125070426588733,2,0.0250140853177465,0.2,"gradual","always_retrain",100,6.10240093873503,0.0838742051499333,5.18170840003555,5.83786868642686,8.28194723945947,1.12459796050348,199,0
"median",0.0125070426588733,2,0.0250140853177465,0.2,"gradual","calendar_tuned",100,3.87609461882259,0.169051980913435,2.02284440666423,3.36052932456158,8.16473845102615,2.22516498785132,66,0
"median",0.0125070426588733,2,0.0250140853177465,0.2,"gradual","calendar10",100,6.58607105941763,0.493774317960823,1.39658305678869,4.99372047663037,19.1379228841002,6.11080343838045,19,0
"median",0.0125070426588733,2,0.0250140853177465,0.2,"gradual","cusum_tuned",100,2.98968913850978,0.147103996102915,1.06011648980149,2.66823632178926,6.45138829320945,1.95235502038284,41.47,1.48965828906559
"median",0.0125070426588733,2,0.0250140853177465,0.2,"gradual","debt_threshold_tuned",100,2.86351525574081,0.137818430403167,1.07932189421346,2.49422775587774,6.17763452822461,1.93799409898418,37,1.69628232832089
"median",0.0125070426588733,2,0.0250140853177465,0.2,"gradual","debt_utility_tuned",100,3.29523349456719,0.127088497778827,1.76523041138885,2.97241109431802,6.42794373751723,1.5712627344681,68.92,0.8599600648468
"median",0.0125070426588733,2,0.0250140853177465,0.2,"gradual","hybrid_utility_tuned",100,3.2399705579827,0.14489637767185,1.3214782377374,2.89965243920929,6.55085077536101,1.80816431439489,57.24,1.85658097838283
"median",0.0125070426588733,2,0.0250140853177465,0.2,"gradual","never_retrain",100,120.17340542768,15.9675438080312,4.16489614920632,50.855241795373,479.984687930685,120.17340542768,0,0
"median",0.0125070426588733,2,0.0250140853177465,0.2,"none","alarm_tuned",100,0.391551223576921,0.0154502673971733,0.232649870531779,0.356809817394649,0.773123928714667,0.270232909785851,4.85,0.3066189027362
"median",0.0125070426588733,2,0.0250140853177465,0.2,"none","always_retrain",100,5.03141254556673,0.000944496671952465,5.01451956061084,5.0305327737509,5.05127365520815,0.0536095673351744,199,0
"median",0.0125070426588733,2,0.0250140853177465,0.2,"none","calendar_tuned",100,1.72781319965282,0.00148700330864814,1.70340111303395,1.72656047723886,1.76119524139724,0.0768835686815457,66,0
"median",0.0125070426588733,2,0.0250140853177465,0.2,"none","calendar10",100,0.608111625103878,0.00334178849290266,0.566153200153614,0.599892224296849,0.674643893654875,0.132844004066694,19,0
"median",0.0125070426588733,2,0.0250140853177465,0.2,"none","cusum_tuned",100,0.429389046636769,0.00554850219184197,0.333591584505276,0.425443464318754,0.535441299932126,0.141977206335862,11.49,0.138895353384911
"median",0.0125070426588733,2,0.0250140853177465,0.2,"none","debt_threshold_tuned",100,0.454433368793409,0.0212798902441375,0.191145298291995,0.393676992979424,0.947977557897707,0.396650831709415,2.31,0.19524395514382
"median",0.0125070426588733,2,0.0250140853177465,0.2,"none","debt_utility_tuned",100,1.4113533631659,0.00368432000659152,1.33556621081786,1.41259731886973,1.48498224366789,0.0773521931704805,53.33,0.116389280633848
"median",0.0125070426588733,2,0.0250140853177465,0.2,"none","hybrid_utility_tuned",100,0.818633962586137,0.0178833425469472,0.358595279494798,0.832753951646178,1.12106222837857,0.230302675912738,23.52,1.14083789870039
"median",0.0125070426588733,2,0.0250140853177465,0.2,"none","never_retrain",100,0.923452085937739,0.0660111306286622,0.213988627915989,0.784185305310711,2.46868555094318,0.923452085937739,0,0
"median",0.0125070426588733,2,0.0250140853177465,0.2,"variance","alarm_tuned",100,6.59306988213146,0.237468632873492,2.77273327322395,6.71075968883756,11.0376799569077,6.2186090249248,14.97,0.12098501451574
"median",0.0125070426588733,2,0.0250140853177465,0.2,"variance","always_retrain",100,6.05216489958574,0.0369452423482721,5.45709895251258,6.05620671946638,6.63458623759542,1.07436192135418,199,0
"median",0.0125070426588733,2,0.0250140853177465,0.2,"variance","calendar_tuned",100,3.71650943060751,0.0750217222987496,2.50804191593961,3.75802743788886,5.01839551336527,2.06557979963624,66,0
"median",0.0125070426588733,2,0.0250140853177465,0.2,"variance","calendar10",100,6.17721444834633,0.210378585060145,2.83999030090507,6.21186131621756,10.188325290359,5.70194682730915,19,0
"median",0.0125070426588733,2,0.0250140853177465,0.2,"variance","cusum_tuned",100,2.70463596599692,0.0591063815105935,1.65217258980696,2.74857577625091,3.6025364329208,1.81988776830823,35.37,0.480667675365646
"median",0.0125070426588733,2,0.0250140853177465,0.2,"variance","debt_threshold_tuned",100,2.48931935096232,0.0532196815976505,1.54213688140538,2.5534320355017,3.38129428971753,1.66160326779809,33.09,0.539752094236163
"median",0.0125070426588733,2,0.0250140853177465,0.2,"variance","debt_utility_tuned",100,3.03138249242328,0.0494963572635259,2.17913224550663,3.0502223962354,3.79658815824717,1.34668384627305,67.35,0.3066189027362
"median",0.0125070426588733,2,0.0250140853177465,0.2,"variance","hybrid_utility_tuned",100,3.12928742490244,0.051351575179776,2.20063369628889,3.24020294741365,3.92506603100434,1.34428229662805,71.36,0.617345244992744
"median",0.0125070426588733,2,0.0250140853177465,0.2,"variance","never_retrain",100,156.430612369073,6.01594355271031,61.7561929557651,160.563740151538,255.77425964953,156.430612369073,0,0
"median",0.0125070426588733,4,0.050028170635493,0.02,"abrupt_coef","alarm_tuned",100,11.6935251578833,1.57891352383361,0.363421828272593,4.26619366119565,47.9703932948847,11.0966890822019,11.93,0.468018604482145
"median",0.0125070426588733,4,0.050028170635493,0.02,"abrupt_coef","always_retrain",100,11.8376803923051,0.256209112595761,10.0040934569436,10.6298133032437,18.8479671984625,1.88207443584203,199,0
"median",0.0125070426588733,4,0.050028170635493,0.02,"abrupt_coef","calendar_tuned",100,7.41571252518471,0.748230916763583,2.02511880398596,3.79755403743323,26.5526707217884,5.46461387040048,39,0
"median",0.0125070426588733,4,0.050028170635493,0.02,"abrupt_coef","calendar10",100,11.0407595360183,1.40348418675569,1.05200029681293,4.14080231821255,45.6387187019133,10.090224293944,19,0
"median",0.0125070426588733,4,0.050028170635493,0.02,"abrupt_coef","cusum_tuned",100,4.19984642261745,0.368541139865945,0.516359763903234,2.98808159383426,13.368155290686,2.86409426664979,26.7,1.47247472582106
"median",0.0125070426588733,4,0.050028170635493,0.02,"abrupt_coef","debt_threshold_tuned",100,4.1047457130028,0.344378025366393,0.481249855341406,2.9511019782847,12.5043305565399,2.87855525072686,24.51,1.76706656423131
"median",0.0125070426588733,4,0.050028170635493,0.02,"abrupt_coef","debt_utility_tuned",100,5.02468068171195,0.357613441334922,0.636277760309616,4.37313667330894,12.936699380811,3.41777584089991,32.12,2.21962231749531
"median",0.0125070426588733,4,0.050028170635493,0.02,"abrupt_coef","hybrid_utility_tuned",100,5.39142308560321,0.383529831852633,0.556390447433358,4.98213323597641,14.0554310621722,4.16823431356541,24.45,1.96100237201037
"median",0.0125070426588733,4,0.050028170635493,0.02,"abrupt_coef","never_retrain",100,213.035054428136,33.4351073004974,0.72809535968802,61.0116280204888,1220.89709568141,213.035054428136,0,0
"median",0.0125070426588733,4,0.050028170635493,0.02,"gradual","alarm_tuned",100,5.22309351356155,0.472347466267998,0.637144372652097,3.15765905613257,16.3920023737049,4.63626307200721,11.73,0.388172355761945
"median",0.0125070426588733,4,0.050028170635493,0.02,"gradual","always_retrain",100,10.7576736208081,0.0738243614177301,10.0476609720615,10.4397341386084,12.4154993884901,0.802067664344962,199,0
"median",0.0125070426588733,4,0.050028170635493,0.02,"gradual","calendar_tuned",100,4.28536467775754,0.225654297552234,2.12951791813424,3.24145474521713,9.59857216252714,2.33426602297332,39,0
"median",0.0125070426588733,4,0.050028170635493,0.02,"gradual","calendar10",100,5.21125697516098,0.435236984297254,1.23723333917943,3.33261628915525,15.4230673449674,4.26072173308662,19,0
"median",0.0125070426588733,4,0.050028170635493,0.02,"gradual","cusum_tuned",100,3.00741829376135,0.176237858347159,0.749523802865612,2.37495956817235,6.84618106564865,1.76822050712019,24.77,1.12661601105418
"median",0.0125070426588733,4,0.050028170635493,0.02,"gradual","debt_threshold_tuned",100,3.02731153023337,0.159272435636452,0.489973946394896,2.59963659245923,6.55805381592227,1.9747188200626,21.04,1.4139221186387
"median",0.0125070426588733,4,0.050028170635493,0.02,"gradual","debt_utility_tuned",100,4.71963584605759,0.265107978113363,0.899217534540984,3.97558459900343,11.6608314942141,3.43291129731271,25.72,1.86872613663356
"median",0.0125070426588733,4,0.050028170635493,0.02,"gradual","hybrid_utility_tuned",100,4.59549441931054,0.274291945636867,0.67874273496582,4.09789052215677,11.0961121721913,3.48586959461531,22.18,1.86538809025702
"median",0.0125070426588733,4,0.050028170635493,0.02,"gradual","never_retrain",100,62.2132344755638,9.62419667366507,0.817991474696635,19.2733927136203,331.90948192387,62.2132344755638,0,0
"median",0.0125070426588733,4,0.050028170635493,0.02,"none","alarm_tuned",100,0.485431593518655,0.0120060648097288,0.290899050235645,0.476100897426275,0.76638130091282,0.30933243288172,3.52,0.250042420643402
"median",0.0125070426588733,4,0.050028170635493,0.02,"none","always_retrain",100,10.0079485737319,0.000706961364348141,9.99537289470908,10.0084646001914,10.0224909310096,0.0523426172688275,199,0
"median",0.0125070426588733,4,0.050028170635493,0.02,"none","calendar_tuned",100,2.04597370773372,0.0015419815591692,2.02236537304208,2.04446020883442,2.08265300917378,0.094875052949495,39,0
"median",0.0125070426588733,4,0.050028170635493,0.02,"none","calendar10",100,1.0812679310834,0.00279397316803668,1.03548761297148,1.07780437247138,1.13999108992206,0.130732689009028,19,0
"median",0.0125070426588733,4,0.050028170635493,0.02,"none","cusum_tuned",100,0.552216816137461,0.00746967357087606,0.424431104459807,0.540915184464678,0.706617517418468,0.174003846133134,7.56,0.112204719107081
"median",0.0125070426588733,4,0.050028170635493,0.02,"none","debt_threshold_tuned",100,0.509063387875687,0.0172568236696077,0.243952372712058,0.485941809584495,0.944311075734211,0.434021131922447,1.5,0.125126198921591
"median",0.0125070426588733,4,0.050028170635493,0.02,"none","debt_utility_tuned",100,0.743340742648357,0.0341929275166954,0.293544255977336,0.69067855784994,1.69028443576102,0.570743553955906,3.45,0.264145276832139
"median",0.0125070426588733,4,0.050028170635493,0.02,"none","hybrid_utility_tuned",100,0.71291689156396,0.0332718016885665,0.268578453489727,0.610152319397239,1.48795178624423,0.585845338149807,2.54,0.339167132007722
"median",0.0125070426588733,4,0.050028170635493,0.02,"none","never_retrain",100,0.960623495874141,0.0627027269397995,0.235519535367029,0.797527145687905,2.70619320460349,0.960623495874141,0,0
"median",0.0125070426588733,4,0.050028170635493,0.02,"variance","alarm_tuned",100,6.34046372812387,0.266906029133225,0.314950250701479,6.70463484730793,10.8845890383981,5.70110370740227,12.78,0.36364595946935
"median",0.0125070426588733,4,0.050028170635493,0.02,"variance","always_retrain",100,10.943087878845,0.0428277510135071,10.002960248864,10.9830665068285,11.6124894168271,0.987481922381919,199,0
"median",0.0125070426588733,4,0.050028170635493,0.02,"variance","calendar_tuned",100,4.7884748933905,0.125770414347279,2.04119659434147,4.77861366394403,6.69691301325551,2.83737623860628,39,0
"median",0.0125070426588733,4,0.050028170635493,0.02,"variance","calendar10",100,6.09098432234711,0.23105856393054,1.08553338039284,6.25767023388818,10.200101320531,5.14044908027275,19,0
"median",0.0125070426588733,4,0.050028170635493,0.02,"variance","cusum_tuned",100,3.35548242947351,0.101312029203011,0.523691740490491,3.52857502844849,4.62099646143697,2.05925252830788,25.91,0.606545942034056
"median",0.0125070426588733,4,0.050028170635493,0.02,"variance","debt_threshold_tuned",100,3.16938266426217,0.0886630087204711,0.383738180277588,3.29860824219162,4.17835017206741,1.91117417277952,25.15,0.810458780163084
"median",0.0125070426588733,4,0.050028170635493,0.02,"variance","debt_utility_tuned",100,4.0445387641559,0.144202213086161,0.586391515511642,4.02955447599066,7.87998359116025,2.38860631612109,33.1,1.17150511839439
"median",0.0125070426588733,4,0.050028170635493,0.02,"variance","hybrid_utility_tuned",100,3.93331859643065,0.11202174853681,0.486881962789171,4.11586459558005,5.71919639495559,2.00373205501968,38.57,1.36324442178773
"median",0.0125070426588733,4,0.050028170635493,0.02,"variance","never_retrain",100,111.392438402996,6.51859224575035,0.407579355760456,108.584986888077,226.647308046032,111.392438402996,0,0
"median",0.0125070426588733,4,0.050028170635493,0.05,"abrupt_coef","alarm_tuned",100,12.2079488182818,1.71115176908719,0.503503589368684,5.88742914108913,69.8024615083306,11.5025516123213,14.1,0.389897681475797
"median",0.0125070426588733,4,0.050028170635493,0.05,"abrupt_coef","always_retrain",100,11.9065907996498,0.292390014191168,10.0117998223007,10.8170496339373,21.3127071612936,1.95098484318672,199,0
"median",0.0125070426588733,4,0.050028170635493,0.05,"abrupt_coef","calendar_tuned",100,7.65173929064074,0.845985089114604,2.04745339157666,4.51734261342818,36.163830515457,5.70064063585651,39,0
"median",0.0125070426588733,4,0.050028170635493,0.05,"abrupt_coef","calendar10",100,11.7155577689814,1.68519416400447,1.09359488066466,5.56079839678103,68.7253795271069,10.7650225269071,19,0
"median",0.0125070426588733,4,0.050028170635493,0.05,"abrupt_coef","cusum_tuned",100,4.57997042827778,0.396539800262034,0.568526170547804,3.52424929945492,16.8779236139416,3.12415066278494,29.1,1.42208411576926
"median",0.0125070426588733,4,0.050028170635493,0.05,"abrupt_coef","debt_threshold_tuned",100,4.37487081439087,0.369993428800023,0.573510648945746,3.51102592429487,15.354409874429,2.96157499393819,28.25,1.69165360496525
"median",0.0125070426588733,4,0.050028170635493,0.05,"abrupt_coef","debt_utility_tuned",100,5.14425593802403,0.367485347439862,0.914654328823519,4.09097149038257,15.9174623434206,3.19916066371607,38.88,2.20620245964175
"median",0.0125070426588733,4,0.050028170635493,0.05,"abrupt_coef","hybrid_utility_tuned",100,4.90606498543905,0.369511320107491,0.579463188992773,3.91910939290661,16.0188900781866,3.50277479911348,28.05,1.69553036903596
"median",0.0125070426588733,4,0.050028170635493,0.05,"abrupt_coef","never_retrain",100,266.814577591337,44.7857743281624,0.728153304288974,108.213559824011,1696.90625007198,266.814577591337,0,0
"median",0.0125070426588733,4,0.050028170635493,0.05,"gradual","alarm_tuned",100,6.60305754121681,0.503489402088109,1.25054611359838,5.33036152429935,19.8270641406222,5.94468681565372,13.16,0.275505045875807
"median",0.0125070426588733,4,0.050028170635493,0.05,"gradual","always_retrain",100,10.9745778563387,0.0775766131911767,10.1385499729398,10.7592037283958,13.0465976687621,1.01897189987562,199,0
"median",0.0125070426588733,4,0.050028170635493,0.05,"gradual","calendar_tuned",100,4.94484610361779,0.233579910348491,2.34245706982135,4.32635522190095,10.6343768989309,2.99374744883356,39,0
"median",0.0125070426588733,4,0.050028170635493,0.05,"gradual","calendar10",100,6.398611404999,0.446756225649576,1.60588641554553,5.18391636154374,17.8528908386955,5.44807616292464,19,0
"median",0.0125070426588733,4,0.050028170635493,0.05,"gradual","cusum_tuned",100,3.56028303633405,0.174931935315799,1.19709170863708,3.18398092743876,7.81305002752851,2.15849369512754,28.02,1.09026731964359
"median",0.0125070426588733,4,0.050028170635493,0.05,"gradual","debt_threshold_tuned",100,3.43871872654328,0.165196631178649,1.28834290415308,3.09205731580017,7.53673570050277,2.13148262783784,26.13,1.34612462838755
"median",0.0125070426588733,4,0.050028170635493,0.05,"gradual","debt_utility_tuned",100,4.93289555386094,0.240695344004298,1.7016725824025,4.42116310548113,11.2568852150876,3.28596817654051,32.92,1.82600076338396
"median",0.0125070426588733,4,0.050028170635493,0.05,"gradual","hybrid_utility_tuned",100,4.81372349517345,0.252974551981985,1.93198565123302,4.17888316759209,11.6129703081412,3.36590823698228,28.94,1.76221967467685
"median",0.0125070426588733,4,0.050028170635493,0.05,"gradual","never_retrain",100,89.9487941657175,12.0656392351057,3.49806322070727,35.5015131942626,437.50834656288,89.9487941657175,0,0
"median",0.0125070426588733,4,0.050028170635493,0.05,"none","alarm_tuned",100,0.477114539336951,0.0161075165826316,0.206102911222192,0.45972079409468,0.847125980792246,0.313022139652534,3.28,0.267453384968882
"median",0.0125070426588733,4,0.050028170635493,0.05,"none","always_retrain",100,10.0078012816948,0.000708526330716335,9.99432584697044,10.007984946673,10.0205140407001,0.0521953252317,199,0
"median",0.0125070426588733,4,0.050028170635493,0.05,"none","calendar_tuned",100,2.04129864370954,0.00139554758849941,2.01736495858427,2.04107433897859,2.07404338351805,0.0901999889253113,39,0
"median",0.0125070426588733,4,0.050028170635493,0.05,"none","calendar10",100,1.0731118670257,0.00223613038547648,1.03806401945323,1.0701225124078,1.12893276366086,0.122576624951328,19,0
"median",0.0125070426588733,4,0.050028170635493,0.05,"none","cusum_tuned",100,0.531960694831029,0.00610419785229038,0.419545005000847,0.528209093569483,0.635573327342112,0.166254767485575,7.31,0.0917781690993687
"median",0.0125070426588733,4,0.050028170635493,0.05,"none","debt_threshold_tuned",100,0.496479734807589,0.0219896843489493,0.196448887516291,0.447446111432166,1.09341026295603,0.425439732505188,1.42,0.121588808629077
"median",0.0125070426588733,4,0.050028170635493,0.05,"none","debt_utility_tuned",100,0.71496088268854,0.0306260991729825,0.322228426177401,0.679996516277629,1.50226840935392,0.524353552567311,3.81,0.293600085321871
"median",0.0125070426588733,4,0.050028170635493,0.05,"none","hybrid_utility_tuned",100,0.724858077443919,0.0341281831700466,0.2600977506858,0.670002639051192,1.48636579401653,0.612794975220414,2.24,0.3420437682431
"median",0.0125070426588733,4,0.050028170635493,0.05,"none","never_retrain",100,0.816049463143411,0.047403691924577,0.206000975191563,0.669947434620155,1.85907207963428,0.816049463143411,0,0
"median",0.0125070426588733,4,0.050028170635493,0.05,"variance","alarm_tuned",100,6.5282034156325,0.223974208417443,3.39715016178127,6.11842850285639,11.0367264570105,5.81380113895766,14.28,0.179268998260641
"median",0.0125070426588733,4,0.050028170635493,0.05,"variance","always_retrain",100,10.9756953532221,0.0357194267427761,10.4909084819341,10.906891936447,11.6051558052565,1.02008939675895,199,0
"median",0.0125070426588733,4,0.050028170635493,0.05,"variance","calendar_tuned",100,4.90169042186648,0.104027852734528,3.45905227906372,4.72104549968675,7.00103707590209,2.95059176708225,39,0
"median",0.0125070426588733,4,0.050028170635493,0.05,"variance","calendar10",100,6.34397773883723,0.189416945316571,3.62294387921999,6.14400500498111,10.2052085696527,5.39344249676286,19,0
"median",0.0125070426588733,4,0.050028170635493,0.05,"variance","cusum_tuned",100,3.50350047127167,0.0670209587316077,2.44975706450675,3.48123513127218,4.72482922688252,2.15324014581971,26.99,0.376452070808704
"median",0.0125070426588733,4,0.050028170635493,0.05,"variance","debt_threshold_tuned",100,3.24128451861968,0.0605725496088503,2.30380490810536,3.15962724225301,4.37175234853021,1.8835199675724,27.14,0.460131733442948
"median",0.0125070426588733,4,0.050028170635493,0.05,"variance","debt_utility_tuned",100,3.774195431028,0.0969611699242322,2.60086539792068,3.66808678777111,5.26000985606493,1.91314748338766,37.2,0.701945348818035
"median",0.0125070426588733,4,0.050028170635493,0.05,"variance","hybrid_utility_tuned",100,3.94667939774616,0.0903952447558848,2.7363435106915,3.80436796977243,5.15559957514795,1.82048214573771,42.5,0.829689001002085
"median",0.0125070426588733,4,0.050028170635493,0.05,"variance","never_retrain",100,131.37428565493,5.69447752347956,54.0855287049158,117.112479867126,250.386607225716,131.37428565493,0,0
"median",0.0125070426588733,4,0.050028170635493,0.1,"abrupt_coef","alarm_tuned",100,13.9599152286811,2.03782184636374,0.5420783988534,6.22935788026527,59.3870465347902,13.2265022471648,14.66,0.369334646097656
"median",0.0125070426588733,4,0.050028170635493,0.1,"abrupt_coef","always_retrain",100,12.0516334913002,0.283749131735994,10.0093224011317,10.9285103231951,19.3381945696172,2.09602753483713,199,0
"median",0.0125070426588733,4,0.050028170635493,0.1,"abrupt_coef","calendar_tuned",100,8.53234191261505,1.007221853469,2.05839645258052,4.7124706868452,33.9277639073906,6.58124325783083,39,0
"median",0.0125070426588733,4,0.050028170635493,0.1,"abrupt_coef","calendar10",100,12.397329008881,1.61803523632663,1.09036359724096,6.27466087097346,61.712518172708,11.4467937668066,19,0
"median",0.0125070426588733,4,0.050028170635493,0.1,"abrupt_coef","cusum_tuned",100,4.7881373390985,0.378389881384389,0.5799357683163,3.80148695398166,13.3683566890572,3.29429616392267,29.86,1.39732934304311
"median",0.0125070426588733,4,0.050028170635493,0.1,"abrupt_coef","debt_threshold_tuned",100,4.59712073549287,0.369740313181231,0.454911417169324,3.63641162713756,13.2350031474973,3.08476913718192,30.23,1.68839503013299
"median",0.0125070426588733,4,0.050028170635493,0.1,"abrupt_coef","debt_utility_tuned",100,5.15029609789538,0.363089349467087,1.11843459488599,4.16022616236434,13.6090163851627,3.04360983243477,42.11,2.13682928516515
"median",0.0125070426588733,4,0.050028170635493,0.1,"abrupt_coef","hybrid_utility_tuned",100,5.08069653192885,0.351291622396974,1.14814619714187,4.1972263252187,13.5926068291227,3.60736690671358,29.45,1.65629347665445
"median",0.0125070426588733,4,0.050028170635493,0.1,"abrupt_coef","never_retrain",100,303.801201763386,41.4015494113071,1.2526537405113,133.861168660888,1348.72054298213,303.801201763386,0,0
"median",0.0125070426588733,4,0.050028170635493,0.1,"gradual","alarm_tuned",100,6.72325763575409,0.472186835211345,1.46182136593008,5.58577695260988,19.2525780915338,6.03537028951606,13.75,0.285817982625165
"median",0.0125070426588733,4,0.050028170635493,0.1,"gradual","always_retrain",100,11.0001380713673,0.0730391357758714,10.1741706213631,10.844803232324,12.8221759093345,1.04453211490416,199,0
"median",0.0125070426588733,4,0.050028170635493,0.1,"gradual","calendar_tuned",100,4.98135306065196,0.223213896452446,2.5273221776451,4.3932177606922,10.639198272044,3.03025440586773,39,0
"median",0.0125070426588733,4,0.050028170635493,0.1,"gradual","calendar10",100,6.47964603931089,0.421258210441828,1.87163630907891,5.46156252373638,17.0222433966977,5.52911079723652,19,0
"median",0.0125070426588733,4,0.050028170635493,0.1,"gradual","cusum_tuned",100,3.70940071791914,0.16910956386503,1.40961865901754,3.43945454987597,7.46140620335109,2.23006771222761,29.57,1.04391019003001
"median",0.0125070426588733,4,0.050028170635493,0.1,"gradual","debt_threshold_tuned",100,3.49897428226524,0.158043477353804,1.36676124739663,3.21313975629315,7.13770015507871,2.10018663129686,27.96,1.28494939569422
"median",0.0125070426588733,4,0.050028170635493,0.1,"gradual","debt_utility_tuned",100,4.5549207903084,0.207009893814693,1.93096841786895,4.10795737582971,9.14969593063142,2.77191678885943,35.64,1.69649192408477
"median",0.0125070426588733,4,0.050028170635493,0.1,"gradual","hybrid_utility_tuned",100,4.82028868584937,0.270514027028385,1.95872266437824,4.12863362688398,11.8415251087597,3.33445201797522,29.7,1.77117777398846
"median",0.0125070426588733,4,0.050028170635493,0.1,"gradual","never_retrain",100,99.5782908902433,11.9130047619753,2.63945669333486,46.9442067700413,388.882065516609,99.5782908902433,0,0
"median",0.0125070426588733,4,0.050028170635493,0.1,"none","alarm_tuned",100,0.468718945584756,0.0125440101115372,0.268241080162198,0.470329138487735,0.736944157751393,0.270107108161849,3.97,0.272457947825593
"median",0.0125070426588733,4,0.050028170635493,0.1,"none","always_retrain",100,10.0088808582816,0.000818194510972013,9.99622568853285,10.0082761634014,10.0256050397156,0.0532749018184896,199,0
"median",0.0125070426588733,4,0.050028170635493,0.1,"none","calendar_tuned",100,2.04454879970941,0.00158733561222444,2.01820291722181,2.04354561701901,2.07773778607248,0.0934501449251832,39,0
"median",0.0125070426588733,4,0.050028170635493,0.1,"none","calendar10",100,1.07879515932433,0.00278001619906137,1.03494409293163,1.07390620640563,1.12720641733969,0.128259917249965,19,0
"median",0.0125070426588733,4,0.050028170635493,0.1,"none","cusum_tuned",100,0.539881390941041,0.00716648350201395,0.403081388857378,0.546077078842786,0.688858367258973,0.171173773357457,7.37,0.106035061858964
"median",0.0125070426588733,4,0.050028170635493,0.1,"none","debt_threshold_tuned",100,0.528514221826768,0.0197315659206653,0.257204727056743,0.494200079351498,0.987233487042881,0.459975628056142,1.37,0.143305141695487
"median",0.0125070426588733,4,0.050028170635493,0.1,"none","debt_utility_tuned",100,0.663454362839532,0.0264667979502058,0.246649692543614,0.60899583302081,1.29408928580957,0.503864498512309,3.19,0.269190706309925
"median",0.0125070426588733,4,0.050028170635493,0.1,"none","hybrid_utility_tuned",100,0.66547239696845,0.032976181063646,0.234051402987715,0.603152134932169,1.42028021868427,0.571919717880079,1.87,0.301395743067804
"median",0.0125070426588733,4,0.050028170635493,0.1,"none","never_retrain",100,0.819081026593297,0.0600397776473974,0.263060355309257,0.618315379111448,2.64785430808929,0.819081026593297,0,0
"median",0.0125070426588733,4,0.050028170635493,0.1,"variance","alarm_tuned",100,6.43650973364709,0.218461486510435,3.41059867754109,6.09165350599872,11.0256857035447,5.69659308994814,14.79,0.131268096395557
"median",0.0125070426588733,4,0.050028170635493,0.1,"variance","always_retrain",100,10.9364405071922,0.0333403046788316,10.439338732969,10.9032971335936,11.5467765242506,0.980834550729056,199,0
"median",0.0125070426588733,4,0.050028170635493,0.1,"variance","calendar_tuned",100,4.81629373150697,0.105278416507863,3.26087478491275,4.73656246769423,6.64837539218267,2.86519507672274,39,0
"median",0.0125070426588733,4,0.050028170635493,0.1,"variance","calendar10",100,6.17490119215411,0.193736491182941,3.37643215701417,6.04017852510448,10.083930134448,5.22436595007974,19,0
"median",0.0125070426588733,4,0.050028170635493,0.1,"variance","cusum_tuned",100,3.43389056655795,0.0639200376577835,2.29807163223617,3.38127557447901,4.63636860577833,2.1001395374157,26.66,0.355965041979
"median",0.0125070426588733,4,0.050028170635493,0.1,"variance","debt_threshold_tuned",100,3.18816669957225,0.0609942181010776,2.11936507323886,3.16594571850054,4.26641509782265,1.82990186681861,27.15,0.465881373898393
"median",0.0125070426588733,4,0.050028170635493,0.1,"variance","debt_utility_tuned",100,3.5293354632139,0.0605235579295313,2.40855036357048,3.52332416872899,4.7079183848155,1.67529145946253,37.06,0.561710950506746
"median",0.0125070426588733,4,0.050028170635493,0.1,"variance","hybrid_utility_tuned",100,3.76013592980877,0.066563954921996,2.66903516436706,3.83114304073644,4.88337149331618,1.60992515589528,42.98,0.713078402478162
"median",0.0125070426588733,4,0.050028170635493,0.1,"variance","never_retrain",100,135.628721945368,5.32586994466935,62.3293144275523,128.298774130622,235.420086980599,135.628721945368,0,0
"median",0.0125070426588733,4,0.050028170635493,0.2,"abrupt_coef","alarm_tuned",100,10.3272882361087,1.26339193708578,0.507695640060143,6.08607602991953,39.3721039394722,9.58487018387799,14.84,0.340445341138677
"median",0.0125070426588733,4,0.050028170635493,0.2,"abrupt_coef","always_retrain",100,11.6051785361465,0.20816275880223,10.0078467145015,10.8642871209702,17.6816419021166,1.64957257968335,199,0
"median",0.0125070426588733,4,0.050028170635493,0.2,"abrupt_coef","calendar_tuned",100,6.79243695929169,0.594157542868778,2.04390244867067,4.59274038753481,23.5944827442163,4.84133830450746,39,0
"median",0.0125070426588733,4,0.050028170635493,0.2,"abrupt_coef","calendar10",100,10.0719353089433,1.14385588699062,1.07935705583036,5.75030944646789,44.7466228197797,9.12140006686895,19,0
"median",0.0125070426588733,4,0.050028170635493,0.2,"abrupt_coef","cusum_tuned",100,4.27771952006509,0.313480118742666,0.556768475608985,3.78477642433745,12.1618390416213,2.81139383873879,29.31,1.39317927232947
"median",0.0125070426588733,4,0.050028170635493,0.2,"abrupt_coef","debt_threshold_tuned",100,4.09764289535158,0.301351589399164,0.503488131405447,3.5681153841315,11.7143377419595,2.6333183408507,29.27,1.62821430351837
"median",0.0125070426588733,4,0.050028170635493,0.2,"abrupt_coef","debt_utility_tuned",100,4.56604620677797,0.297563704053329,0.930826391475112,3.91369785738665,12.2111641323783,2.50938811195285,41.11,2.11200967054719
"median",0.0125070426588733,4,0.050028170635493,0.2,"abrupt_coef","hybrid_utility_tuned",100,4.5221205302588,0.29669143051692,0.739218969059467,3.9012572847124,12.0155491750342,3.12883597806031,27.85,1.63221204554315
"median",0.0125070426588733,4,0.050028170635493,0.2,"abrupt_coef","never_retrain",100,251.400381704941,33.9859507451935,1.16837655147119,130.939711712196,1150.38768915258,251.400381704941,0,0
"median",0.0125070426588733,4,0.050028170635493,0.2,"gradual","alarm_tuned",100,7.35644826669049,0.545383624081178,1.67400143577915,5.69854832615678,21.9062125870165,6.65605387779359,14,0.261309831967395
"median",0.0125070426588733,4,0.050028170635493,0.2,"gradual","always_retrain",100,11.0802039169666,0.083874205149933,10.1595113782671,10.8156716646584,13.259750217691,1.12459796050348,199,0
"median",0.0125070426588733,4,0.050028170635493,0.2,"gradual","calendar_tuned",100,5.26037441516833,0.257956577802326,2.50286963501643,4.44226638164487,11.8584978292169,3.3092757603841,39,0
"median",0.0125070426588733,4,0.050028170635493,0.2,"gradual","calendar10",100,7.06133868045482,0.493774317960823,1.87185067782588,5.46898809766755,19.6131905051374,6.11080343838045,19,0
"median",0.0125070426588733,4,0.050028170635493,0.2,"gradual","cusum_tuned",100,3.93784802598642,0.188213142604781,1.43375976264803,3.51102885465246,8.24584923354798,2.40448459600856,30.65,1.17106314470608
"median",0.0125070426588733,4,0.050028170635493,0.2,"gradual","debt_threshold_tuned",100,3.76424408583843,0.174512727258502,1.27745085258452,3.44150930153763,7.79980483690093,2.27740685455157,29.72,1.45789941596487
"median",0.0125070426588733,4,0.050028170635493,0.2,"gradual","debt_utility_tuned",100,4.56349074397265,0.176689947178406,2.07544940467791,4.0706683320368,8.54004042118038,2.61089124406935,39.03,1.84738171256489
"median",0.0125070426588733,4,0.050028170635493,0.2,"gradual","hybrid_utility_tuned",100,4.80681754646855,0.236621183525367,1.79187240960226,4.30105306328812,9.486836490905,3.13337523871131,33.45,1.8794139963555
"median",0.0125070426588733,4,0.050028170635493,0.2,"gradual","never_retrain",100,120.17340542768,15.9675438080312,4.16489614920632,50.855241795373,479.984687930685,120.17340542768,0,0
"median",0.0125070426588733,4,0.050028170635493,0.2,"none","alarm_tuned",100,0.505932191275326,0.0206705633219606,0.272098093151327,0.462794407066079,1.10890572790793,0.311822889209613,3.88,0.264872753898123
"median",0.0125070426588733,4,0.050028170635493,0.2,"none","always_retrain",100,10.0092155237983,0.000944496671952314,9.9923225388424,10.0083357519825,10.0290766334397,0.0536095673351744,199,0
"median",0.0125070426588733,4,0.050028170635493,0.2,"none","calendar_tuned",100,2.04626772972808,0.00195732455926264,2.01790643723002,2.0429156439603,2.09173481845787,0.0951690749438543,39,0
"median",0.0125070426588733,4,0.050028170635493,0.2,"none","calendar10",100,1.08337924614106,0.00334178849290267,1.0414208211908,1.07515984533403,1.14991151469206,0.132844004066694,19,0
"median",0.0125070426588733,4,0.050028170635493,0.2,"none","cusum_tuned",100,0.547354669854646,0.00813049984274694,0.412053121784335,0.54487325792109,0.723072615214595,0.172143390088448,7.5,0.105887304300946
"median",0.0125070426588733,4,0.050028170635493,0.2,"none","debt_threshold_tuned",100,0.5308000012864,0.0245708530173142,0.192970996555066,0.508714104743162,0.981310620587093,0.46076056239671,1.4,0.137068883368468
"median",0.0125070426588733,4,0.050028170635493,0.2,"none","debt_utility_tuned",100,0.705400669619123,0.0307287207616107,0.225364884571427,0.670772738596461,1.32775138461139,0.523298128505928,3.64,0.330448119371195
"median",0.0125070426588733,4,0.050028170635493,0.2,"none","hybrid_utility_tuned",100,0.711494530751866,0.0359301486340158,0.217958270479127,0.663609807608456,1.67118305158374,0.584923259044068,2.53,0.3636112365056
"median",0.0125070426588733,4,0.050028170635493,0.2,"none","never_retrain",100,0.923452085937739,0.0660111306286622,0.213988627915989,0.784185305310711,2.46868555094318,0.923452085937739,0,0
"median",0.0125070426588733,4,0.050028170635493,0.2,"variance","alarm_tuned",100,6.95185032368561,0.232773374441308,3.29101218065074,7.03339953974637,11.7013440429468,6.22093875070106,14.61,0.13095993681468
"median",0.0125070426588733,4,0.050028170635493,0.2,"variance","always_retrain",100,11.0299678778173,0.0369452423482724,10.4349019307441,11.0340096976979,11.612389215827,1.07436192135418,199,0
"median",0.0125070426588733,4,0.050028170635493,0.2,"variance","calendar_tuned",100,5.03166467678553,0.109249799066019,3.30401374284724,5.09023125101534,6.92664340107645,3.0805660220013,39,0
"median",0.0125070426588733,4,0.050028170635493,0.2,"variance","calendar10",100,6.65248206938352,0.210378585060145,3.31525792194225,6.68712893725474,10.6635929113962,5.70194682730915,19,0
"median",0.0125070426588733,4,0.050028170635493,0.2,"variance","cusum_tuned",100,3.52710681347385,0.0720061923697886,2.2715182215166,3.57092664091682,4.66791144274475,2.19585719286338,26.61,0.372785041101017
"median",0.0125070426588733,4,0.050028170635493,0.2,"variance","debt_threshold_tuned",100,3.26536120407953,0.0649985992473972,2.06798009485112,3.32726560919653,4.2846632566878,1.90859721644496,27.12,0.469747406871636
"median",0.0125070426588733,4,0.050028170635493,0.2,"variance","debt_utility_tuned",100,3.64155347062286,0.0684186596146702,2.39268786882857,3.69625480762692,4.83083639641484,1.79351284734775,36.94,0.64366689421398
"median",0.0125070426588733,4,0.050028170635493,0.2,"variance","hybrid_utility_tuned",100,3.89076530963649,0.0676303175671774,2.73938172180263,3.98678942571977,4.96871998386008,1.70703566139722,43.65,0.635224449317012
"median",0.0125070426588733,4,0.050028170635493,0.2,"variance","never_retrain",100,156.430612369073,6.01594355271031,61.7561929557651,160.563740151538,255.77425964953,156.430612369073,0,0
"q75",0.080699258661979,0.1,0.0080699258661979,0.02,"abrupt_coef","alarm_tuned",100,10.8569618997028,1.50421202567049,0.2146680846227,3.66034145592818,49.8968519576756,10.7313131539661,15.57,0.240896893154132
"q75",0.080699258661979,0.1,0.0080699258661979,0.02,"abrupt_coef","always_retrain",100,3.48798968321542,0.256209112595761,1.65440274785389,2.28012259415397,10.4982764893728,1.88207443584203,199,0
"q75",0.080699258661979,0.1,0.0080699258661979,0.02,"abrupt_coef","calendar_tuned",100,3.60079727074114,0.387102354104291,0.856680304451509,1.78659896850861,14.70204569471,2.80187460998755,99,0
"q75",0.080699258661979,0.1,0.0080699258661979,0.02,"abrupt_coef","calendar10",100,10.2435528854017,1.40348418675569,0.254793646196318,3.34359566759593,44.8415120512967,10.090224293944,19,0
"q75",0.080699258661979,0.1,0.0080699258661979,0.02,"abrupt_coef","cusum_tuned",100,2.62527353018932,0.280706485670471,0.247563866996217,1.45947541014011,10.1559207346943,2.21201262658133,51.21,2.29268908322154
"q75",0.080699258661979,0.1,0.0080699258661979,0.02,"abrupt_coef","debt_threshold_tuned",100,2.84714050935096,0.275356150949394,0.29839206577869,1.83851936054691,10.0112298094001,2.60560762817566,29.93,2.07316938843195
"q75",0.080699258661979,0.1,0.0080699258661979,0.02,"abrupt_coef","debt_utility_tuned",100,2.74870217749096,0.288914552491595,0.418772597621868,1.47138709582561,10.3335249576395,2.27080116769472,59.22,1.2090216430376
"q75",0.080699258661979,0.1,0.0080699258661979,0.02,"abrupt_coef","hybrid_utility_tuned",100,2.82210155303256,0.281489646824141,0.457746863088207,1.78746746641716,10.0916952666897,2.31958726934442,62.27,1.66398906124998
"q75",0.080699258661979,0.1,0.0080699258661979,0.02,"abrupt_coef","never_retrain",100,213.035054428136,33.4351073004974,0.72809535968802,61.0116280204888,1220.89709568141,213.035054428136,0,0
"q75",0.080699258661979,0.1,0.0080699258661979,0.02,"gradual","alarm_tuned",100,4.70360269282414,0.470562411523079,0.350094085405477,2.68622834314495,15.6473440482308,4.57884163893272,15.46,0.191970115519383
"q75",0.080699258661979,0.1,0.0080699258661979,0.02,"gradual","always_retrain",100,2.40798291171835,0.0738243614177302,1.69797026297174,2.09004342951859,4.06580867940034,0.802067664344962,199,0
"q75",0.080699258661979,0.1,0.0080699258661979,0.02,"gradual","calendar_tuned",100,1.99064879918218,0.112840307692253,0.919614493590451,1.50550179004522,4.46269539499191,1.19172613842859,99,0
"q75",0.080699258661979,0.1,0.0080699258661979,0.02,"gradual","calendar10",100,4.41405032454437,0.435236984297254,0.440026688562821,2.53540963853864,14.6258606943508,4.26072173308662,19,0
"q75",0.080699258661979,0.1,0.0080699258661979,0.02,"gradual","cusum_tuned",100,1.56398171506143,0.101758870534837,0.347952838406457,1.20289994632341,3.76260810047442,1.16250290321809,49.75,1.76985846606416
"q75",0.080699258661979,0.1,0.0080699258661979,0.02,"gradual","debt_threshold_tuned",100,1.82078443989734,0.101534462917013,0.33180246836234,1.48182479126472,3.94588081447705,1.60297714076865,26.99,1.61679911984742
"q75",0.080699258661979,0.1,0.0080699258661979,0.02,"gradual","debt_utility_tuned",100,1.63225105022065,0.103126331731349,0.509906748017571,1.19482728190285,3.97692579922891,1.16403395146385,58.02,0.885001854703301
"q75",0.080699258661979,0.1,0.0080699258661979,0.02,"gradual","hybrid_utility_tuned",100,1.74426028010454,0.118005002201657,0.54216400041885,1.27818637151782,3.79273273148784,1.22278167063083,64.62,1.8146864381173
"q75",0.080699258661979,0.1,0.0080699258661979,0.02,"gradual","never_retrain",100,62.2132344755638,9.62419667366507,0.817991474696635,19.2733927136203,331.90948192387,62.2132344755638,0,0
"q75",0.080699258661979,0.1,0.0080699258661979,0.02,"none","alarm_tuned",100,0.23997761719769,0.00364720579049575,0.182270509929672,0.237596329054752,0.305208269218197,0.141847318664723,12.16,0.221436996534778
"q75",0.080699258661979,0.1,0.0080699258661979,0.02,"none","always_retrain",100,1.65825786464221,0.000706961364348337,1.64568218561935,1.65877389110169,1.67280022191993,0.0523426172688275,199,0
"q75",0.080699258661979,0.1,0.0080699258661979,0.02,"none","calendar_tuned",100,0.864130600442878,0.000964099548535633,0.845989945820651,0.863450805945745,0.881814949783666,0.0652079396892861,99,0
"q75",0.080699258661979,0.1,0.0080699258661979,0.02,"none","calendar10",100,0.284061280466788,0.00279397316803672,0.238280962354878,0.280597721854766,0.342784439305453,0.130732689009028,19,0
"q75",0.080699258661979,0.1,0.0080699258661979,0.02,"none","cusum_tuned",100,0.278799933456605,0.00277901539248,0.233545012832568,0.275086736989504,0.330175543102296,0.1130436561649,20.54,0.198183671569501
"q75",0.080699258661979,0.1,0.0080699258661979,0.02,"none","debt_threshold_tuned",100,0.391679620711437,0.0164507332288502,0.188045749828936,0.368699877005362,0.783436167121716,0.370859211976646,2.58,0.191316544506794
"q75",0.080699258661979,0.1,0.0080699258661979,0.02,"none","debt_utility_tuned",100,0.437499620485255,0.00163531608275107,0.406758298314364,0.438772549030337,0.470506017503079,0.0793563105433917,44.38,0.117016790645314
"q75",0.080699258661979,0.1,0.0080699258661979,0.02,"none","hybrid_utility_tuned",100,0.46641237438727,0.00539508736136284,0.364465328733445,0.469671578146844,0.55081571321147,0.112707523671816,43.83,0.908996005147293
"q75",0.080699258661979,0.1,0.0080699258661979,0.02,"none","never_retrain",100,0.960623495874141,0.0627027269397995,0.235519535367029,0.797527145687905,2.70619320460349,0.960623495874141,0,0
"q75",0.080699258661979,0.1,0.0080699258661979,0.02,"variance","alarm_tuned",100,5.84526530905399,0.260953304754043,0.245563856593365,5.95057925695518,9.76688407162906,5.71550090112552,16.08,0.151544239632051
"q75",0.080699258661979,0.1,0.0080699258661979,0.02,"variance","always_retrain",100,2.5933971697553,0.0428277510135068,1.65326953977421,2.6333757977388,3.26279870773731,0.987481922381919,199,0
"q75",0.080699258661979,0.1,0.0080699258661979,0.02,"variance","calendar_tuned",100,2.25299291008056,0.0643096280796326,0.86036258970813,2.19354098018364,3.33259730654242,1.45407024932697,99,0
"q75",0.080699258661979,0.1,0.0080699258661979,0.02,"variance","calendar10",100,5.29377767173051,0.23105856393054,0.288326729776229,5.46046358327157,9.40289466991437,5.14044908027275,19,0
"q75",0.080699258661979,0.1,0.0080699258661979,0.02,"variance","cusum_tuned",100,1.7897152077235,0.0600829908100596,0.283617625201853,1.82071446377603,2.57350689932909,1.39251345658924,49.22,0.914703683321997
"q75",0.080699258661979,0.1,0.0080699258661979,0.02,"variance","debt_threshold_tuned",100,1.88759564793404,0.0552219083975731,0.296817999649435,1.97674488728497,2.71143672221204,1.63718584830592,31.03,1.03029416217217
"q75",0.080699258661979,0.1,0.0080699258661979,0.02,"variance","debt_utility_tuned",100,1.78653145565283,0.0557920841367947,0.43339777147322,1.81428093624522,2.56859184712129,1.30741995697666,59.37,0.537982576414193
"q75",0.080699258661979,0.1,0.0080699258661979,0.02,"variance","hybrid_utility_tuned",100,1.8541555924123,0.0539859127823378,0.460111830117584,1.90500363634399,2.61885824874851,1.15642980202083,86.46,1.35172318007629
"q75",0.080699258661979,0.1,0.0080699258661979,0.02,"variance","never_retrain",100,111.392438402996,6.51859224575035,0.407579355760456,108.584986888077,226.647308046032,111.392438402996,0,0
"q75",0.080699258661979,0.1,0.0080699258661979,0.05,"abrupt_coef","alarm_tuned",100,11.8898790610386,1.83065621384366,0.264597651635003,5.3263679326559,72.2527969222073,11.7581778709022,16.32,0.167500942255755
"q75",0.080699258661979,0.1,0.0080699258661979,0.05,"abrupt_coef","always_retrain",100,3.5569000905601,0.292390014191169,1.66210911321101,2.46735892484755,12.9630164522039,1.95098484318672,199,0
"q75",0.080699258661979,0.1,0.0080699258661979,0.05,"abrupt_coef","calendar_tuned",100,3.71293628798573,0.454480222911972,0.86721514302484,2.05622313047706,16.2623348552511,2.91401362723214,99,0
"q75",0.080699258661979,0.1,0.0080699258661979,0.05,"abrupt_coef","calendar10",100,10.9183511183648,1.68519416400447,0.296388230048049,4.76359174616442,67.9281728764903,10.7650225269071,19,0
"q75",0.080699258661979,0.1,0.0080699258661979,0.05,"abrupt_coef","cusum_tuned",100,2.82306993499219,0.320346846024788,0.282259556923483,1.78284727676503,13.6213420090789,2.37639953829814,55.35,2.241634279365
"q75",0.080699258661979,0.1,0.0080699258661979,0.05,"abrupt_coef","debt_threshold_tuned",100,2.94434777897494,0.313668646285995,0.394878562892377,1.94552468743439,12.7568633343924,2.66537044178048,34.57,1.9822574112472
"q75",0.080699258661979,0.1,0.0080699258661979,0.05,"abrupt_coef","debt_utility_tuned",100,2.8873264350962,0.321859659360826,0.436976629725338,1.81016136319628,12.8268988017779,2.39522235577545,60.98,1.17722323518292
"q75",0.080699258661979,0.1,0.0080699258661979,0.05,"abrupt_coef","hybrid_utility_tuned",100,2.96175859469111,0.316173602726272,0.479774277646628,1.96897495162502,12.8695834273846,2.46440906355734,61.63,1.64154737299226
"q75",0.080699258661979,0.1,0.0080699258661979,0.05,"abrupt_coef","never_retrain",100,266.814577591337,44.7857743281624,0.728153304288974,108.213559824011,1696.90625007198,266.814577591337,0,0
"q75",0.080699258661979,0.1,0.0080699258661979,0.05,"gradual","alarm_tuned",100,5.99262130057148,0.49337487740236,0.790412705142369,4.56013323389993,19.1741445245841,5.86196920079774,16.19,0.114322775376112
"q75",0.080699258661979,0.1,0.0080699258661979,0.05,"gradual","always_retrain",100,2.62488714724901,0.0775766131911767,1.78885926385005,2.40951301930611,4.69690695967232,1.01897189987562,199,0
"q75",0.080699258661979,0.1,0.0080699258661979,0.05,"gradual","calendar_tuned",100,2.30632323955378,0.117454318346727,1.06122047593022,1.99593166262762,5.31063319698861,1.50740057880019,99,0
"q75",0.080699258661979,0.1,0.0080699258661979,0.05,"gradual","calendar10",100,5.60140475438239,0.446756225649576,0.808679764928919,4.38670971092712,17.0556841880789,5.44807616292464,19,0
"q75",0.080699258661979,0.1,0.0080699258661979,0.05,"gradual","cusum_tuned",100,1.88094818880457,0.103381761809367,0.611648092566536,1.65888564275824,4.58278348529144,1.43064632547072,55.8,1.75533817858899
"q75",0.080699258661979,0.1,0.0080699258661979,0.05,"gradual","debt_threshold_tuned",100,2.08312766299657,0.103171486675878,0.816821448583409,1.85643183572266,4.80042333284904,1.82206556122507,32.35,1.56826965059256
"q75",0.080699258661979,0.1,0.0080699258661979,0.05,"gradual","debt_utility_tuned",100,1.9531147132693,0.10681722410475,0.676497196021407,1.6859635977048,4.69742791682931,1.46464210058834,60.53,0.899545901153926
"q75",0.080699258661979,0.1,0.0080699258661979,0.05,"gradual","hybrid_utility_tuned",100,1.97499157356841,0.0992715565178851,0.750633083746765,1.75297565593632,4.52813431439705,1.41292123698773,69.65,1.76230880473098
"q75",0.080699258661979,0.1,0.0080699258661979,0.05,"gradual","never_retrain",100,89.9487941657175,12.0656392351057,3.49806322070727,35.5015131942626,437.50834656288,89.9487941657175,0,0
"q75",0.080699258661979,0.1,0.0080699258661979,0.05,"none","alarm_tuned",100,0.234874591040546,0.00321235055168365,0.172673722027062,0.233776680708709,0.288983653420371,0.136905691024904,12.14,0.217432213981203
"q75",0.080699258661979,0.1,0.0080699258661979,0.05,"none","always_retrain",100,1.65811057260508,0.000708526330716436,1.64463513788071,1.6582942375832,1.67082333161042,0.0521953252317,199,0
"q75",0.080699258661979,0.1,0.0080699258661979,0.05,"none","calendar_tuned",100,0.862255691413556,0.000936522534203728,0.846816611788676,0.861146746216113,0.882438251270501,0.0633330306599636,99,0
"q75",0.080699258661979,0.1,0.0080699258661979,0.05,"none","calendar10",100,0.275905216409088,0.00223613038547652,0.240857368836628,0.272915861791191,0.331726113044252,0.122576624951328,19,0
"q75",0.080699258661979,0.1,0.0080699258661979,0.05,"none","cusum_tuned",100,0.273604437085747,0.00258983580206551,0.225279944503195,0.272191275012458,0.328992527360196,0.109462144967282,20.34,0.200615215391218
"q75",0.080699258661979,0.1,0.0080699258661979,0.05,"none","debt_threshold_tuned",100,0.400465038328682,0.0190524281603062,0.185199697987801,0.359121303921689,0.924800013023872,0.381097216249807,2.4,0.189096736506942
"q75",0.080699258661979,0.1,0.0080699258661979,0.05,"none","debt_utility_tuned",100,0.434792884248841,0.00170273704148789,0.405106396883816,0.434412573630822,0.470729490926794,0.0784249579975412,44.16,0.135378257956264
"q75",0.080699258661979,0.1,0.0080699258661979,0.05,"none","hybrid_utility_tuned",100,0.47640965236302,0.0081540859515798,0.379300594333948,0.461979504162647,0.71898739500707,0.140297240035878,41.65,1.24765436485487
"q75",0.080699258661979,0.1,0.0080699258661979,0.05,"none","never_retrain",100,0.816049463143411,0.047403691924577,0.206000975191563,0.669947434620155,1.85907207963428,0.816049463143411,0,0
"q75",0.080699258661979,0.1,0.0080699258661979,0.05,"variance","alarm_tuned",100,6.01906196115574,0.221876664638052,3.12241517461567,5.28633379410222,10.898679358407,5.88590818436348,16.5,0.130654915983698
"q75",0.080699258661979,0.1,0.0080699258661979,0.05,"variance","always_retrain",100,2.62600464413233,0.0357194267427762,2.14121777284438,2.55720122735722,3.25546509616672,1.02008939675895,199,0
"q75",0.080699258661979,0.1,0.0080699258661979,0.05,"variance","calendar_tuned",100,2.30854992167748,0.0532392643788824,1.5481860426808,2.16273425224141,3.23780756548459,1.50962726092389,99,0
"q75",0.080699258661979,0.1,0.0080699258661979,0.05,"variance","calendar10",100,5.54677108822062,0.189416945316571,2.82573722860338,5.3467983543645,9.40800191903613,5.39344249676286,19,0
"q75",0.080699258661979,0.1,0.0080699258661979,0.05,"variance","cusum_tuned",100,1.85925636856025,0.043659359381187,1.16472939102133,1.75471940148064,2.69140987612241,1.45003042788535,50.71,0.608408256075315
"q75",0.080699258661979,0.1,0.0080699258661979,0.05,"variance","debt_threshold_tuned",100,1.89350841823176,0.0420642506587477,1.21106689050088,1.85069668300901,2.70615401098004,1.6213098187649,33.73,0.558471036840675
"q75",0.080699258661979,0.1,0.0080699258661979,0.05,"variance","debt_utility_tuned",100,1.84027541640161,0.0430159340835036,1.19991968792161,1.74640373496386,2.61465091463426,1.35438517999783,60.21,0.325140218392252
"q75",0.080699258661979,0.1,0.0080699258661979,0.05,"variance","hybrid_utility_tuned",100,1.93365943246976,0.0405960344425356,1.29266855665738,1.86644307717429,2.70432809623634,1.19881198309378,91.06,0.88498359283998
"q75",0.080699258661979,0.1,0.0080699258661979,0.05,"variance","never_retrain",100,131.37428565493,5.69447752347956,54.0855287049158,117.112479867126,250.386607225716,131.37428565493,0,0
"q75",0.080699258661979,0.1,0.0080699258661979,0.1,"abrupt_coef","alarm_tuned",100,12.448670794963,1.75802989893811,0.245063779759715,5.9511097751013,49.8750296053265,12.3144679278082,16.63,0.169166106880698
"q75",0.080699258661979,0.1,0.0080699258661979,0.1,"abrupt_coef","always_retrain",100,3.70194278221051,0.283749131735994,1.65963169204198,2.57881961410541,10.9885038605274,2.09602753483713,199,0
"q75",0.080699258661979,0.1,0.0080699258661979,0.1,"abrupt_coef","calendar_tuned",100,3.87140638451632,0.400208016626224,0.865649256928728,2.24907619417374,15.4033521413698,3.07248372376272,99,0
"q75",0.080699258661979,0.1,0.0080699258661979,0.1,"abrupt_coef","calendar10",100,11.6001223582644,1.61803523632663,0.29315694662435,5.47745422035685,60.9153115220914,11.4467937668066,19,0
"q75",0.080699258661979,0.1,0.0080699258661979,0.1,"abrupt_coef","cusum_tuned",100,2.97561923934024,0.308728802514027,0.286410995649782,2.00510376323103,10.6307490605862,2.51313178794844,57.31,2.24372053032052
"q75",0.080699258661979,0.1,0.0080699258661979,0.1,"abrupt_coef","debt_threshold_tuned",100,3.10503014847207,0.30309669795861,0.331287887008684,2.0462564704816,10.6070414671503,2.81047785435584,36.5,1.94128458979766
"q75",0.080699258661979,0.1,0.0080699258661979,0.1,"abrupt_coef","debt_utility_tuned",100,3.04624682664151,0.311146121767869,0.444008584306046,1.94413831994161,10.814056321593,2.54744470885182,61.81,1.17350334512097
"q75",0.080699258661979,0.1,0.0080699258661979,0.1,"abrupt_coef","hybrid_utility_tuned",100,3.11772837286144,0.308040398750588,0.458469864005204,2.07740145286748,10.9755826478498,2.62965925647379,60.48,1.3585107710841
"q75",0.080699258661979,0.1,0.0080699258661979,0.1,"abrupt_coef","never_retrain",100,303.801201763386,41.4015494113071,1.2526537405113,133.861168660888,1348.72054298213,303.801201763386,0,0
"q75",0.080699258661979,0.1,0.0080699258661979,0.1,"gradual","alarm_tuned",100,6.16357076685596,0.471305937238331,1.05940483292901,4.91447686084324,18.0604696771017,6.03235377227158,16.26,0.124413776884989
"q75",0.080699258661979,0.1,0.0080699258661979,0.1,"gradual","always_retrain",100,2.65044736227754,0.0730391357758714,1.82447991227331,2.49511252323427,4.47248520024483,1.04453211490416,199,0
"q75",0.080699258661979,0.1,0.0080699258661979,0.1,"gradual","calendar_tuned",100,2.34432180196131,0.110029321334323,1.09506194922792,2.08515650141423,5.16428034224849,1.54539914120772,99,0
"q75",0.080699258661979,0.1,0.0080699258661979,0.1,"gradual","calendar10",100,5.68243938869428,0.421258210441828,1.0744296584623,4.66435587311977,16.2250367460811,5.52911079723652,19,0
"q75",0.080699258661979,0.1,0.0080699258661979,0.1,"gradual","cusum_tuned",100,1.94058545334104,0.0985759089219555,0.727620290231313,1.76233182530459,4.30402950992602,1.47438583605079,57.77,1.62162501114397
"q75",0.080699258661979,0.1,0.0080699258661979,0.1,"gradual","debt_threshold_tuned",100,2.08634952748349,0.0979174205577514,0.781498115376378,1.90258304049466,4.38085501423105,1.80947037101424,34.31,1.50162840902398
"q75",0.080699258661979,0.1,0.0080699258661979,0.1,"gradual","debt_utility_tuned",100,2.00337350776369,0.102015847921167,0.757974046831877,1.78648402953017,4.5261806182228,1.50771866106181,61.42,0.839574206657666
"q75",0.080699258661979,0.1,0.0080699258661979,0.1,"gradual","hybrid_utility_tuned",100,2.02782185713649,0.0930881391989787,0.87152808605677,1.8376590053999,4.23314744987201,1.45687460210299,70.75,1.64693624342261
"q75",0.080699258661979,0.1,0.0080699258661979,0.1,"gradual","never_retrain",100,99.5782908902433,11.9130047619753,2.63945669333486,46.9442067700413,388.882065516609,99.5782908902433,0,0
"q75",0.080699258661979,0.1,0.0080699258661979,0.1,"none","alarm_tuned",100,0.238303338675131,0.0034898788860705,0.177224354501322,0.231840223589124,0.317954924615592,0.143885206040616,11.7,0.307646655509961
"q75",0.080699258661979,0.1,0.0080699258661979,0.1,"none","always_retrain",100,1.65919014919187,0.000818194510972038,1.64653497944312,1.65858545431169,1.67591433062581,0.0532749018184896,199,0
"q75",0.080699258661979,0.1,0.0080699258661979,0.1,"none","calendar_tuned",100,0.86517537452892,0.00102750319864121,0.847559342842888,0.864349177938779,0.889236583840883,0.0662527137753277,99,0
"q75",0.080699258661979,0.1,0.0080699258661979,0.1,"none","calendar10",100,0.281588508707725,0.00278001619906137,0.237737442315019,0.276699555789021,0.329999766723081,0.128259917249965,19,0
"q75",0.080699258661979,0.1,0.0080699258661979,0.1,"none","cusum_tuned",100,0.276469598144137,0.00283183787147859,0.224163582105411,0.275575479351767,0.332112981587865,0.113618494164264,20.18,0.223100285463146
"q75",0.080699258661979,0.1,0.0080699258661979,0.1,"none","debt_threshold_tuned",100,0.399377010617893,0.0179561898753582,0.203953721329991,0.343312522663856,0.857595315742066,0.381542474453595,2.21,0.19137725184894
"q75",0.080699258661979,0.1,0.0080699258661979,0.1,"none","debt_utility_tuned",100,0.436311215210601,0.0016732409930273,0.406703207260273,0.436075440937169,0.470561768220289,0.081073078580569,44.02,0.113689280608387
"q75",0.080699258661979,0.1,0.0080699258661979,0.1,"none","hybrid_utility_tuned",100,0.458111802109058,0.00620030611281318,0.345149195362338,0.458038420557417,0.548194975133429,0.114817155761,42.54,0.907256937981271
"q75",0.080699258661979,0.1,0.0080699258661979,0.1,"none","never_retrain",100,0.819081026593297,0.0600397776473974,0.263060355309257,0.618315379111448,2.64785430808929,0.819081026593297,0,0
"q75",0.080699258661979,0.1,0.0080699258661979,0.1,"variance","alarm_tuned",100,5.66606635448736,0.199526538939551,2.76456715038584,5.48795987656276,9.70717899402055,5.53186348733249,16.63,0.0824559876478955
"q75",0.080699258661979,0.1,0.0080699258661979,0.1,"variance","always_retrain",100,2.58674979810244,0.0333403046788317,2.08964802387932,2.55360642450378,3.19708581516087,0.980834550729056,199,0
"q75",0.080699258661979,0.1,0.0080699258661979,0.1,"variance","calendar_tuned",100,2.24281673323579,0.0507048290856072,1.52104524233915,2.18634395450021,3.14405887611123,1.4438940724822,99,0
"q75",0.080699258661979,0.1,0.0080699258661979,0.1,"variance","calendar10",100,5.3776945415375,0.193736491182941,2.57922550639757,5.24297187448787,9.28672348383142,5.22436595007974,19,0
"q75",0.080699258661979,0.1,0.0080699258661979,0.1,"variance","cusum_tuned",100,1.80731682248379,0.0429619565519501,1.10218734003803,1.80064625367172,2.59710402804537,1.40712919877904,49.59,0.591709558837951
"q75",0.080699258661979,0.1,0.0080699258661979,0.1,"variance","debt_threshold_tuned",100,1.81325134017367,0.0414270403244071,1.13655691263013,1.79315162043617,2.62019049190713,1.543635116984,33.41,0.494636893656
"q75",0.080699258661979,0.1,0.0080699258661979,0.1,"variance","debt_utility_tuned",100,1.77334939968092,0.0429991690823645,1.1096285892975,1.72451799679998,2.56797028203075,1.28858895289841,60.07,0.31018241618946
"q75",0.080699258661979,0.1,0.0080699258661979,0.1,"variance","hybrid_utility_tuned",100,1.88591397389054,0.0389594342348446,1.29052829389959,1.87121016674122,2.59843777179791,1.16155742814061,89.76,0.808680181755208
"q75",0.080699258661979,0.1,0.0080699258661979,0.1,"variance","never_retrain",100,135.628721945368,5.32586994466935,62.3293144275523,128.298774130622,235.420086980599,135.628721945368,0,0
"q75",0.080699258661979,0.1,0.0080699258661979,0.2,"abrupt_coef","alarm_tuned",100,10.0687274834681,1.32103954799488,0.236939484554483,5.23677361969815,43.3072046918921,9.93258783410531,16.87,0.136074103400175
"q75",0.080699258661979,0.1,0.0080699258661979,0.2,"abrupt_coef","always_retrain",100,3.25548782705674,0.20816275880223,1.65815600541183,2.51459641188053,9.33195119302681,1.64957257968335,199,0
"q75",0.080699258661979,0.1,0.0080699258661979,0.2,"abrupt_coef","calendar_tuned",100,3.25242855004495,0.306694656460262,0.862536829510225,2.1477454328278,12.3004495053183,2.45350588929136,99,0
"q75",0.080699258661979,0.1,0.0080699258661979,0.2,"abrupt_coef","calendar10",100,9.27472865832671,1.14385588699062,0.282150405213749,4.95310279585128,43.9494161691631,9.12140006686895,19,0
"q75",0.080699258661979,0.1,0.0080699258661979,0.2,"abrupt_coef","cusum_tuned",100,2.5232353350462,0.234308918660608,0.256398783486655,1.8690351465592,8.91790003641099,2.06938270433123,56.24,2.26283633584674
"q75",0.080699258661979,0.1,0.0080699258661979,0.2,"abrupt_coef","debt_threshold_tuned",100,2.66050944477543,0.234949897040122,0.393116354375341,1.98543894753695,9.16896976980575,2.37685155057857,35.15,1.91903674279624
"q75",0.080699258661979,0.1,0.0080699258661979,0.2,"abrupt_coef","debt_utility_tuned",100,2.58028312615239,0.240164864135991,0.438416492475921,1.80612802786676,9.16950656301796,2.08672646017572,61.16,1.17513979396221
"q75",0.080699258661979,0.1,0.0080699258661979,0.2,"abrupt_coef","hybrid_utility_tuned",100,2.65851959598228,0.235258194481968,0.454663264208839,1.98546818927368,9.30119519562216,2.19119018907076,57.91,1.47354413684569
"q75",0.080699258661979,0.1,0.0080699258661979,0.2,"abrupt_coef","never_retrain",100,251.400381704941,33.9859507451935,1.16837655147119,130.939711712196,1150.38768915258,251.400381704941,0,0
"q75",0.080699258661979,0.1,0.0080699258661979,0.2,"gradual","alarm_tuned",100,6.70286554904402,0.534328089589348,1.10442449299576,5.04898252677784,20.116080468372,6.57059946409704,16.39,0.117116017760858
"q75",0.080699258661979,0.1,0.0080699258661979,0.2,"gradual","always_retrain",100,2.73051320787686,0.0838742051499334,1.80982066917738,2.46598095556868,4.9100595086013,1.12459796050348,199,0
"q75",0.080699258661979,0.1,0.0080699258661979,0.2,"gradual","calendar_tuned",100,2.48497458847257,0.127287595864395,1.08365780036138,2.07087374940062,5.69764108448001,1.68605192771898,99,0
"q75",0.080699258661979,0.1,0.0080699258661979,0.2,"gradual","calendar10",100,6.26413202983821,0.493774317960823,1.07464402720927,4.67178144705094,18.8159838545208,6.11080343838045,19,0
"q75",0.080699258661979,0.1,0.0080699258661979,0.2,"gradual","cusum_tuned",100,2.0650017547756,0.11069502846603,0.7101285346429,1.80098583505852,4.74438709427198,1.58266228575295,59.77,1.87238598930063
"q75",0.080699258661979,0.1,0.0080699258661979,0.2,"gradual","debt_threshold_tuned",100,2.23658135603351,0.111535829673692,0.86827563213142,1.91812633452508,4.97459920716466,1.93799409898418,37,1.69628232832089
"q75",0.080699258661979,0.1,0.0080699258661979,0.2,"gradual","debt_utility_tuned",100,2.12426858468884,0.115939548614884,0.756805545802665,1.82518136014695,5.0213474699399,1.61957542101683,62.54,0.946809634957569
"q75",0.080699258661979,0.1,0.0080699258661979,0.2,"gradual","hybrid_utility_tuned",100,2.14054383018786,0.104648802710835,0.824451072081449,1.87040935711914,4.64616661491112,1.54958315900619,73.23,1.79634055622518
"q75",0.080699258661979,0.1,0.0080699258661979,0.2,"gradual","never_retrain",100,120.17340542768,15.9675438080312,4.16489614920632,50.855241795373,479.984687930685,120.17340542768,0,0
"q75",0.080699258661979,0.1,0.0080699258661979,0.2,"none","alarm_tuned",100,0.241244337035143,0.00414170552048205,0.179685406631979,0.233301014347216,0.329449994445526,0.1375457896545,12.85,0.188226706206354
"q75",0.080699258661979,0.1,0.0080699258661979,0.2,"none","always_retrain",100,1.65952481470856,0.000944496671952454,1.64263182975267,1.65864504289272,1.67938592434997,0.0536095673351744,199,0
"q75",0.080699258661979,0.1,0.0080699258661979,0.2,"none","calendar_tuned",100,0.865421388092936,0.00119729292442964,0.847352572068001,0.86368670256367,0.890440998850968,0.0664987273393442,99,0
"q75",0.080699258661979,0.1,0.0080699258661979,0.2,"none","calendar10",100,0.286172595524455,0.00334178849290267,0.24421417057419,0.277953194717426,0.352704864075452,0.132844004066694,19,0
"q75",0.080699258661979,0.1,0.0080699258661979,0.2,"none","cusum_tuned",100,0.277288654863828,0.00342780809065702,0.215357417041239,0.278213800357721,0.351620317621587,0.113711257555997,20.27,0.221042068302837
"q75",0.080699258661979,0.1,0.0080699258661979,0.2,"none","debt_threshold_tuned",100,0.415292360460332,0.0218441046339689,0.176669112422481,0.342285248981899,0.947977557897707,0.396650831709415,2.31,0.19524395514382
"q75",0.080699258661979,0.1,0.0080699258661979,0.2,"none","debt_utility_tuned",100,0.436300030709865,0.00210892424830904,0.402058098915862,0.434702992815504,0.481225192423332,0.0800935029758895,44.14,0.14
"q75",0.080699258661979,0.1,0.0080699258661979,0.2,"none","hybrid_utility_tuned",100,0.473582892913475,0.00706275166999884,0.368016250566269,0.467885603559694,0.596887914022756,0.12964265249612,42.62,1.05263306219991
"q75",0.080699258661979,0.1,0.0080699258661979,0.2,"none","never_retrain",100,0.923452085937739,0.0660111306286622,0.213988627915989,0.784185305310711,2.46868555094318,0.923452085937739,0,0
"q75",0.080699258661979,0.1,0.0080699258661979,0.2,"variance","alarm_tuned",100,6.39024930112025,0.234829038469831,2.46687913875309,6.58788963991848,9.89317470007989,6.25693412581066,16.52,0.0758520622892704
"q75",0.080699258661979,0.1,0.0080699258661979,0.2,"variance","always_retrain",100,2.68027716872757,0.0369452423482721,2.08521122165441,2.68431898860821,3.26269850673725,1.07436192135418,199,0
"q75",0.080699258661979,0.1,0.0080699258661979,0.2,"variance","calendar_tuned",100,2.3921376570593,0.0558033826529884,1.49002863527565,2.42855407078887,3.39720930684574,1.59321499630571,99,0
"q75",0.080699258661979,0.1,0.0080699258661979,0.2,"variance","calendar10",100,5.85527541876691,0.210378585060145,2.51805127132565,5.88992228663813,9.86638626077958,5.70194682730915,19,0
"q75",0.080699258661979,0.1,0.0080699258661979,0.2,"variance","cusum_tuned",100,1.9028891756924,0.0478439364592625,1.08891100544439,1.91645570160947,2.7233495120285,1.50520322900617,49.28,0.531831218004777
"q75",0.080699258661979,0.1,0.0080699258661979,0.2,"variance","debt_threshold_tuned",100,1.92863711471058,0.0453471152565152,1.17104347988485,1.98792771584629,2.75281895861664,1.66160326779809,33.09,0.539752094236163
"q75",0.080699258661979,0.1,0.0080699258661979,0.2,"variance","debt_utility_tuned",100,1.86801560370395,0.0464905178449296,1.10107260937337,1.89298086922619,2.6448891011573,1.38349725469743,60.04,0.35870699333956
"q75",0.080699258661979,0.1,0.0080699258661979,0.2,"variance","hybrid_utility_tuned",100,1.9871598595432,0.0420458816538126,1.29012981948917,2.04061279052172,2.62519354469947,1.2565894708763,90.53,0.691427304329036
"q75",0.080699258661979,0.1,0.0080699258661979,0.2,"variance","never_retrain",100,156.430612369073,6.01594355271031,61.7561929557651,160.563740151538,255.77425964953,156.430612369073,0,0
"q75",0.080699258661979,0.25,0.0201748146654948,0.02,"abrupt_coef","alarm_tuned",100,11.0454350183078,1.50514376699721,0.339448117441429,3.86612456551622,50.1089901338833,10.7313131539661,15.57,0.240896893154132
"q75",0.080699258661979,0.25,0.0201748146654948,0.02,"abrupt_coef","always_retrain",100,5.89686255427549,0.256209112595761,4.06327561891396,4.68899546521405,12.9071493604329,1.88207443584203,199,0
"q75",0.080699258661979,0.25,0.0201748146654948,0.02,"abrupt_coef","calendar_tuned",100,5.0073426834885,0.50508325911181,1.39769295446451,2.55747334261891,18.1755188247348,3.67580491556585,66,0
"q75",0.080699258661979,0.25,0.0201748146654948,0.02,"abrupt_coef","calendar10",100,10.4735457725884,1.40348418675569,0.484786533382958,3.57358855478257,45.0715049384834,10.090224293944,19,0
"q75",0.080699258661979,0.25,0.0201748146654948,0.02,"abrupt_coef","cusum_tuned",100,3.22866472843117,0.312633910287958,0.355691850092923,2.05917711510248,11.3852982839866,2.50781860043305,35.73,1.81157083463189
"q75",0.080699258661979,0.25,0.0201748146654948,0.02,"abrupt_coef","debt_threshold_tuned",100,3.20943983111392,0.296199609050386,0.341061798796212,2.13736224944653,10.7547726038968,2.60560762817566,29.93,2.07316938843195
"q75",0.080699258661979,0.25,0.0201748146654948,0.02,"abrupt_coef","debt_utility_tuned",100,3.92363591273172,0.320624918298685,0.491599491255226,2.88659847545347,12.017546132826,3.18967615520102,36.38,2.3817818641691
"q75",0.080699258661979,0.25,0.0201748146654948,0.02,"abrupt_coef","hybrid_utility_tuned",100,3.5156155190871,0.309609948963469,0.547505795205207,2.49266193824856,11.0033088517199,2.62873066639195,43.96,1.92090677240798
"q75",0.080699258661979,0.25,0.0201748146654948,0.02,"abrupt_coef","never_retrain",100,213.035054428136,33.4351073004974,0.72809535968802,61.0116280204888,1220.89709568141,213.035054428136,0,0
"q75",0.080699258661979,0.25,0.0201748146654948,0.02,"gradual","alarm_tuned",100,4.89074427366127,0.4714391853789,0.473563951158304,2.86174923073476,15.8404170245795,4.57884163893272,15.46,0.191970115519383
"q75",0.080699258661979,0.25,0.0201748146654948,0.02,"gradual","always_retrain",100,4.81685578277842,0.0738243614177301,4.10684313403181,4.49891630057867,6.47468155046042,0.802067664344962,199,0
"q75",0.080699258661979,0.25,0.0201748146654948,0.02,"gradual","calendar_tuned",100,2.89168100136749,0.147677729629429,1.46547257713051,2.27397803643994,6.22991014085369,1.56014323344483,66,0
"q75",0.080699258661979,0.25,0.0201748146654948,0.02,"gradual","calendar10",100,4.64404321173102,0.435236984297254,0.670019575749462,2.76540252572528,14.8558535815375,4.26072173308662,19,0
"q75",0.080699258661979,0.25,0.0201748146654948,0.02,"gradual","cusum_tuned",100,2.11694050809347,0.129228836160016,0.498598660624192,1.68448358166295,4.9508214706206,1.43725100201296,33.69,1.4112602720815
"q75",0.080699258661979,0.25,0.0201748146654948,0.02,"gradual","debt_threshold_tuned",100,2.14749538859036,0.118061897539194,0.357222734840863,1.69241925675695,4.67976375555099,1.60297714076865,26.99,1.61679911984742
"q75",0.080699258661979,0.25,0.0201748146654948,0.02,"gradual","debt_utility_tuned",100,3.4324510386897,0.217550250496735,0.742256795008949,2.75713165010982,9.56423550259933,2.79351465823348,31.67,2.00907310655306
"q75",0.080699258661979,0.25,0.0201748146654948,0.02,"gradual","hybrid_utility_tuned",100,2.38720351403218,0.136187799673539,0.806652376990084,1.93647666142858,5.11456722138275,1.47146867636537,45.39,1.8714168456282
"q75",0.080699258661979,0.25,0.0201748146654948,0.02,"gradual","never_retrain",100,62.2132344755638,9.62419667366507,0.817991474696635,19.2733927136203,331.90948192387,62.2132344755638,0,0
"q75",0.080699258661979,0.25,0.0201748146654948,0.02,"none","alarm_tuned",100,0.387173064997139,0.00537744899262863,0.279124365580716,0.38752898583305,0.476561259756193,0.141847318664723,12.16,0.221436996534778
"q75",0.080699258661979,0.25,0.0201748146654948,0.02,"none","always_retrain",100,4.06713073570228,0.000706961364348323,4.05455505667943,4.06764676216176,4.08167309298001,0.0523426172688275,199,0
"q75",0.080699258661979,0.25,0.0201748146654948,0.02,"none","calendar_tuned",100,1.40642521021258,0.00108853570225506,1.38816466234174,1.40491559528917,1.427063034222,0.0748874422899237,66,0
"q75",0.080699258661979,0.25,0.0201748146654948,0.02,"none","calendar10",100,0.514054167653428,0.00279397316803671,0.468273849541518,0.510590609041406,0.572777326492094,0.130732689009028,19,0
"q75",0.080699258661979,0.25,0.0201748146654948,0.02,"none","cusum_tuned",100,0.377799796371751,0.00387791317931523,0.308915729072597,0.375484157413671,0.461276876772223,0.142561457372082,11.66,0.134254394431774
"q75",0.080699258661979,0.25,0.0201748146654948,0.02,"none","debt_threshold_tuned",100,0.422910233813623,0.015530980600297,0.22529271906726,0.388248851568051,0.783436167121716,0.370859211976646,2.58,0.191316544506794
"q75",0.080699258661979,0.25,0.0201748146654948,0.02,"none","debt_utility_tuned",100,0.597760281544524,0.0299300195670718,0.259505874546247,0.532897784393979,1.36148937323661,0.482763837951204,5.7,0.406139748054158
"q75",0.080699258661979,0.25,0.0201748146654948,0.02,"none","hybrid_utility_tuned",100,0.647860931752398,0.0157952082397936,0.372224138933586,0.633647497706115,0.97611947560937,0.269583156774371,18.75,1.13461380427372
"q75",0.080699258661979,0.25,0.0201748146654948,0.02,"none","never_retrain",100,0.960623495874141,0.0627027269397995,0.235519535367029,0.797527145687905,2.70619320460349,0.960623495874141,0,0
"q75",0.080699258661979,0.25,0.0201748146654948,0.02,"variance","alarm_tuned",100,6.03991192094668,0.261711932788569,0.40926333475641,6.15636236654323,9.96116753685778,5.71550090112552,16.08,0.151544239632051
"q75",0.080699258661979,0.25,0.0201748146654948,0.02,"variance","always_retrain",100,5.00227004081538,0.0428277510135068,4.06214241083428,5.04224866879887,5.67167157879738,0.987481922381919,199,0
"q75",0.080699258661979,0.25,0.0201748146654948,0.02,"variance","calendar_tuned",100,3.234066163161,0.0829978397094116,1.40901243991185,3.27698261409504,4.50680552297196,1.90252839523835,66,0
"q75",0.080699258661979,0.25,0.0201748146654948,0.02,"variance","calendar10",100,5.52377055891715,0.23105856393054,0.51831961696287,5.69045647045821,9.63288755710101,5.14044908027275,19,0
"q75",0.080699258661979,0.25,0.0201748146654948,0.02,"variance","cusum_tuned",100,2.39641618774423,0.0755127301209016,0.360282741607288,2.49624757444133,3.41177714110815,1.6876749485454,35.13,0.740959656203502
"q75",0.080699258661979,0.25,0.0201748146654948,0.02,"variance","debt_threshold_tuned",100,2.26321034737623,0.06467236106216,0.315277955068363,2.33073601932263,3.17030330126643,1.63718584830592,31.03,1.03029416217217
"q75",0.080699258661979,0.25,0.0201748146654948,0.02,"variance","debt_utility_tuned",100,2.84342858735598,0.12606229357466,0.493632768936313,2.70030148347374,6.51722381729977,2.07335591157404,38.17,1.26019519090969
"q75",0.080699258661979,0.25,0.0201748146654948,0.02,"variance","hybrid_utility_tuned",100,2.68776960709521,0.083549493687842,0.650399674856972,2.73834169400497,3.70164903370387,1.42583494976851,62.55,1.6702612751521
"q75",0.080699258661979,0.25,0.0201748146654948,0.02,"variance","never_retrain",100,111.392438402996,6.51859224575035,0.407579355760456,108.584986888077,226.647308046032,111.392438402996,0,0
"q75",0.080699258661979,0.25,0.0201748146654948,0.05,"abrupt_coef","alarm_tuned",100,12.0874308462431,1.83124430374274,0.42853852567301,5.513993709045,72.4643298539749,11.7581778709022,16.32,0.167500942255755
"q75",0.080699258661979,0.25,0.0201748146654948,0.05,"abrupt_coef","always_retrain",100,5.96577296162017,0.292390014191168,4.07098198427109,4.87623179590763,15.371889323264,1.95098484318672,199,0
"q75",0.080699258661979,0.25,0.0201748146654948,0.05,"abrupt_coef","calendar_tuned",100,5.22324462170618,0.595370911851454,1.41287781083998,3.01397680091559,24.966138263761,3.89170685378352,66,0
"q75",0.080699258661979,0.25,0.0201748146654948,0.05,"abrupt_coef","calendar10",100,11.1483440055515,1.68519416400447,0.526381117234689,4.99358463335106,68.1581657636769,10.7650225269071,19,0
"q75",0.080699258661979,0.25,0.0201748146654948,0.05,"abrupt_coef","cusum_tuned",100,3.49280119663877,0.348583308860937,0.396116372661604,2.5360208628279,14.7954189998574,2.70820265429767,38.89,1.77068696364782
"q75",0.080699258661979,0.25,0.0201748146654948,0.05,"abrupt_coef","debt_threshold_tuned",100,3.36281378476663,0.332518864220999,0.433529132427305,2.3952514350419,13.5863508393642,2.66537044178048,34.57,1.9822574112472
"q75",0.080699258661979,0.25,0.0201748146654948,0.05,"abrupt_coef","debt_utility_tuned",100,3.90470120152034,0.327763885587124,0.74199469317016,2.86556415575244,13.7040828446259,3.01922858585177,43.89,2.26995728166987
"q75",0.080699258661979,0.25,0.0201748146654948,0.05,"abrupt_coef","hybrid_utility_tuned",100,3.6328297812044,0.330620362686757,0.691002701666299,2.65633034821181,13.8428332562822,2.73706801005643,44.4,1.86764043865001
"q75",0.080699258661979,0.25,0.0201748146654948,0.05,"abrupt_coef","never_retrain",100,266.814577591337,44.7857743281624,0.728153304288974,108.213559824011,1696.90625007198,266.814577591337,0,0
"q75",0.080699258661979,0.25,0.0201748146654948,0.05,"gradual","alarm_tuned",100,6.1885994502321,0.493967682713973,0.968743781179388,4.75381145468868,19.3862827007918,5.86196920079774,16.19,0.114322775376112
"q75",0.080699258661979,0.25,0.0201748146654948,0.05,"gradual","always_retrain",100,5.03376001830908,0.0775766131911766,4.19773213491013,4.81838589036619,7.10577983073239,1.01897189987562,199,0
"q75",0.080699258661979,0.25,0.0201748146654948,0.05,"gradual","calendar_tuned",100,3.31621258582079,0.153580324037236,1.65716401105617,2.9441470545933,7.21871163296519,1.98467481789814,66,0
"q75",0.080699258661979,0.25,0.0201748146654948,0.05,"gradual","calendar10",100,5.83139764156904,0.446756225649577,1.03867265211556,4.61670259811376,17.2856770752655,5.44807616292464,19,0
"q75",0.080699258661979,0.25,0.0201748146654948,0.05,"gradual","cusum_tuned",100,2.55262579548132,0.131855154105061,0.799665420032853,2.25752232523763,5.88459017498393,1.77407969753987,38.59,1.39081365619648
"q75",0.080699258661979,0.25,0.0201748146654948,0.05,"gradual","debt_threshold_tuned",100,2.47472081565383,0.120847563705445,0.965171455605653,2.21995806574248,5.59108855756198,1.82206556122507,32.35,1.56826965059256
"q75",0.080699258661979,0.25,0.0201748146654948,0.05,"gradual","debt_utility_tuned",100,3.42861003158535,0.182058367452321,1.17069759260043,2.91813801775904,7.65648286692641,2.65853735580342,38.17,1.86937330826579
"q75",0.080699258661979,0.25,0.0201748146654948,0.05,"gradual","hybrid_utility_tuned",100,2.96883694781288,0.181814325031522,1.04283303206994,2.47425730186061,6.39696228227417,1.96998187372423,49.51,1.90912190932022
"q75",0.080699258661979,0.25,0.0201748146654948,0.05,"gradual","never_retrain",100,89.9487941657175,12.0656392351057,3.49806322070727,35.5015131942626,437.50834656288,89.9487941657175,0,0
"q75",0.080699258661979,0.25,0.0201748146654948,0.05,"none","alarm_tuned",100,0.38182794106401,0.0049969755836014,0.279207254673153,0.383682913438405,0.470069378738749,0.136905691024904,12.14,0.217432213981203
"q75",0.080699258661979,0.25,0.0201748146654948,0.05,"none","always_retrain",100,4.06698344366516,0.000708526330716461,4.05350800894078,4.06716710864328,4.0796962026705,0.0521953252317,199,0
"q75",0.080699258661979,0.25,0.0201748146654948,0.05,"none","calendar_tuned",100,1.40478208880977,0.00115607220911994,1.38468083627248,1.40347543303381,1.42880026430065,0.0732443208871136,66,0
"q75",0.080699258661979,0.25,0.0201748146654948,0.05,"none","calendar10",100,0.505898103595728,0.00223613038547652,0.470850256023269,0.502908748977831,0.561719000230893,0.122576624951328,19,0
"q75",0.080699258661979,0.25,0.0201748146654948,0.05,"none","cusum_tuned",100,0.375061910421827,0.00403963996859404,0.300540347104106,0.372714438461673,0.459985377894277,0.138411334395574,11.73,0.128593793148673
"q75",0.080699258661979,0.25,0.0201748146654948,0.05,"none","debt_threshold_tuned",100,0.429516771446994,0.0186786804411982,0.204268925216313,0.392974587197114,0.9432599684428,0.381097216249807,2.4,0.189096736506942
"q75",0.080699258661979,0.25,0.0201748146654948,0.05,"none","debt_utility_tuned",100,0.58905214787865,0.0283984051155923,0.27278071507716,0.505547691381,1.24165867494832,0.484950104204697,5.16,0.367002600932077
"q75",0.080699258661979,0.25,0.0201748146654948,0.05,"none","hybrid_utility_tuned",100,0.644907986437377,0.0162342548125255,0.372302698706951,0.647887121169645,1.0387071352498,0.286199781684881,17.78,1.17090830666891
"q75",0.080699258661979,0.25,0.0201748146654948,0.05,"none","never_retrain",100,0.816049463143411,0.047403691924577,0.206000975191563,0.669947434620155,1.85907207963428,0.816049463143411,0,0
"q75",0.080699258661979,0.25,0.0201748146654948,0.05,"variance","alarm_tuned",100,6.21879262634414,0.222306562890815,3.31609339540442,5.49211690369027,11.1044624679951,5.88590818436348,16.5,0.130654915983698
"q75",0.080699258661979,0.25,0.0201748146654948,0.05,"variance","always_retrain",100,5.03487751519241,0.0357194267427762,4.55009064390445,4.96607409841729,5.66433796722679,1.02008939675895,199,0
"q75",0.080699258661979,0.25,0.0201748146654948,0.05,"variance","calendar_tuned",100,3.34439341313865,0.0745708680957581,2.33803342526503,3.16637394497432,4.67628446280186,2.012855645216,66,0
"q75",0.080699258661979,0.25,0.0201748146654948,0.05,"variance","calendar10",100,5.77676397540726,0.189416945316571,3.05573011579003,5.57679124155114,9.63799480622277,5.39344249676286,19,0
"q75",0.080699258661979,0.25,0.0201748146654948,0.05,"variance","cusum_tuned",100,2.49319499692418,0.0521767131454112,1.66059566325183,2.41847177450951,3.426832896923,1.76528768379313,36.08,0.486521356471666
"q75",0.080699258661979,0.25,0.0201748146654948,0.05,"variance","debt_threshold_tuned",100,2.30180631743204,0.0467712622444659,1.53747789445573,2.24605914533652,3.16247466980517,1.6213098187649,33.73,0.558471036840675
"q75",0.080699258661979,0.25,0.0201748146654948,0.05,"variance","debt_utility_tuned",100,2.62956934455394,0.0958255816531652,1.65438737224732,2.42299516802494,4.10328254437781,1.79070055076267,41.58,0.769386479966704
"q75",0.080699258661979,0.25,0.0201748146654948,0.05,"variance","hybrid_utility_tuned",100,2.68914423115691,0.0512815007252345,1.86842206706589,2.5945809452634,3.66090686334928,1.32835298196929,67.45,0.87298107631034
"q75",0.080699258661979,0.25,0.0201748146654948,0.05,"variance","never_retrain",100,131.37428565493,5.69447752347956,54.0855287049158,117.112479867126,250.386607225716,131.37428565493,0,0
"q75",0.080699258661979,0.25,0.0201748146654948,0.1,"abrupt_coef","alarm_tuned",100,12.6499750956954,1.75863371087259,0.399974637685198,6.16294532908901,50.0808127149146,12.3144679278082,16.63,0.169166106880698
"q75",0.080699258661979,0.25,0.0201748146654948,0.1,"abrupt_coef","always_retrain",100,6.11081565327059,0.283749131735995,4.06850456310205,4.98769248516549,13.3973767315875,2.09602753483713,199,0
"q75",0.080699258661979,0.25,0.0201748146654948,0.1,"abrupt_coef","calendar_tuned",100,5.51886110990193,0.587774825639828,1.40741580502682,3.17926861452458,20.0550821676331,4.18732334197927,66,0
"q75",0.080699258661979,0.25,0.0201748146654948,0.1,"abrupt_coef","calendar10",100,11.830115245451,1.61803523632663,0.52314983381099,5.70744710754349,61.145304409278,11.4467937668066,19,0
"q75",0.080699258661979,0.25,0.0201748146654948,0.1,"abrupt_coef","cusum_tuned",100,3.65709787152879,0.329460499512363,0.410100711273108,2.72019903515215,11.5070828673976,2.8478860552958,40.11,1.73873836764221
"q75",0.080699258661979,0.25,0.0201748146654948,0.1,"abrupt_coef","debt_threshold_tuned",100,3.5468585896464,0.322227250951528,0.392417575445132,2.50456297490818,11.3766097725657,2.81047785435584,36.5,1.94128458979766
"q75",0.080699258661979,0.25,0.0201748146654948,0.1,"abrupt_coef","debt_utility_tuned",100,3.83892029609839,0.318759446393076,0.601051580432078,2.74338358269774,11.595641706991,2.89776519195306,46.65,2.2037330586846
"q75",0.080699258661979,0.25,0.0201748146654948,0.1,"abrupt_coef","hybrid_utility_tuned",100,3.77220473635311,0.325667068610722,0.70649874215273,2.77612939960489,11.7555941751409,2.85848738015285,45.29,1.56374937928433
"q75",0.080699258661979,0.25,0.0201748146654948,0.1,"abrupt_coef","never_retrain",100,303.801201763386,41.4015494113071,1.2526537405113,133.861168660888,1348.72054298213,303.801201763386,0,0
"q75",0.080699258661979,0.25,0.0201748146654948,0.1,"gradual","alarm_tuned",100,6.36039625873253,0.47190380513518,1.24672798709813,5.11420752603163,18.2720026088695,6.03235377227158,16.26,0.124413776884989
"q75",0.080699258661979,0.25,0.0201748146654948,0.1,"gradual","always_retrain",100,5.05932023333762,0.0730391357758714,4.23335278333338,4.90398539429434,6.8813580713049,1.04453211490416,199,0
"q75",0.080699258661979,0.25,0.0201748146654948,0.1,"gradual","calendar_tuned",100,3.36865343542338,0.147509036624538,1.71257932850175,3.03569851412988,7.0095854303649,2.03711566750073,66,0
"q75",0.080699258661979,0.25,0.0201748146654948,0.1,"gradual","calendar10",100,5.91243227588092,0.421258210441829,1.30442254564895,4.89434876030641,16.4550296332677,5.52911079723652,19,0
"q75",0.080699258661979,0.25,0.0201748146654948,0.1,"gradual","cusum_tuned",100,2.61791258047233,0.124143820415375,1.00471595120852,2.44009472659768,5.40185351892025,1.80991125311927,40.05,1.30487624708323
"q75",0.080699258661979,0.25,0.0201748146654948,0.1,"gradual","debt_threshold_tuned",100,2.50166826218737,0.114980169142418,0.957926869626129,2.28843181419233,5.1593616323154,1.80947037101424,34.31,1.50162840902398
"q75",0.080699258661979,0.25,0.0201748146654948,0.1,"gradual","debt_utility_tuned",100,3.20557708851913,0.160554175336274,1.30959107929353,2.77559631152539,8.20667086600818,2.36791878360778,41.52,1.77732519491646
"q75",0.080699258661979,0.25,0.0201748146654948,0.1,"gradual","hybrid_utility_tuned",100,2.77331805740598,0.114539351327655,1.20593954178413,2.50789188786433,5.50186510238318,1.71918399113388,52.25,1.71366315655715
"q75",0.080699258661979,0.25,0.0201748146654948,0.1,"gradual","never_retrain",100,99.5782908902433,11.9130047619753,2.63945669333486,46.9442067700413,388.882065516609,99.5782908902433,0,0
"q75",0.080699258661979,0.25,0.0201748146654948,0.1,"none","alarm_tuned",100,0.379930537626904,0.00539763482225328,0.276114530462985,0.385486427634348,0.474198454586981,0.143885206040616,11.7,0.307646655509961
"q75",0.080699258661979,0.25,0.0201748146654948,0.1,"none","always_retrain",100,4.06806302025195,0.000818194510971995,4.05540785050319,4.06745832537177,4.08478720168588,0.0532749018184896,199,0
"q75",0.080699258661979,0.25,0.0201748146654948,0.1,"none","calendar_tuned",100,1.40885559957354,0.0013126375556901,1.38838920406456,1.40718562116728,1.44321990506042,0.0773178316508849,66,0
"q75",0.080699258661979,0.25,0.0201748146654948,0.1,"none","calendar10",100,0.511581395894365,0.00278001619906138,0.467730329501659,0.506692442975661,0.559992653909722,0.128259917249965,19,0
"q75",0.080699258661979,0.25,0.0201748146654948,0.1,"none","cusum_tuned",100,0.373784540398358,0.00451891673628821,0.281850920826043,0.376119385253863,0.461886612420531,0.141975919891823,11.49,0.137433179355928
"q75",0.080699258661979,0.25,0.0201748146654948,0.1,"none","debt_threshold_tuned",100,0.426128814864339,0.0175404099011948,0.218348602096498,0.368249373811262,0.863345137921732,0.381542474453595,2.21,0.19137725184894
"q75",0.080699258661979,0.25,0.0201748146654948,0.1,"none","debt_utility_tuned",100,0.579136067334456,0.026223712359955,0.238490193263477,0.499810010354892,1.21946491550526,0.472411297753988,5.29,0.353994521443653
"q75",0.080699258661979,0.25,0.0201748146654948,0.1,"none","hybrid_utility_tuned",100,0.649791298414869,0.0156952982181625,0.323427320835285,0.64324782289673,0.940165149246298,0.253961434677862,19.62,1.09256255166143
"q75",0.080699258661979,0.25,0.0201748146654948,0.1,"none","never_retrain",100,0.819081026593297,0.0600397776473974,0.263060355309257,0.618315379111448,2.64785430808929,0.819081026593297,0,0
"q75",0.080699258661979,0.25,0.0201748146654948,0.1,"variance","alarm_tuned",100,5.86737065521967,0.199677031472195,2.97035025997388,5.69979543055045,9.91296210360859,5.53186348733249,16.63,0.0824559876478955
"q75",0.080699258661979,0.25,0.0201748146654948,0.1,"variance","always_retrain",100,4.99562266916251,0.0333403046788316,4.4985208949394,4.96247929556385,5.60595868622094,0.980834550729056,199,0
"q75",0.080699258661979,0.25,0.0201748146654948,0.1,"variance","calendar_tuned",100,3.27088497975181,0.0699016519784831,2.32192710067159,3.19519615626279,4.65866148102122,1.93934721182916,66,0
"q75",0.080699258661979,0.25,0.0201748146654948,0.1,"variance","calendar10",100,5.60768742872414,0.193736491182941,2.80921839358421,5.47296476167451,9.51671637101806,5.22436595007974,19,0
"q75",0.080699258661979,0.25,0.0201748146654948,0.1,"variance","cusum_tuned",100,2.43376140970311,0.0509951271829971,1.58889239147509,2.42829221255306,3.45981518172111,1.72078345942452,35.34,0.454654936310067
"q75",0.080699258661979,0.25,0.0201748146654948,0.1,"variance","debt_threshold_tuned",100,2.21767567495818,0.0465558442484765,1.46217842133121,2.20198683256376,3.10427525037491,1.543635116984,33.41,0.494636893656
"q75",0.080699258661979,0.25,0.0201748146654948,0.1,"variance","debt_utility_tuned",100,2.367268019725,0.0495473368476533,1.58590746401107,2.32249085913379,3.3872205720571,1.50782091497493,42.6,0.558316372424427
"q75",0.080699258661979,0.25,0.0201748146654948,0.1,"variance","hybrid_utility_tuned",100,2.62299159520173,0.0473485986182531,1.86613253239368,2.62081509891363,3.47184571691651,1.27753320515989,66.69,0.790306806553536
"q75",0.080699258661979,0.25,0.0201748146654948,0.1,"variance","never_retrain",100,135.628721945368,5.32586994466935,62.3293144275523,128.298774130622,235.420086980599,135.628721945368,0,0
"q75",0.080699258661979,0.25,0.0201748146654948,0.2,"abrupt_coef","alarm_tuned",100,10.2729369575122,1.32159118628528,0.412743336170873,5.4546616180855,43.5187376236598,9.93258783410531,16.87,0.136074103400175
"q75",0.080699258661979,0.25,0.0201748146654948,0.2,"abrupt_coef","always_retrain",100,5.66436069811681,0.20816275880223,4.06702887647191,4.9234692829406,11.7408240640869,1.64957257968335,199,0
"q75",0.080699258661979,0.25,0.0201748146654948,0.2,"abrupt_coef","calendar_tuned",100,4.54372825987367,0.410091132986742,1.40408965099712,3.01723537530312,15.2925105888384,3.21219049195102,66,0
"q75",0.080699258661979,0.25,0.0201748146654948,0.2,"abrupt_coef","calendar10",100,9.50472154551335,1.14385588699062,0.51214329240039,5.18309568303792,44.1794090563497,9.12140006686895,19,0
"q75",0.080699258661979,0.25,0.0201748146654948,0.2,"abrupt_coef","cusum_tuned",100,3.18392402246544,0.263093074898418,0.3831807741762,2.58640995692221,10.1336519970128,2.40214995417752,38.75,1.71872486207512
"q75",0.080699258661979,0.25,0.0201748146654948,0.2,"abrupt_coef","debt_threshold_tuned",100,3.08599628607071,0.254428095509726,0.423075954153601,2.43954664186923,9.97545798605889,2.37685155057857,35.15,1.91903674279624
"q75",0.080699258661979,0.25,0.0201748146654948,0.2,"abrupt_coef","debt_utility_tuned",100,3.28050257237784,0.252113201053725,0.466532617423593,2.51415512992213,10.1596498146799,2.34600515707212,46.32,2.18210721991196
"q75",0.080699258661979,0.25,0.0201748146654948,0.2,"abrupt_coef","hybrid_utility_tuned",100,3.32021819088201,0.253906772183238,0.595007988827159,2.67981393189704,10.2250736281914,2.46218332315851,42.53,1.72869162879756
"q75",0.080699258661979,0.25,0.0201748146654948,0.2,"abrupt_coef","never_retrain",100,251.400381704941,33.9859507451935,1.16837655147119,130.939711712196,1150.38768915258,251.400381704941,0,0
"q75",0.080699258661979,0.25,0.0201748146654948,0.2,"gradual","alarm_tuned",100,6.9012646764645,0.535001124435345,1.29235289160485,5.25476563636589,20.32186357796,6.57059946409704,16.39,0.117116017760858
"q75",0.080699258661979,0.25,0.0201748146654948,0.2,"gradual","always_retrain",100,5.13938607893693,0.0838742051499333,4.21869354023745,4.87485382662875,7.31893237966137,1.12459796050348,199,0
"q75",0.080699258661979,0.25,0.0201748146654948,0.2,"gradual","calendar_tuned",100,3.55670275577397,0.169051980913435,1.70345254361561,3.04113746151296,7.84534658797753,2.22516498785132,66,0
"q75",0.080699258661979,0.25,0.0201748146654948,0.2,"gradual","calendar10",100,6.49412491702485,0.493774317960823,1.30463691439591,4.90177433423758,19.0459767417075,6.11080343838045,19,0
"q75",0.080699258661979,0.25,0.0201748146654948,0.2,"gradual","cusum_tuned",100,2.7890045845609,0.140063063782508,0.963331076756452,2.48918330765594,6.10598535040498,1.95235502038284,41.47,1.48965828906559
"q75",0.080699258661979,0.25,0.0201748146654948,0.2,"gradual","debt_threshold_tuned",100,2.68446224160749,0.130206101076276,1.01943591989185,2.32969255370118,5.83404631191474,1.93799409898418,37,1.69628232832089
"q75",0.080699258661979,0.25,0.0201748146654948,0.2,"gradual","debt_utility_tuned",100,3.30620263268554,0.16940803847753,1.26756789288141,2.71592247228827,7.06192927148595,2.40418666899127,44.71,1.88558031685556
"q75",0.080699258661979,0.25,0.0201748146654948,0.2,"gradual","hybrid_utility_tuned",100,2.94605864431626,0.139175691934176,1.11637111511586,2.59695107994027,6.05894975554216,1.84128579323377,54.76,1.83529481847116
"q75",0.080699258661979,0.25,0.0201748146654948,0.2,"gradual","never_retrain",100,120.17340542768,15.9675438080312,4.16489614920632,50.855241795373,479.984687930685,120.17340542768,0,0
"q75",0.080699258661979,0.25,0.0201748146654948,0.2,"none","alarm_tuned",100,0.396792158106108,0.00546944580049218,0.297900728806502,0.39437261705962,0.511626624240357,0.1375457896545,12.85,0.188226706206354
"q75",0.080699258661979,0.25,0.0201748146654948,0.2,"none","always_retrain",100,4.06839768576863,0.000944496671952466,4.05150470081274,4.06751791395279,4.08825879541005,0.0536095673351744,199,0
"q75",0.080699258661979,0.25,0.0201748146654948,0.2,"none","calendar_tuned",100,1.4084213366042,0.00148700330864814,1.38400924998533,1.40716861419024,1.44180337834863,0.0768835686815457,66,0
"q75",0.080699258661979,0.25,0.0201748146654948,0.2,"none","calendar10",100,0.516165482711095,0.00334178849290267,0.47420705776083,0.507946081904066,0.582697751262092,0.132844004066694,19,0
"q75",0.080699258661979,0.25,0.0201748146654948,0.2,"none","cusum_tuned",100,0.373785826842397,0.00501161216698588,0.287729698639054,0.37255806611329,0.468564016242834,0.141977206335862,11.49,0.138895353384911
"q75",0.080699258661979,0.25,0.0201748146654948,0.2,"none","debt_threshold_tuned",100,0.443254653586707,0.0213904114801113,0.188846644732175,0.379656359250078,0.947977557897707,0.396650831709415,2.31,0.19524395514382
"q75",0.080699258661979,0.25,0.0201748146654948,0.2,"none","debt_utility_tuned",100,0.583681213081261,0.0282202392110183,0.18362607582603,0.540744167506066,1.25438001992162,0.470097006514526,5.63,0.438006272728479
"q75",0.080699258661979,0.25,0.0201748146654948,0.2,"none","hybrid_utility_tuned",100,0.668811331928174,0.0165958280879393,0.336344032234508,0.672139206132717,0.949790335316533,0.304050682776029,18.08,1.16590278022196
"q75",0.080699258661979,0.25,0.0201748146654948,0.2,"none","never_retrain",100,0.923452085937739,0.0660111306286622,0.213988627915989,0.784185305310711,2.46868555094318,0.923452085937739,0,0
"q75",0.080699258661979,0.25,0.0201748146654948,0.2,"variance","alarm_tuned",100,6.59022206408463,0.235016031046682,2.6663071817215,6.79367274950653,10.0989578096679,6.25693412581066,16.52,0.0758520622892704
"q75",0.080699258661979,0.25,0.0201748146654948,0.2,"variance","always_retrain",100,5.08915003978764,0.0369452423482721,4.49408409271448,5.09319185966829,5.67157137779732,1.07436192135418,199,0
"q75",0.080699258661979,0.25,0.0201748146654948,0.2,"variance","calendar_tuned",100,3.39711756755889,0.0750217222987496,2.188650052891,3.43863557484025,4.69900365031666,2.06557979963624,66,0
"q75",0.080699258661979,0.25,0.0201748146654948,0.2,"variance","calendar10",100,6.08526830595355,0.210378585060145,2.74804415851229,6.11991517382478,10.0963791479662,5.70194682730915,19,0
"q75",0.080699258661979,0.25,0.0201748146654948,0.2,"variance","cusum_tuned",100,2.53347096302678,0.057362263676244,1.5240528992886,2.55500495016084,3.40130333924681,1.81988776830823,35.37,0.480667675365646
"q75",0.080699258661979,0.25,0.0201748146654948,0.2,"variance","debt_threshold_tuned",100,2.32918788507931,0.0509278869694952,1.43313230996341,2.39615573930352,3.2038140385462,1.66160326779809,33.09,0.539752094236163
"q75",0.080699258661979,0.25,0.0201748146654948,0.2,"variance","debt_utility_tuned",100,2.50404871706672,0.0522657937643182,1.59183378267167,2.55532973648559,3.46092619981082,1.66780264918197,41.45,0.711148594340398
"q75",0.080699258661979,0.25,0.0201748146654948,0.2,"variance","hybrid_utility_tuned",100,2.7401318056859,0.0488539980333627,1.84008841010636,2.82282591122323,3.44994162766279,1.3698583936055,67.92,0.629041277892738
"q75",0.080699258661979,0.25,0.0201748146654948,0.2,"variance","never_retrain",100,156.430612369073,6.01594355271031,61.7561929557651,160.563740151538,255.77425964953,156.430612369073,0,0
"q75",0.080699258661979,0.5,0.0403496293309895,0.02,"abrupt_coef","alarm_tuned",100,11.5780601601206,1.57718293517586,0.337530778673449,4.10649772967134,47.8307803365673,11.0966890822019,11.93,0.468018604482145
"q75",0.080699258661979,0.5,0.0403496293309895,0.02,"abrupt_coef","always_retrain",100,9.91165067270895,0.256209112595761,8.07806373734742,8.7037835836475,16.9219374788663,1.88207443584203,199,0
"q75",0.080699258661979,0.5,0.0403496293309895,0.02,"abrupt_coef","calendar_tuned",100,7.03824941430907,0.748230916763584,1.64765569311033,3.42009092655759,26.1752076109128,5.46461387040048,39,0
"q75",0.080699258661979,0.5,0.0403496293309895,0.02,"abrupt_coef","calendar10",100,10.8568672512328,1.40348418675569,0.868108012027358,3.95691003342697,45.4548264171277,10.090224293944,19,0
"q75",0.080699258661979,0.5,0.0403496293309895,0.02,"abrupt_coef","cusum_tuned",100,3.94142936978721,0.355295752055046,0.44401266765207,2.74127879056943,12.8842282254608,2.86409426664979,26.7,1.47247472582106
"q75",0.080699258661979,0.5,0.0403496293309895,0.02,"abrupt_coef","debt_threshold_tuned",100,3.81327203405218,0.332247763668808,0.41202063621145,2.6449983308683,11.9940105947249,2.60560762817566,29.93,2.07316938843195
"q75",0.080699258661979,0.5,0.0403496293309895,0.02,"abrupt_coef","debt_utility_tuned",100,4.65759567026242,0.349122761060058,0.610048298819846,3.74214595270533,12.6731284922217,3.18967615520102,36.38,2.3817818641691
"q75",0.080699258661979,0.5,0.0403496293309895,0.02,"abrupt_coef","hybrid_utility_tuned",100,4.94315377150456,0.380727695222398,0.536966493712584,4.44705894715796,13.7132520932358,3.74799775072065,29.62,2.05877182177662
"q75",0.080699258661979,0.5,0.0403496293309895,0.02,"abrupt_coef","never_retrain",100,213.035054428136,33.4351073004974,0.72809535968802,61.0116280204888,1220.89709568141,213.035054428136,0,0
"q75",0.080699258661979,0.5,0.0403496293309895,0.02,"gradual","alarm_tuned",100,5.10956422405972,0.470653136700049,0.601575733358047,3.03210771601076,16.262067956692,4.63626307200721,11.73,0.388172355761945
"q75",0.080699258661979,0.5,0.0403496293309895,0.02,"gradual","always_retrain",100,8.83164390121187,0.0738243614177299,8.12163125246527,8.51370441901212,10.4894696688939,0.802067664344962,199,0
"q75",0.080699258661979,0.5,0.0403496293309895,0.02,"gradual","calendar_tuned",100,3.90790156688191,0.225654297552234,1.7520548072586,2.86399163434149,9.2211090516515,2.33426602297332,39,0
"q75",0.080699258661979,0.5,0.0403496293309895,0.02,"gradual","calendar10",100,5.02736469037542,0.435236984297254,1.05334105439386,3.14872400436968,15.2391750601819,4.26072173308662,19,0
"q75",0.080699258661979,0.5,0.0403496293309895,0.02,"gradual","cusum_tuned",100,2.7676808256488,0.165542761009165,0.657819624005442,2.18401773306914,6.3608022192278,1.76822050712019,24.77,1.12661601105418
"q75",0.080699258661979,0.5,0.0403496293309895,0.02,"gradual","debt_threshold_tuned",100,2.69201363641206,0.147274952834207,0.399589845638402,2.26045667529405,5.84689437207968,1.60297714076865,26.99,1.61679911984742
"q75",0.080699258661979,0.5,0.0403496293309895,0.02,"gradual","debt_utility_tuned",100,4.07138741914592,0.216807373683082,0.907617914634965,3.52416045145467,9.63636046502848,2.79351465823348,31.67,2.00907310655306
"q75",0.080699258661979,0.5,0.0403496293309895,0.02,"gradual","hybrid_utility_tuned",100,3.97694136894296,0.24379040667929,0.875960014783131,3.45990692991601,10.3005002263427,2.80438114058441,29.06,1.95509280567135
"q75",0.080699258661979,0.5,0.0403496293309895,0.02,"gradual","never_retrain",100,62.2132344755638,9.62419667366507,0.817991474696635,19.2733927136203,331.90948192387,62.2132344755638,0,0
"q75",0.080699258661979,0.5,0.0403496293309895,0.02,"none","alarm_tuned",100,0.451363128126803,0.011338486785139,0.278342216275896,0.440966776420281,0.718472515124844,0.30933243288172,3.52,0.250042420643402
"q75",0.080699258661979,0.5,0.0403496293309895,0.02,"none","always_retrain",100,8.08191885413574,0.000706961364348291,8.06934317511288,8.08243488059522,8.09646121141346,0.0523426172688275,199,0
"q75",0.080699258661979,0.5,0.0403496293309895,0.02,"none","calendar_tuned",100,1.66851059685809,0.00154198155916919,1.64490226216644,1.66699709795877,1.70518989829814,0.094875052949495,39,0
"q75",0.080699258661979,0.5,0.0403496293309895,0.02,"none","calendar10",100,0.897375646297829,0.00279397316803672,0.851595328185919,0.893912087685806,0.956098805136494,0.130732689009028,19,0
"q75",0.080699258661979,0.5,0.0403496293309895,0.02,"none","cusum_tuned",100,0.479047043875414,0.00649839658176774,0.366359856632786,0.472394021658348,0.616160039560682,0.174003846133134,7.56,0.112204719107081
"q75",0.080699258661979,0.5,0.0403496293309895,0.02,"none","debt_threshold_tuned",100,0.474961255650599,0.0146977041488243,0.255228342268281,0.464940873655161,0.783436167121716,0.370859211976646,2.58,0.191316544506794
"q75",0.080699258661979,0.5,0.0403496293309895,0.02,"none","debt_utility_tuned",100,0.712756725137844,0.0294745099926549,0.312339573275818,0.694768194637717,1.4067255678868,0.482763837951204,5.7,0.406139748054158
"q75",0.080699258661979,0.5,0.0403496293309895,0.02,"none","hybrid_utility_tuned",100,0.693520190483306,0.029516753495755,0.268578453489727,0.637799156832539,1.36726582035756,0.474421703216033,5.43,0.595819612047984
"q75",0.080699258661979,0.5,0.0403496293309895,0.02,"none","never_retrain",100,0.960623495874141,0.0627027269397995,0.235519535367029,0.797527145687905,2.70619320460349,0.960623495874141,0,0
"q75",0.080699258661979,0.5,0.0403496293309895,0.02,"variance","alarm_tuned",100,6.21677197025232,0.265060807847425,0.309869016516615,6.54977818643587,10.7343296846457,5.70110370740227,12.78,0.36364595946935
"q75",0.080699258661979,0.5,0.0403496293309895,0.02,"variance","always_retrain",100,9.01705815924883,0.0428277510135068,8.07693052926773,9.05703678723233,9.68645969723084,0.987481922381919,199,0
"q75",0.080699258661979,0.5,0.0403496293309895,0.02,"variance","calendar_tuned",100,4.41101178251487,0.125770414347279,1.66373348346584,4.40115055306839,6.31944990237987,2.83737623860628,39,0
"q75",0.080699258661979,0.5,0.0403496293309895,0.02,"variance","calendar10",100,5.90709203756155,0.23105856393054,0.90164109560727,6.07377794910261,10.0162090357454,5.14044908027275,19,0
"q75",0.080699258661979,0.5,0.0403496293309895,0.02,"variance","cusum_tuned",100,3.10471142427382,0.095944494666052,0.451344644239327,3.26241514257464,4.32096168099736,2.05925252830788,25.91,0.606545942034056
"q75",0.080699258661979,0.5,0.0403496293309895,0.02,"variance","debt_threshold_tuned",100,2.88923484644653,0.0822327887274254,0.346044547433241,2.99245460839137,4.01107312763887,1.63718584830592,31.03,1.03029416217217
"q75",0.080699258661979,0.5,0.0403496293309895,0.02,"variance","debt_utility_tuned",100,3.61350126313791,0.126466372368195,0.605001846979843,3.6272030201863,6.93332936977559,2.07335591157404,38.17,1.26019519090969
"q75",0.080699258661979,0.5,0.0403496293309895,0.02,"variance","hybrid_utility_tuned",100,3.59942932718428,0.102136841306952,0.551099586387094,3.70188496757562,5.28100375739204,1.72478554846651,46.46,1.46428318727125
"q75",0.080699258661979,0.5,0.0403496293309895,0.02,"variance","never_retrain",100,111.392438402996,6.51859224575035,0.407579355760456,108.584986888077,226.647308046032,111.392438402996,0,0
"q75",0.080699258661979,0.5,0.0403496293309895,0.05,"abrupt_coef","alarm_tuned",100,12.0714813858883,1.70982728256695,0.476407639454982,5.74225102152158,69.6333289990344,11.5025516123213,14.1,0.389897681475797
"q75",0.080699258661979,0.5,0.0403496293309895,0.05,"abrupt_coef","always_retrain",100,9.98056108005363,0.292390014191168,8.08577010270454,8.89101991434109,19.3866774416975,1.95098484318672,199,0
"q75",0.080699258661979,0.5,0.0403496293309895,0.05,"abrupt_coef","calendar_tuned",100,7.2742761797651,0.845985089114604,1.66999028070102,4.13987950255254,35.7863674045814,5.70064063585651,39,0
"q75",0.080699258661979,0.5,0.0403496293309895,0.05,"abrupt_coef","calendar10",100,11.5316654841959,1.68519416400447,0.90970259587909,5.37690611199546,68.5414872423213,10.7650225269071,19,0
"q75",0.080699258661979,0.5,0.0403496293309895,0.05,"abrupt_coef","cusum_tuned",100,4.29832487631673,0.384550116736397,0.495695147231415,3.24841087227656,16.3368931550198,3.12415066278494,29.1,1.42208411576926
"q75",0.080699258661979,0.5,0.0403496293309895,0.05,"abrupt_coef","debt_threshold_tuned",100,4.06025712775279,0.365279375301958,0.525828909521944,3.14171957766521,14.9688300143172,2.66537044178048,34.57,1.9822574112472
"q75",0.080699258661979,0.5,0.0403496293309895,0.05,"abrupt_coef","debt_utility_tuned",100,4.7901738171889,0.354754301020381,0.903796910380363,3.7079257661132,15.2141677223381,3.01922858585177,43.89,2.26995728166987
"q75",0.080699258661979,0.5,0.0403496293309895,0.05,"abrupt_coef","hybrid_utility_tuned",100,4.55405415348774,0.353621279270062,0.61560737634997,3.58440383425043,15.4811818615375,3.19992059313973,33.56,1.85114324489795
"q75",0.080699258661979,0.5,0.0403496293309895,0.05,"abrupt_coef","never_retrain",100,266.814577591337,44.7857743281624,0.728153304288974,108.213559824011,1696.90625007198,266.814577591337,0,0
"q75",0.080699258661979,0.5,0.0403496293309895,0.05,"gradual","alarm_tuned",100,6.47568793764954,0.502225715141889,1.16706869484703,5.2142190286453,19.677288713935,5.94468681565372,13.16,0.275505045875807
"q75",0.080699258661979,0.5,0.0403496293309895,0.05,"gradual","always_retrain",100,9.04854813674254,0.0775766131911767,8.21252025334358,8.83317400879965,11.1205679491659,1.01897189987562,199,0
"q75",0.080699258661979,0.5,0.0403496293309895,0.05,"gradual","calendar_tuned",100,4.56738299274215,0.233579910348491,1.96499395894571,3.94889211102531,10.2569137880553,2.99374744883356,39,0
"q75",0.080699258661979,0.5,0.0403496293309895,0.05,"gradual","calendar10",100,6.21471912021344,0.446756225649577,1.42199413075996,5.00002407675816,17.6689985539099,5.44807616292464,19,0
"q75",0.080699258661979,0.5,0.0403496293309895,0.05,"gradual","cusum_tuned",100,3.28909030898186,0.164649577939124,1.08699830129835,2.94160368438015,7.30879802556387,2.15849369512754,28.02,1.09026731964359
"q75",0.080699258661979,0.5,0.0403496293309895,0.05,"gradual","debt_threshold_tuned",100,3.12737607008258,0.151014772094345,1.17504370097497,2.77459991376146,6.82683352723227,1.82206556122507,32.35,1.56826965059256
"q75",0.080699258661979,0.5,0.0403496293309895,0.05,"gradual","debt_utility_tuned",100,4.19868270736729,0.186208164941311,1.63533629906761,3.86569616645035,7.66707464462579,2.65853735580342,38.17,1.86937330826579
"q75",0.080699258661979,0.5,0.0403496293309895,0.05,"gradual","hybrid_utility_tuned",100,4.28596358187281,0.252357195114373,1.57070874510042,3.52440753961725,11.6321779498753,2.83862237777021,35.87,1.89617664224245
"q75",0.080699258661979,0.5,0.0403496293309895,0.05,"gradual","never_retrain",100,89.9487941657175,12.0656392351057,3.49806322070727,35.5015131942626,437.50834656288,89.9487941657175,0,0
"q75",0.080699258661979,0.5,0.0403496293309895,0.05,"none","alarm_tuned",100,0.445368923858179,0.0155796712025187,0.197758936691303,0.423786304289059,0.833334059433328,0.313022139652534,3.28,0.267453384968882
"q75",0.080699258661979,0.5,0.0403496293309895,0.05,"none","always_retrain",100,8.08177156209861,0.000708526330716456,8.06829612737424,8.08195522707672,8.09448432110395,0.0521953252317,199,0
"q75",0.080699258661979,0.5,0.0403496293309895,0.05,"none","calendar_tuned",100,1.6638355328339,0.00139554758849938,1.63990184770864,1.66361122810296,1.69658027264241,0.0901999889253113,39,0
"q75",0.080699258661979,0.5,0.0403496293309895,0.05,"none","calendar10",100,0.889219582240128,0.00223613038547652,0.854171734667669,0.886230227622231,0.945040478875293,0.122576624951328,19,0
"q75",0.080699258661979,0.5,0.0403496293309895,0.05,"none","cusum_tuned",100,0.461210557895109,0.00538695282003412,0.361473757173826,0.461225399310488,0.55047170245078,0.166254767485575,7.31,0.0917781690993687
"q75",0.080699258661979,0.5,0.0403496293309895,0.05,"none","debt_threshold_tuned",100,0.477936326644181,0.0186728832178949,0.224443739881808,0.434010570692293,0.974026560807679,0.381097216249807,2.4,0.189096736506942
"q75",0.080699258661979,0.5,0.0403496293309895,0.05,"none","debt_utility_tuned",100,0.693154191552603,0.0278926347471339,0.332465316413383,0.657846687096891,1.3187123842,0.484950104204697,5.16,0.367002600932077
"q75",0.080699258661979,0.5,0.0403496293309895,0.05,"none","hybrid_utility_tuned",100,0.720160705238362,0.0276644884476307,0.28816034081438,0.676873146269905,1.24576076797734,0.508325151250667,5.25,0.562529460507975
"q75",0.080699258661979,0.5,0.0403496293309895,0.05,"none","never_retrain",100,0.816049463143411,0.047403691924577,0.206000975191563,0.669947434620155,1.85907207963428,0.816049463143411,0,0
"q75",0.080699258661979,0.5,0.0403496293309895,0.05,"variance","alarm_tuned",100,6.38999384580419,0.22331609754614,3.27641035900759,5.98776819524559,10.8975974257583,5.81380113895766,14.28,0.179268998260641
"q75",0.080699258661979,0.5,0.0403496293309895,0.05,"variance","always_retrain",100,9.04966563362586,0.0357194267427762,8.56487876233791,8.98086221685076,9.67912608566025,1.02008939675895,199,0
"q75",0.080699258661979,0.5,0.0403496293309895,0.05,"variance","calendar_tuned",100,4.52422731099084,0.104027852734528,3.08158916818808,4.34358238881112,6.62357396502645,2.95059176708225,39,0
"q75",0.080699258661979,0.5,0.0403496293309895,0.05,"variance","calendar10",100,6.16008545405166,0.189416945316571,3.43905159443443,5.96011272019554,10.0213162848671,5.39344249676286,19,0
"q75",0.080699258661979,0.5,0.0403496293309895,0.05,"variance","cusum_tuned",100,3.24227664146312,0.0639460018738135,2.22666668743795,3.21023597474607,4.42552805545795,2.15324014581971,26.99,0.376452070808704
"q75",0.080699258661979,0.5,0.0403496293309895,0.05,"variance","debt_threshold_tuned",100,2.98230281609918,0.0555660106455293,2.03685878036495,2.92577187309343,3.98964207109046,1.6213098187649,33.73,0.558471036840675
"q75",0.080699258661979,0.5,0.0403496293309895,0.05,"variance","debt_utility_tuned",100,3.46843813834521,0.0922190377012147,2.30276215711589,3.35083627348205,4.85037400785071,1.79070055076267,41.58,0.769386479966704
"q75",0.080699258661979,0.5,0.0403496293309895,0.05,"variance","hybrid_utility_tuned",100,3.6737955434531,0.0779596637432928,2.592251045553,3.50646690513618,4.79642334664951,1.64219170663778,50.35,0.922816833987606
"q75",0.080699258661979,0.5,0.0403496293309895,0.05,"variance","never_retrain",100,131.37428565493,5.69447752347956,54.0855287049158,117.112479867126,250.386607225716,131.37428565493,0,0
"q75",0.080699258661979,0.5,0.0403496293309895,0.1,"abrupt_coef","alarm_tuned",100,13.8180278131571,2.03662893603297,0.479893770971965,6.06966194874096,59.2367871810378,13.2265022471648,14.66,0.369334646097656
"q75",0.080699258661979,0.5,0.0403496293309895,0.1,"abrupt_coef","always_retrain",100,10.125603771704,0.283749131735994,8.08329268153551,9.00248060359894,17.412164850021,2.09602753483713,199,0
"q75",0.080699258661979,0.5,0.0403496293309895,0.1,"abrupt_coef","calendar_tuned",100,8.15487880173942,1.007221853469,1.68093334170488,4.33500757596956,33.550300796515,6.58124325783083,39,0
"q75",0.080699258661979,0.5,0.0403496293309895,0.1,"abrupt_coef","calendar10",100,12.2134367240955,1.61803523632663,0.90647131245539,6.09076858618789,61.5286258879224,11.4467937668066,19,0
"q75",0.080699258661979,0.5,0.0403496293309895,0.1,"abrupt_coef","cusum_tuned",100,4.49913609574602,0.366190058203896,0.502507437880272,3.53532706810781,12.8691859212774,3.29429616392267,29.86,1.39732934304311
"q75",0.080699258661979,0.5,0.0403496293309895,0.1,"abrupt_coef","debt_threshold_tuned",100,4.28323932493696,0.355278246130007,0.470437350150564,3.27032394769398,12.6592236149245,2.81047785435584,36.5,1.94128458979766
"q75",0.080699258661979,0.5,0.0403496293309895,0.1,"abrupt_coef","debt_utility_tuned",100,4.78007540024372,0.34981933634755,0.87088972658307,3.81424840606877,13.040662807407,2.89776519195306,46.65,2.2037330586846
"q75",0.080699258661979,0.5,0.0403496293309895,0.1,"abrupt_coef","hybrid_utility_tuned",100,4.72161821525349,0.34115921367856,0.983624187775536,3.73358911787088,13.2744982254885,3.33278397368083,34.42,1.7342759674611
"q75",0.080699258661979,0.5,0.0403496293309895,0.1,"abrupt_coef","never_retrain",100,303.801201763386,41.4015494113071,1.2526537405113,133.861168660888,1348.72054298213,303.801201763386,0,0
"q75",0.080699258661979,0.5,0.0403496293309895,0.1,"gradual","alarm_tuned",100,6.59017769281717,0.470922766926073,1.3673535633649,5.42608102108558,19.106916044901,6.03537028951606,13.75,0.285817982625165
"q75",0.080699258661979,0.5,0.0403496293309895,0.1,"gradual","always_retrain",100,9.07410835177108,0.0730391357758714,8.24814090176684,8.9187735127278,10.8961461897383,1.04453211490416,199,0
"q75",0.080699258661979,0.5,0.0403496293309895,0.1,"gradual","calendar_tuned",100,4.60388994977632,0.223213896452446,2.14985906676946,4.01575464981657,10.2617351611684,3.03025440586773,39,0
"q75",0.080699258661979,0.5,0.0403496293309895,0.1,"gradual","calendar10",100,6.29575375452532,0.421258210441829,1.68774402429335,5.27767023895082,16.8383511119121,5.52911079723652,19,0
"q75",0.080699258661979,0.5,0.0403496293309895,0.1,"gradual","cusum_tuned",100,3.42320625154498,0.159235009348134,1.26444053944998,3.16845539334988,6.95715420138646,2.23006771222761,29.57,1.04391019003001
"q75",0.080699258661979,0.5,0.0403496293309895,0.1,"gradual","debt_threshold_tuned",100,3.19386615336049,0.14402523808127,1.250067776939,2.98368331879538,6.46618525227283,1.80947037101424,34.31,1.50162840902398
"q75",0.080699258661979,0.5,0.0403496293309895,0.1,"gradual","debt_utility_tuned",100,4.04323539343047,0.167788530599915,1.80109824729389,3.69166732516099,8.66930346820466,2.36791878360778,41.52,1.77732519491646
"q75",0.080699258661979,0.5,0.0403496293309895,0.1,"gradual","hybrid_utility_tuned",100,4.11544729815006,0.20710004921472,1.61269383474258,3.49670071401579,9.62024724727339,2.63905436092915,36.59,1.75902262806952
"q75",0.080699258661979,0.5,0.0403496293309895,0.1,"gradual","never_retrain",100,99.5782908902433,11.9130047619753,2.63945669333486,46.9442067700413,388.882065516609,99.5782908902433,0,0
"q75",0.080699258661979,0.5,0.0403496293309895,0.1,"none","alarm_tuned",100,0.430295136605877,0.0112358499980911,0.244286690433552,0.422688718233146,0.651651124031486,0.270107108161849,3.97,0.272457947825593
"q75",0.080699258661979,0.5,0.0403496293309895,0.1,"none","always_retrain",100,8.0828511386854,0.000818194510972024,8.07019596893665,8.08224644380522,8.09957532011934,0.0532749018184896,199,0
"q75",0.080699258661979,0.5,0.0403496293309895,0.1,"none","calendar_tuned",100,1.66708568883377,0.00158733561222439,1.64073980634617,1.66608250614337,1.70027467519684,0.0934501449251832,39,0
"q75",0.080699258661979,0.5,0.0403496293309895,0.1,"none","calendar10",100,0.894902874538766,0.00278001619906138,0.85105180814606,0.890013921620062,0.943314132554122,0.128259917249965,19,0
"q75",0.080699258661979,0.5,0.0403496293309895,0.1,"none","cusum_tuned",100,0.46855054152685,0.00628228124658842,0.350644744422065,0.473648248364884,0.601751495518442,0.171173773357457,7.37,0.106035061858964
"q75",0.080699258661979,0.5,0.0403496293309895,0.1,"none","debt_threshold_tuned",100,0.470715155275082,0.0175191250198408,0.238523416761993,0.44367158870481,0.898358364415273,0.381542474453595,2.21,0.19137725184894
"q75",0.080699258661979,0.5,0.0403496293309895,0.1,"none","debt_utility_tuned",100,0.685860836914923,0.0263602177580653,0.255379443924352,0.641909873421548,1.31643745345559,0.472411297753988,5.29,0.353994521443653
"q75",0.080699258661979,0.5,0.0403496293309895,0.1,"none","hybrid_utility_tuned",100,0.653721645071804,0.0252926741064822,0.247247195485496,0.641584406372633,1.2158531921768,0.427360224524952,5.61,0.61132328731708
"q75",0.080699258661979,0.5,0.0403496293309895,0.1,"none","never_retrain",100,0.819081026593297,0.0600397776473974,0.263060355309257,0.618315379111448,2.64785430808929,0.819081026593297,0,0
"q75",0.080699258661979,0.5,0.0403496293309895,0.1,"variance","alarm_tuned",100,6.29336410775348,0.218102860473483,3.28066426052813,5.96099319838792,10.8754263497922,5.69659308994814,14.79,0.131268096395557
"q75",0.080699258661979,0.5,0.0403496293309895,0.1,"variance","always_retrain",100,9.01041078759597,0.0333403046788317,8.51330901337285,8.97726741399731,9.6207468046544,0.980834550729056,199,0
"q75",0.080699258661979,0.5,0.0403496293309895,0.1,"variance","calendar_tuned",100,4.43883062063133,0.105278416507863,2.88341167403711,4.3590993568186,6.27091228130704,2.86519507672274,39,0
"q75",0.080699258661979,0.5,0.0403496293309895,0.1,"variance","calendar10",100,5.99100890736854,0.193736491182941,3.19253987222861,5.85628624031892,9.90003784966246,5.22436595007974,19,0
"q75",0.080699258661979,0.5,0.0403496293309895,0.1,"variance","cusum_tuned",100,3.17586065537989,0.0610340897499351,2.09990349902646,3.1217331369209,4.3109276544144,2.1001395374157,26.66,0.355965041979
"q75",0.080699258661979,0.5,0.0403496293309895,0.1,"variance","debt_threshold_tuned",100,2.89171623293236,0.055487478255453,2.00480208029569,2.88345325829317,3.91328531846125,1.543635116984,33.41,0.494636893656
"q75",0.080699258661979,0.5,0.0403496293309895,0.1,"variance","debt_utility_tuned",100,3.22671512447508,0.0567681413875407,2.27278277841603,3.12913379458008,4.38934129495136,1.50782091497493,42.6,0.558316372424427
"q75",0.080699258661979,0.5,0.0403496293309895,0.1,"variance","hybrid_utility_tuned",100,3.49554906572479,0.0612186943507338,2.51143248956457,3.52908298960941,4.54644761792088,1.46434872520277,50.34,0.736113188485729
"q75",0.080699258661979,0.5,0.0403496293309895,0.1,"variance","never_retrain",100,135.628721945368,5.32586994466935,62.3293144275523,128.298774130622,235.420086980599,135.628721945368,0,0
"q75",0.080699258661979,0.5,0.0403496293309895,0.2,"abrupt_coef","alarm_tuned",100,10.1836586831499,1.26193965080612,0.4588190064724,5.92638009839522,39.2075687372957,9.58487018387799,14.84,0.340445341138677
"q75",0.080699258661979,0.5,0.0403496293309895,0.2,"abrupt_coef","always_retrain",100,9.67914881655027,0.20816275880223,8.08181699490537,8.93825740137406,15.7556121825204,1.64957257968335,199,0
"q75",0.080699258661979,0.5,0.0403496293309895,0.2,"abrupt_coef","calendar_tuned",100,6.41497384841605,0.594157542868779,1.66643933779504,4.21527727665918,23.2170196333407,4.84133830450746,39,0
"q75",0.080699258661979,0.5,0.0403496293309895,0.2,"abrupt_coef","calendar10",100,9.88804302415775,1.14385588699062,0.89546477104479,5.56641716168233,44.5627305349941,9.12140006686895,19,0
"q75",0.080699258661979,0.5,0.0403496293309895,0.2,"abrupt_coef","cusum_tuned",100,3.99404147443009,0.300896407026744,0.479340145172957,3.47990237324559,11.6493602795479,2.81139383873879,29.31,1.39317927232947
"q75",0.080699258661979,0.5,0.0403496293309895,0.2,"abrupt_coef","debt_threshold_tuned",100,3.79514102156285,0.288130127727937,0.473008620450701,3.24653922848902,11.3196050131475,2.37685155057857,35.15,1.91903674279624
"q75",0.080699258661979,0.5,0.0403496293309895,0.2,"abrupt_coef","debt_utility_tuned",100,4.21499998768356,0.286804968979549,0.599182023849221,3.60359512185885,11.6813352108249,2.34600515707212,46.32,2.18210721991196
"q75",0.080699258661979,0.5,0.0403496293309895,0.2,"abrupt_coef","hybrid_utility_tuned",100,4.14504825426205,0.284204650503127,0.475969203659207,3.54333021215878,11.5538053206639,2.84296571575102,32.27,1.78273736855784
"q75",0.080699258661979,0.5,0.0403496293309895,0.2,"abrupt_coef","never_retrain",100,251.400381704941,33.9859507451935,1.16837655147119,130.939711712196,1150.38768915258,251.400381704941,0,0
"q75",0.080699258661979,0.5,0.0403496293309895,0.2,"gradual","alarm_tuned",100,7.22094868842745,0.544240320611858,1.54309916463574,5.55337020658922,21.766599628699,6.65605387779359,14,0.261309831967395
"q75",0.080699258661979,0.5,0.0403496293309895,0.2,"gradual","always_retrain",100,9.15417419737039,0.0838742051499331,8.23348165867091,8.88964194506222,11.3337204980948,1.12459796050348,199,0
"q75",0.080699258661979,0.5,0.0403496293309895,0.2,"gradual","calendar_tuned",100,4.8829113042927,0.257956577802326,2.1254065241408,4.06480327076923,11.4810347183412,3.3092757603841,39,0
"q75",0.080699258661979,0.5,0.0403496293309895,0.2,"gradual","calendar10",100,6.87744639566925,0.493774317960823,1.68795839304031,5.28509581288198,19.4292982203519,6.11080343838045,19,0
"q75",0.080699258661979,0.5,0.0403496293309895,0.2,"gradual","cusum_tuned",100,3.64120073500339,0.177052514236773,1.29826018438498,3.25668578711575,7.69780183218046,2.40448459600856,30.65,1.17106314470608
"q75",0.080699258661979,0.5,0.0403496293309895,0.2,"gradual","debt_threshold_tuned",100,3.4309303842308,0.162326194823486,1.26234284972744,3.04059065672249,7.26645815316486,1.93799409898418,37,1.69628232832089
"q75",0.080699258661979,0.5,0.0403496293309895,0.2,"gradual","debt_utility_tuned",100,4.20821859637981,0.177583380683878,1.86127519927419,3.77646347815952,8.43175123796296,2.40418666899127,44.71,1.88558031685556
"q75",0.080699258661979,0.5,0.0403496293309895,0.2,"gradual","hybrid_utility_tuned",100,4.28428587342767,0.20853028816138,1.83742886481048,3.68875832543601,8.70525661208739,2.67110769277471,39.98,2.00348080937536
"q75",0.080699258661979,0.5,0.0403496293309895,0.2,"gradual","never_retrain",100,120.17340542768,15.9675438080312,4.16489614920632,50.855241795373,479.984687930685,120.17340542768,0,0
"q75",0.080699258661979,0.5,0.0403496293309895,0.2,"none","alarm_tuned",100,0.468379451013853,0.0204679752085137,0.256594755226008,0.41520210525048,1.10890572790793,0.311822889209613,3.88,0.264872753898123
"q75",0.080699258661979,0.5,0.0403496293309895,0.2,"none","always_retrain",100,8.08318580420209,0.000944496671952443,8.0662928192462,8.08230603238625,8.1030469138435,0.0536095673351744,199,0
"q75",0.080699258661979,0.5,0.0403496293309895,0.2,"none","calendar_tuned",100,1.66880461885245,0.00195732455926257,1.64044332635438,1.66545253308467,1.71427170758224,0.0951690749438543,39,0
"q75",0.080699258661979,0.5,0.0403496293309895,0.2,"none","calendar10",100,0.899486961355495,0.00334178849290267,0.857528536405231,0.891267560548465,0.966019229906492,0.132844004066694,19,0
"q75",0.080699258661979,0.5,0.0403496293309895,0.2,"none","cusum_tuned",100,0.47476561007087,0.00721703854522531,0.355747609944689,0.476587743241777,0.635802138196314,0.172143390088448,7.5,0.105887304300946
"q75",0.080699258661979,0.5,0.0403496293309895,0.2,"none","debt_threshold_tuned",100,0.489858475464,0.0212057299803969,0.198108043999143,0.444349745264884,0.963874290082812,0.396650831709415,2.31,0.19524395514382
"q75",0.080699258661979,0.5,0.0403496293309895,0.2,"none","debt_utility_tuned",100,0.697265419647997,0.0300151964270246,0.221399353491548,0.662123833320007,1.32852246381732,0.470097006514526,5.63,0.438006272728479
"q75",0.080699258661979,0.5,0.0403496293309895,0.2,"none","hybrid_utility_tuned",100,0.690321591214139,0.0284592485793655,0.216164671664129,0.6672913476983,1.30966426007191,0.444592348588413,6.09,0.637402398945767
"q75",0.080699258661979,0.5,0.0403496293309895,0.2,"none","never_retrain",100,0.923452085937739,0.0660111306286622,0.213988627915989,0.784185305310711,2.46868555094318,0.923452085937739,0,0
"q75",0.080699258661979,0.5,0.0403496293309895,0.2,"variance","alarm_tuned",100,6.81044683522682,0.232436567800166,3.16010990950733,6.88338214952655,11.5515686162596,6.22093875070106,14.61,0.13095993681468
"q75",0.080699258661979,0.5,0.0403496293309895,0.2,"variance","always_retrain",100,9.1039381582211,0.0369452423482721,8.50887221114793,9.10797997810174,9.68635949623078,1.07436192135418,199,0
"q75",0.080699258661979,0.5,0.0403496293309895,0.2,"variance","calendar_tuned",100,4.65420156590989,0.109249799066019,2.92655063197161,4.7127681401397,6.54918029020081,3.0805660220013,39,0
"q75",0.080699258661979,0.5,0.0403496293309895,0.2,"variance","calendar10",100,6.46858978459795,0.210378585060145,3.13136563715669,6.50323665246917,10.4797006266106,5.70194682730915,19,0
"q75",0.080699258661979,0.5,0.0403496293309895,0.2,"variance","cusum_tuned",100,3.26956082936101,0.0690440230621283,2.0581063857523,3.29508821373847,4.37707127654442,2.19585719286338,26.61,0.372785041101017
"q75",0.080699258661979,0.5,0.0403496293309895,0.2,"variance","debt_threshold_tuned",100,2.99677250236053,0.0606535853680679,1.88757001030369,3.07610760669486,3.97585232640693,1.66160326779809,33.09,0.539752094236163
"q75",0.080699258661979,0.5,0.0403496293309895,0.2,"variance","debt_utility_tuned",100,3.34029478495148,0.0611923691158343,2.24301071110593,3.37848772748965,4.44233913749307,1.66780264918197,41.45,0.711148594340398
"q75",0.080699258661979,0.5,0.0403496293309895,0.2,"variance","hybrid_utility_tuned",100,3.65051739098843,0.0622888345097366,2.54136562263085,3.6965157714016,4.59311964448303,1.56645903604282,51.65,0.69607485374793
"q75",0.080699258661979,0.5,0.0403496293309895,0.2,"variance","never_retrain",100,156.430612369073,6.01594355271031,61.7561929557651,160.563740151538,255.77425964953,156.430612369073,0,0
"q75",0.080699258661979,1,0.080699258661979,0.02,"abrupt_coef","alarm_tuned",100,12.0594312380393,1.5844707798282,0.455435092352051,4.77226661363268,48.4128237396667,11.0966890822019,11.93,0.468018604482145
"q75",0.080699258661979,1,0.080699258661979,0.02,"abrupt_coef","always_retrain",100,17.9412269095759,0.256209112595761,16.1076399742144,16.7333598205144,24.9515137157333,1.88207443584203,199,0
"q75",0.080699258661979,1,0.080699258661979,0.02,"abrupt_coef","calendar_tuned",100,8.61188495821767,0.748230916763584,3.22129123701892,4.99372647046618,27.7488431548214,5.46461387040048,39,0
"q75",0.080699258661979,1,0.080699258661979,0.02,"abrupt_coef","calendar10",100,11.6235102085216,1.40348418675569,1.63475096931616,4.72355299071578,46.2214693744166,10.090224293944,19,0
"q75",0.080699258661979,1,0.080699258661979,0.02,"abrupt_coef","cusum_tuned",100,4.99898694051589,0.423827163194826,0.514855421018752,3.76415748041942,14.9236311204148,3.41647447815448,19.61,1.17386480731751
"q75",0.080699258661979,1,0.080699258661979,0.02,"abrupt_coef","debt_threshold_tuned",100,4.88196594428226,0.390438162394605,0.57872223789973,3.60770897317568,13.8772964243563,3.30590942261381,19.53,1.47986178715815
"q75",0.080699258661979,1,0.080699258661979,0.02,"abrupt_coef","debt_utility_tuned",100,6.12551518532381,0.417029259233526,0.743509161011996,5.28151024213033,15.3525521274004,3.18967615520102,36.38,2.3817818641691
"q75",0.080699258661979,1,0.080699258661979,0.02,"abrupt_coef","hybrid_utility_tuned",100,6.13830979228847,0.424600529478225,0.736848148279536,5.88651904419905,15.4423821829299,3.74799775072065,29.62,2.05877182177662
"q75",0.080699258661979,1,0.080699258661979,0.02,"abrupt_coef","never_retrain",100,213.035054428136,33.4351073004974,0.72809535968802,61.0116280204888,1220.89709568141,213.035054428136,0,0
"q75",0.080699258661979,1,0.080699258661979,0.02,"gradual","alarm_tuned",100,5.58286537611223,0.477872210933928,0.747496459735111,3.60079642561986,16.8037617304605,4.63626307200721,11.73,0.388172355761945
"q75",0.080699258661979,1,0.080699258661979,0.02,"gradual","always_retrain",100,16.8612201380788,0.0738243614177298,16.1512074893322,16.5432806558791,18.5190459057608,0.802067664344962,199,0
"q75",0.080699258661979,1,0.080699258661979,0.02,"gradual","calendar_tuned",100,5.4815371107905,0.225654297552234,3.32569035116719,4.43762717825008,10.7947445955601,2.33426602297332,39,0
"q75",0.080699258661979,1,0.080699258661979,0.02,"gradual","calendar10",100,5.79400764766422,0.435236984297254,1.81998401168266,3.91536696165848,16.0058180174707,4.26072173308662,19,0
"q75",0.080699258661979,1,0.080699258661979,0.02,"gradual","cusum_tuned",100,3.66741256550293,0.221562679715194,0.81477515540066,2.86093952632003,8.43466575466674,2.2471056130521,17.6,0.866433535077602
"q75",0.080699258661979,1,0.080699258661979,0.02,"gradual","debt_threshold_tuned",100,3.65734946749647,0.197487461801374,0.509285815005553,3.10481615732997,7.90003304104007,2.31209282560128,16.67,1.19020030569512
"q75",0.080699258661979,1,0.080699258661979,0.02,"gradual","debt_utility_tuned",100,5.34926018005836,0.23710224919991,1.25563346761475,4.81452423412455,10.1061197926228,2.79351465823348,31.67,2.00907310655306
"q75",0.080699258661979,1,0.080699258661979,0.02,"gradual","hybrid_utility_tuned",100,5.14950159730152,0.272241862560472,1.49953646022054,4.52349336380808,10.9663301753232,2.80438114058441,29.06,1.95509280567135
"q75",0.080699258661979,1,0.080699258661979,0.02,"gradual","never_retrain",100,62.2132344755638,9.62419667366507,0.817991474696635,19.2733927136203,331.90948192387,62.2132344755638,0,0
"q75",0.080699258661979,1,0.080699258661979,0.02,"none","alarm_tuned",100,0.593393823371886,0.0164592260852611,0.32982053181339,0.572732309350272,0.905863703268567,0.30933243288172,3.52,0.250042420643402
"q75",0.080699258661979,1,0.080699258661979,0.02,"none","always_retrain",100,16.1114950910027,0.000706961364348349,16.0989194119798,16.1120111174622,16.1260374482804,0.0523426172688275,199,0
"q75",0.080699258661979,1,0.080699258661979,0.02,"none","calendar_tuned",100,3.24214614076668,0.00154198155916917,3.21853780607503,3.24063264186737,3.27882544220673,0.094875052949495,39,0
"q75",0.080699258661979,1,0.080699258661979,0.02,"none","calendar10",100,1.66401860358663,0.00279397316803679,1.61823828547471,1.6605550449746,1.72274176242529,0.130732689009028,19,0
"q75",0.080699258661979,1,0.080699258661979,0.02,"none","cusum_tuned",100,0.598862353440973,0.0102856820810559,0.399174658113981,0.608705790725657,0.804336806574582,0.217961852556432,4.72,0.0888535283202051
"q75",0.080699258661979,1,0.080699258661979,0.02,"none","debt_threshold_tuned",100,0.597661068456277,0.0271450252875352,0.241805615918766,0.535230735055232,1.3394655294631,0.533101661526694,0.8,0.0910100449556437
"q75",0.080699258661979,1,0.080699258661979,0.02,"none","debt_utility_tuned",100,0.942749612324485,0.03489208578349,0.397180004007723,0.905719815462133,1.71788756757929,0.482763837951204,5.7,0.406139748054158
"q75",0.080699258661979,1,0.080699258661979,0.02,"none","hybrid_utility_tuned",100,0.912618677750579,0.0415612618465466,0.268578453489727,0.881648360698592,1.73533920142127,0.474421703216033,5.43,0.595819612047984
"q75",0.080699258661979,1,0.080699258661979,0.02,"none","never_retrain",100,0.960623495874141,0.0627027269397995,0.235519535367029,0.797527145687905,2.70619320460349,0.960623495874141,0,0
"q75",0.080699258661979,1,0.080699258661979,0.02,"variance","alarm_tuned",100,6.73244023310236,0.272970951613024,0.330851342666484,7.19537225573171,11.3607576800093,5.70110370740227,12.78,0.36364595946935
"q75",0.080699258661979,1,0.080699258661979,0.02,"variance","always_retrain",100,17.0466343961157,0.0428277510135069,16.1065067661347,17.0866130240992,17.7160359340978,0.987481922381919,199,0
"q75",0.080699258661979,1,0.080699258661979,0.02,"variance","calendar_tuned",100,5.98464732642346,0.125770414347279,3.23736902737443,5.97478609697698,7.89308544628846,2.83737623860628,39,0
"q75",0.080699258661979,1,0.080699258661979,0.02,"variance","calendar10",100,6.67373499485035,0.23105856393054,1.66828405289607,6.84042090639142,10.7828519930342,5.14044908027275,19,0
"q75",0.080699258661979,1,0.080699258661979,0.02,"variance","cusum_tuned",100,4.12213455127821,0.124522508969802,0.512142001929729,4.39446757653309,5.77322832021956,2.58965562928723,18.99,0.463080375683784
"q75",0.080699258661979,1,0.080699258661979,0.02,"variance","debt_threshold_tuned",100,3.92616086375649,0.109187480420424,0.394725344292243,4.13564129859476,5.22296635107176,2.32992952742254,19.78,0.69928968289691
"q75",0.080699258661979,1,0.080699258661979,0.02,"variance","debt_utility_tuned",100,5.15364661470178,0.141690392473608,0.845082141499231,5.31341731130575,7.52567427078341,2.07335591157404,38.17,1.26019519090969
"q75",0.080699258661979,1,0.080699258661979,0.02,"variance","hybrid_utility_tuned",100,5.47407310590205,0.143705703199229,0.692783575106932,5.74999761845615,7.24686648294704,1.72478554846651,46.46,1.46428318727125
"q75",0.080699258661979,1,0.080699258661979,0.02,"variance","never_retrain",100,111.392438402996,6.51859224575035,0.407579355760456,108.584986888077,226.647308046032,111.392438402996,0,0
"q75",0.080699258661979,1,0.080699258661979,0.05,"abrupt_coef","alarm_tuned",100,12.6404111594552,1.7153971207311,0.620803858989625,6.34749546148642,70.3384387715934,11.5025516123213,14.1,0.389897681475797
"q75",0.080699258661979,1,0.080699258661979,0.05,"abrupt_coef","always_retrain",100,18.0101373169205,0.292390014191168,16.1153463395714,16.920596151208,27.4162536785643,1.95098484318672,199,0
"q75",0.080699258661979,1,0.080699258661979,0.05,"abrupt_coef","calendar_tuned",100,8.84791172367369,0.845985089114604,3.24362582460961,5.71351504646113,37.36000294849,5.70064063585651,39,0
"q75",0.080699258661979,1,0.080699258661979,0.05,"abrupt_coef","calendar10",100,12.2983084414847,1.68519416400447,1.67634555316789,6.14354906928426,69.3081301996101,10.7650225269071,19,0
"q75",0.080699258661979,1,0.080699258661979,0.05,"abrupt_coef","cusum_tuned",100,5.44429488301918,0.443817800475887,0.64944871426467,4.46709178902295,18.4819509584905,3.7245936809324,21.31,1.10212787760126
"q75",0.080699258661979,1,0.080699258661979,0.05,"abrupt_coef","debt_threshold_tuned",100,5.21781056516776,0.40802494486919,0.704321528613845,4.27031367507612,16.9694945118547,3.38270942319436,22.74,1.42365442407626
"q75",0.080699258661979,1,0.080699258661979,0.05,"abrupt_coef","debt_utility_tuned",100,6.56111904852603,0.418661123939849,1.30219094922532,5.68638603440743,18.2343374777627,3.01922858585177,43.89,2.26995728166987
"q75",0.080699258661979,1,0.080699258661979,0.05,"abrupt_coef","hybrid_utility_tuned",100,5.90818771383574,0.410327970634754,0.988304742492585,4.91629679046811,18.0020249539911,3.19992059313973,33.56,1.85114324489795
"q75",0.080699258661979,1,0.080699258661979,0.05,"abrupt_coef","never_retrain",100,266.814577591337,44.7857743281624,0.728153304288974,108.213559824011,1696.90625007198,266.814577591337,0,0
"q75",0.080699258661979,1,0.080699258661979,0.05,"gradual","alarm_tuned",100,7.00668905964536,0.507565755777894,1.56921404096466,5.69841458061718,20.3016992278321,5.94468681565372,13.16,0.275505045875807
"q75",0.080699258661979,1,0.080699258661979,0.05,"gradual","always_retrain",100,17.0781243736094,0.0775766131911769,16.2420964902105,16.8627502456666,19.1501441860328,1.01897189987562,199,0
"q75",0.080699258661979,1,0.080699258661979,0.05,"gradual","calendar_tuned",100,6.14101853665075,0.233579910348491,3.5386295028543,5.52252765493389,11.8305493319638,2.99374744883356,39,0
"q75",0.080699258661979,1,0.080699258661979,0.05,"gradual","calendar10",100,6.98136207750224,0.446756225649577,2.18863708804876,5.76666703404697,18.4356415111987,5.44807616292464,19,0
"q75",0.080699258661979,1,0.080699258661979,0.05,"gradual","cusum_tuned",100,4.37602501600588,0.212436878807814,1.43063065689407,3.91497546014115,9.32978579026179,2.74267202068742,20.24,0.834256458401035
"q75",0.080699258661979,1,0.080699258661979,0.05,"gradual","debt_threshold_tuned",100,4.24303026060803,0.196334269625091,1.6990126841775,3.88859156019996,8.95912751356219,2.58304650993112,20.57,1.12152988944981
"q75",0.080699258661979,1,0.080699258661979,0.05,"gradual","debt_utility_tuned",100,5.73882805893116,0.215090995193887,2.50123229404917,5.66048213280945,10.0701885459062,2.65853735580342,38.17,1.86937330826579
"q75",0.080699258661979,1,0.080699258661979,0.05,"gradual","hybrid_utility_tuned",100,5.7333047859754,0.276199556659101,2.21162324502185,5.01412517055049,11.7471743934686,2.83862237777021,35.87,1.89617664224245
"q75",0.080699258661979,1,0.080699258661979,0.05,"gradual","never_retrain",100,89.9487941657175,12.0656392351057,3.49806322070727,35.5015131942626,437.50834656288,89.9487941657175,0,0
"q75",0.080699258661979,1,0.080699258661979,0.05,"none","alarm_tuned",100,0.577715708063825,0.0200245103255376,0.223035535578112,0.552030259211402,0.946813058100261,0.313022139652534,3.28,0.267453384968882
"q75",0.080699258661979,1,0.080699258661979,0.05,"none","always_retrain",100,16.1113477989655,0.000708526330716172,16.0978723642411,16.1115314639436,16.1240605579709,0.0521953252317,199,0
"q75",0.080699258661979,1,0.080699258661979,0.05,"none","calendar_tuned",100,3.23747107674249,0.0013955475884994,3.21353739161723,3.23724677201155,3.270215816551,0.0901999889253113,39,0
"q75",0.080699258661979,1,0.080699258661979,0.05,"none","calendar10",100,1.65586253952893,0.00223613038547656,1.62081469195646,1.65287318491103,1.71168343616409,0.122576624951328,19,0
"q75",0.080699258661979,1,0.080699258661979,0.05,"none","cusum_tuned",100,0.575216183095444,0.0096411239841857,0.408937270494868,0.582524105658889,0.789819260657644,0.208034556183439,4.55,0.0770346898114313
"q75",0.080699258661979,1,0.080699258661979,0.05,"none","debt_threshold_tuned",100,0.579979482565745,0.0266865334194361,0.206000975191563,0.543346077844392,1.15366414012039,0.525103986675599,0.68,0.082731157639939
"q75",0.080699258661979,1,0.080699258661979,0.05,"none","debt_utility_tuned",100,0.901358278900508,0.0324035846653301,0.410698200913111,0.88978302089661,1.57997623411816,0.484950104204697,5.16,0.367002600932077
"q75",0.080699258661979,1,0.080699258661979,0.05,"none","hybrid_utility_tuned",100,0.931996259226057,0.0369119029721521,0.28816034081438,0.869803822172929,1.69470527986097,0.508325151250667,5.25,0.562529460507975
"q75",0.080699258661979,1,0.080699258661979,0.05,"none","never_retrain",100,0.816049463143411,0.047403691924577,0.206000975191563,0.669947434620155,1.85907207963428,0.816049463143411,0,0
"q75",0.080699258661979,1,0.080699258661979,0.05,"variance","alarm_tuned",100,6.96618655265072,0.226135047304153,3.65977450061988,6.55723927159891,11.4786319786703,5.81380113895766,14.28,0.179268998260641
"q75",0.080699258661979,1,0.080699258661979,0.05,"variance","always_retrain",100,17.0792418704928,0.0357194267427759,16.5944549992048,17.0104384537177,17.7087023225272,1.02008939675895,199,0
"q75",0.080699258661979,1,0.080699258661979,0.05,"variance","calendar_tuned",100,6.09786285489943,0.104027852734528,4.65522471209667,5.91721793271971,8.19720950893504,2.95059176708225,39,0
"q75",0.080699258661979,1,0.080699258661979,0.05,"variance","calendar10",100,6.92672841134046,0.189416945316571,4.20569455172323,6.72675567748434,10.7879592421559,5.39344249676286,19,0
"q75",0.080699258661979,1,0.080699258661979,0.05,"variance","cusum_tuned",100,4.31427493515831,0.0822469760310532,2.93940432934182,4.29225972294621,5.87507893600591,2.70835968778492,19.9,0.319880028015555
"q75",0.080699258661979,1,0.080699258661979,0.05,"variance","debt_threshold_tuned",100,4.00494156207386,0.0731297060483393,2.85796383164367,3.88728303876996,5.36236504795657,2.24892569358919,21.76,0.396734142465682
"q75",0.080699258661979,1,0.080699258661979,0.05,"variance","debt_utility_tuned",100,5.14617572592776,0.0927017056108525,3.61513385110632,5.0846596382102,6.60790436212173,1.79070055076267,41.58,0.769386479966704
"q75",0.080699258661979,1,0.080699258661979,0.05,"variance","hybrid_utility_tuned",100,5.70539938026842,0.0926482495231075,4.18314187909565,5.57422241924823,7.52870369069883,1.64219170663778,50.35,0.922816833987606
"q75",0.080699258661979,1,0.080699258661979,0.05,"variance","never_retrain",100,131.37428565493,5.69447752347956,54.0855287049158,117.112479867126,250.386607225716,131.37428565493,0,0
"q75",0.080699258661979,1,0.080699258661979,0.1,"abrupt_coef","alarm_tuned",100,14.4095533791494,2.04163889231411,0.674877160793269,6.73543083270228,59.8632151764014,13.2265022471648,14.66,0.369334646097656
"q75",0.080699258661979,1,0.080699258661979,0.1,"abrupt_coef","always_retrain",100,18.1551800085709,0.283749131735995,16.1128689184024,17.0320568404658,25.4417410868879,2.09602753483713,199,0
"q75",0.080699258661979,1,0.080699258661979,0.1,"abrupt_coef","calendar_tuned",100,9.72851434564801,1.007221853469,3.25456888561347,5.90864311987815,35.1239363404236,6.58124325783083,39,0
"q75",0.080699258661979,1,0.080699258661979,0.1,"abrupt_coef","calendar10",100,12.9800796813843,1.61803523632663,1.67311426974419,6.8574115434767,62.2952688452112,11.4467937668066,19,0
"q75",0.080699258661979,1,0.080699258661979,0.1,"abrupt_coef","cusum_tuned",100,5.73014617960512,0.430223541299194,0.61924070085846,4.7794367622995,15.1905968609222,3.94104361506905,22.17,1.11146958863689
"q75",0.080699258661979,1,0.080699258661979,0.1,"abrupt_coef","debt_threshold_tuned",100,5.47186828367416,0.40360935418458,0.697719440292201,4.59680167581774,14.0493811207857,3.50764832784159,24.34,1.40261084115202
"q75",0.080699258661979,1,0.080699258661979,0.1,"abrupt_coef","debt_utility_tuned",100,6.66238560853438,0.419244122658974,1.17321863118712,5.83181760165772,15.9307050082392,2.89776519195306,46.65,2.2037330586846
"q75",0.080699258661979,1,0.080699258661979,0.1,"abrupt_coef","hybrid_utility_tuned",100,6.11045245682615,0.396977834342727,1.31635605377176,5.06444819215059,15.5996456156868,3.33278397368083,34.42,1.7342759674611
"q75",0.080699258661979,1,0.080699258661979,0.1,"abrupt_coef","never_retrain",100,303.801201763386,41.4015494113071,1.2526537405113,133.861168660888,1348.72054298213,303.801201763386,0,0
"q75",0.080699258661979,1,0.080699258661979,0.1,"gradual","alarm_tuned",100,7.14498509611827,0.47627662107368,1.62554544404304,6.05761838987613,19.7141779663324,6.03537028951606,13.75,0.285817982625165
"q75",0.080699258661979,1,0.080699258661979,0.1,"gradual","always_retrain",100,17.103684588638,0.0730391357758715,16.2777171386338,16.9483497495947,18.9257224266053,1.04453211490416,199,0
"q75",0.080699258661979,1,0.080699258661979,0.1,"gradual","calendar_tuned",100,6.17752549368492,0.223213896452447,3.72349461067805,5.58939019372515,11.835370705077,3.03025440586773,39,0
"q75",0.080699258661979,1,0.080699258661979,0.1,"gradual","calendar10",100,7.06239671181412,0.421258210441829,2.45438698158215,6.04431319623962,17.6049940692009,5.52911079723652,19,0
"q75",0.080699258661979,1,0.080699258661979,0.1,"gradual","cusum_tuned",100,4.54835544384333,0.210264491604216,1.69641869219167,4.21917401167132,9.44879480243448,2.84721507124882,21.08,0.79692337692332
"q75",0.080699258661979,1,0.080699258661979,0.1,"gradual","debt_threshold_tuned",100,4.31681440588661,0.189151971424831,1.77709195114456,4.03879994969914,8.59071812162169,2.56402650774843,21.72,1.0755388595415
"q75",0.080699258661979,1,0.080699258661979,0.1,"gradual","debt_utility_tuned",100,5.71855200325315,0.201539380953261,2.71035265920227,5.27857678789107,9.70543303398136,2.36791878360778,41.52,1.77732519491646
"q75",0.080699258661979,1,0.080699258661979,0.1,"gradual","hybrid_utility_tuned",100,5.59184023537096,0.242487522366057,2.24159058417379,4.98775559824279,11.2786170127771,2.63905436092915,36.59,1.75902262806952
"q75",0.080699258661979,1,0.080699258661979,0.1,"gradual","never_retrain",100,99.5782908902433,11.9130047619753,2.63945669333486,46.9442067700413,388.882065516609,99.5782908902433,0,0
"q75",0.080699258661979,1,0.080699258661979,0.1,"none","alarm_tuned",100,0.590483165049906,0.0186494253378474,0.313176693834084,0.598894513808107,0.994339355944357,0.270107108161849,3.97,0.272457947825593
"q75",0.080699258661979,1,0.080699258661979,0.1,"none","always_retrain",100,16.1124273755523,0.000818194510972274,16.0997722058036,16.1118226806721,16.1291515569863,0.0532749018184896,199,0
"q75",0.080699258661979,1,0.080699258661979,0.1,"none","calendar_tuned",100,3.24072123274237,0.00158733561222436,3.21437535025477,3.23971805005196,3.27391021910543,0.0934501449251832,39,0
"q75",0.080699258661979,1,0.080699258661979,0.1,"none","calendar10",100,1.66154583182757,0.00278001619906136,1.61769476543486,1.65665687890887,1.70995708984292,0.128259917249965,19,0
"q75",0.080699258661979,1,0.080699258661979,0.1,"none","cusum_tuned",100,0.584618853536171,0.0089174338287034,0.404752959164232,0.588046664108772,0.750834919895105,0.213402263691067,4.6,0.0778498944161523
"q75",0.080699258661979,1,0.080699258661979,0.1,"none","debt_threshold_tuned",100,0.60390767442034,0.0242813534936111,0.263697285354921,0.562241501739406,1.16286197109471,0.541769245250616,0.77,0.0972916058334765
"q75",0.080699258661979,1,0.080699258661979,0.1,"none","debt_utility_tuned",100,0.899310376075857,0.0318629355885559,0.309568299936797,0.928774300150773,1.53556726070177,0.472411297753988,5.29,0.353994521443653
"q75",0.080699258661979,1,0.080699258661979,0.1,"none","hybrid_utility_tuned",100,0.880083065618655,0.0409876111417374,0.297004943368283,0.832449856097572,1.80297441535282,0.427360224524952,5.61,0.61132328731708
"q75",0.080699258661979,1,0.080699258661979,0.1,"none","never_retrain",100,0.819081026593297,0.0600397776473974,0.263060355309257,0.618315379111448,2.64785430808929,0.819081026593297,0,0
"q75",0.080699258661979,1,0.080699258661979,0.1,"variance","alarm_tuned",100,6.89013512555881,0.219642645759546,3.84774410337209,6.50571319435628,11.5018543451558,5.69659308994814,14.79,0.131268096395557
"q75",0.080699258661979,1,0.080699258661979,0.1,"variance","always_retrain",100,17.0399870244629,0.033340304678832,16.5428852502397,17.0068436508642,17.6503230415213,0.980834550729056,199,0
"q75",0.080699258661979,1,0.080699258661979,0.1,"variance","calendar_tuned",100,6.01246616453992,0.105278416507863,4.4570472179457,5.93273490072719,7.84454782521563,2.86519507672274,39,0
"q75",0.080699258661979,1,0.080699258661979,0.1,"variance","calendar10",100,6.75765186465734,0.193736491182941,3.95918282951741,6.62292919760772,10.6666808069513,5.22436595007974,19,0
"q75",0.080699258661979,1,0.080699258661979,0.1,"variance","cusum_tuned",100,4.24086504058194,0.0796397523150281,2.95510177042919,4.22974112203306,5.80915793615329,2.64382671166138,19.79,0.288603394283434
"q75",0.080699258661979,1,0.080699258661979,0.1,"variance","debt_threshold_tuned",100,3.93289288081162,0.071667802031204,2.7280144957734,3.87438214271745,5.24108506577144,2.17687701232695,21.76,0.353659083687592
"q75",0.080699258661979,1,0.080699258661979,0.1,"variance","debt_utility_tuned",100,4.94560933397523,0.0742916218508998,3.58731759999147,4.84028660299375,6.45334624289858,1.50782091497493,42.6,0.558316372424427
"q75",0.080699258661979,1,0.080699258661979,0.1,"variance","hybrid_utility_tuned",100,5.5267494062468,0.0888765107755187,4.00198938351693,5.55379740056767,7.09250922870632,1.46434872520277,50.34,0.736113188485729
"q75",0.080699258661979,1,0.080699258661979,0.1,"variance","never_retrain",100,135.628721945368,5.32586994466935,62.3293144275523,128.298774130622,235.420086980599,135.628721945368,0,0
"q75",0.080699258661979,1,0.080699258661979,0.2,"abrupt_coef","alarm_tuned",100,10.7824471824218,1.26803977328127,0.66120344642247,6.59214898235654,39.8935124359225,9.58487018387799,14.84,0.340445341138677
"q75",0.080699258661979,1,0.080699258661979,0.2,"abrupt_coef","always_retrain",100,17.7087250534172,0.20816275880223,16.1113932317723,16.967833638241,23.7851884193873,1.64957257968335,199,0
"q75",0.080699258661979,1,0.080699258661979,0.2,"abrupt_coef","calendar_tuned",100,7.98860939232464,0.594157542868778,3.24007488170363,5.78891282056776,24.7906551772492,4.84133830450746,39,0
"q75",0.080699258661979,1,0.080699258661979,0.2,"abrupt_coef","calendar10",100,10.6546859814465,1.14385588699062,1.66210772833359,6.33306011897113,45.3293734922829,9.12140006686895,19,0
"q75",0.080699258661979,1,0.080699258661979,0.2,"abrupt_coef","cusum_tuned",100,5.16349573300285,0.36260588333655,0.605599807374275,4.56667641745309,14.1018195797927,3.43168964211677,21.46,1.07029874051098
"q75",0.080699258661979,1,0.080699258661979,0.2,"abrupt_coef","debt_threshold_tuned",100,4.95761993591503,0.34379220115132,0.559278280152715,4.48577164292252,13.3269967541015,3.05553840925219,23.57,1.36213253778957
"q75",0.080699258661979,1,0.080699258661979,0.2,"abrupt_coef","debt_utility_tuned",100,6.08399481829499,0.362322518156076,0.89035328336897,5.72858979490959,14.7247060031148,2.34600515707212,46.32,2.18210721991196
"q75",0.080699258661979,1,0.080699258661979,0.2,"abrupt_coef","hybrid_utility_tuned",100,5.44713079277309,0.346818890742491,0.597018091652176,4.91521760941242,13.7479806705167,2.84296571575102,32.27,1.78273736855784
"q75",0.080699258661979,1,0.080699258661979,0.2,"abrupt_coef","never_retrain",100,251.400381704941,33.9859507451935,1.16837655147119,130.939711712196,1150.38768915258,251.400381704941,0,0
"q75",0.080699258661979,1,0.080699258661979,0.2,"gradual","alarm_tuned",100,7.7858434990613,0.549067958293354,2.06791428583372,6.15861464655407,22.3486430317985,6.65605387779359,14,0.261309831967395
"q75",0.080699258661979,1,0.080699258661979,0.2,"gradual","always_retrain",100,17.1837504342373,0.0838742051499332,16.2630578955378,16.9192181819291,19.3632967349617,1.12459796050348,199,0
"q75",0.080699258661979,1,0.080699258661979,0.2,"gradual","calendar_tuned",100,6.45654684820129,0.257956577802326,3.69904206804939,5.63843881467782,13.0546702622498,3.3092757603841,39,0
"q75",0.080699258661979,1,0.080699258661979,0.2,"gradual","calendar10",100,7.64408935295805,0.493774317960823,2.45460135032911,6.05173877017078,20.1959411776407,6.11080343838045,19,0
"q75",0.080699258661979,1,0.080699258661979,0.2,"gradual","cusum_tuned",100,4.84116770960493,0.235136861936891,1.62929331040641,4.34736895224883,10.218830126819,3.05448612282871,22.14,0.912873142193029
"q75",0.080699258661979,1,0.080699258661979,0.2,"gradual","debt_threshold_tuned",100,4.60469409487041,0.212311783372647,1.46808164221129,4.18827899700207,9.44957942639256,2.69938459786108,23.61,1.23565669777146
"q75",0.080699258661979,1,0.080699258661979,0.2,"gradual","debt_utility_tuned",100,6.01225052376835,0.214224687953437,2.93240062023216,5.77006872881422,10.4987383173808,2.40418666899127,44.71,1.88558031685556
"q75",0.080699258661979,1,0.080699258661979,0.2,"gradual","hybrid_utility_tuned",100,5.89746405408063,0.2510386009133,2.67302455087354,5.19119489533506,11.673187337175,2.67110769277471,39.98,2.00348080937536
"q75",0.080699258661979,1,0.080699258661979,0.2,"gradual","never_retrain",100,120.17340542768,15.9675438080312,4.16489614920632,50.855241795373,479.984687930685,120.17340542768,0,0
"q75",0.080699258661979,1,0.080699258661979,0.2,"none","alarm_tuned",100,0.624936012818092,0.0232488219831818,0.316268249733496,0.584814652557383,1.19955400432429,0.311822889209613,3.88,0.264872753898123
"q75",0.080699258661979,1,0.080699258661979,0.2,"none","always_retrain",100,16.112762041069,0.000944496671953272,16.0958690561131,16.1118822692532,16.1326231507104,0.0536095673351744,199,0
"q75",0.080699258661979,1,0.080699258661979,0.2,"none","calendar_tuned",100,3.24244016276104,0.00195732455926258,3.21407887026297,3.23908807699326,3.28790725149083,0.0951690749438543,39,0
"q75",0.080699258661979,1,0.080699258661979,0.2,"none","calendar10",100,1.6661299186443,0.00334178849290263,1.62417149369403,1.65791051783727,1.73266218719529,0.132844004066694,19,0
"q75",0.080699258661979,1,0.080699258661979,0.2,"none","cusum_tuned",100,0.602609275880589,0.0107200524172121,0.410861867476495,0.613974360005711,0.811730669217132,0.220901782409429,4.73,0.0789514618821801
"q75",0.080699258661979,1,0.080699258661979,0.2,"none","debt_threshold_tuned",100,0.614166616661697,0.0279382875090696,0.213988627915989,0.608345684812388,1.0780871831195,0.553642172665213,0.75,0.0967919772950572
"q75",0.080699258661979,1,0.080699258661979,0.2,"none","debt_utility_tuned",100,0.924433832781468,0.0397302826351328,0.225364884571427,0.909629775234871,1.63807013267806,0.470097006514526,5.63,0.438006272728479
"q75",0.080699258661979,1,0.080699258661979,0.2,"none","hybrid_utility_tuned",100,0.936050833839865,0.0439745365478056,0.234434096538995,0.858074905131943,1.82888894233067,0.444592348588413,6.09,0.637402398945767
"q75",0.080699258661979,1,0.080699258661979,0.2,"none","never_retrain",100,0.923452085937739,0.0660111306286622,0.213988627915989,0.784185305310711,2.46868555094318,0.923452085937739,0,0
"q75",0.080699258661979,1,0.080699258661979,0.2,"variance","alarm_tuned",100,7.39995491975257,0.233882882343039,3.70583864620896,7.5088014041569,12.1759791301567,6.22093875070106,14.61,0.13095993681468
"q75",0.080699258661979,1,0.080699258661979,0.2,"variance","always_retrain",100,17.133514395088,0.0369452423482721,16.5384484480148,17.1375562149687,17.7159357330977,1.07436192135418,199,0
"q75",0.080699258661979,1,0.080699258661979,0.2,"variance","calendar_tuned",100,6.22783710981849,0.109249799066019,4.5001861758802,6.2864036840483,8.12281583410941,3.0805660220013,39,0
"q75",0.080699258661979,1,0.080699258661979,0.2,"variance","calendar10",100,7.23523274188675,0.210378585060145,3.89800859444549,7.26987960975798,11.2463435838994,5.70194682730915,19,0
"q75",0.080699258661979,1,0.080699258661979,0.2,"variance","cusum_tuned",100,4.36566438384431,0.0845433562827332,2.76765719123193,4.41215040110838,5.80363925541017,2.76943304751036,19.78,0.288353038387798
"q75",0.080699258661979,1,0.080699258661979,0.2,"variance","debt_threshold_tuned",100,4.07031677969292,0.0764325531778762,2.7573774213624,4.06959746848321,5.20787527935679,2.29654707430262,21.98,0.392345961538224
"q75",0.080699258661979,1,0.080699258661979,0.2,"variance","debt_utility_tuned",100,5.012786920721,0.0836968355925164,3.42155931890348,5.0769827800194,6.52968534276741,1.66780264918197,41.45,0.711148594340398
"q75",0.080699258661979,1,0.080699258661979,0.2,"variance","hybrid_utility_tuned",100,5.73457574593404,0.0875527194716772,4.2360500545324,5.83654127646754,7.12133285322745,1.56645903604282,51.65,0.69607485374793
"q75",0.080699258661979,1,0.080699258661979,0.2,"variance","never_retrain",100,156.430612369073,6.01594355271031,61.7561929557651,160.563740151538,255.77425964953,156.430612369073,0,0
"q75",0.080699258661979,2,0.161398517323958,0.02,"abrupt_coef","alarm_tuned",100,13.1059208963425,1.61933489528775,0.703117370666674,6.10380438155532,53.5527208658327,11.2159442584789,11.71,0.483316614130892
"q75",0.080699258661979,2,0.161398517323958,0.02,"abrupt_coef","always_retrain",100,34.0003793833097,0.256209112595761,32.1667924479482,32.7925122942483,41.0106661894671,1.88207443584203,199,0
"q75",0.080699258661979,2,0.161398517323958,0.02,"abrupt_coef","calendar_tuned",100,13.1567961230992,1.40348418675569,3.16803688389376,6.25683890529339,47.7547552889942,10.090224293944,19,0
"q75",0.080699258661979,2,0.161398517323958,0.02,"abrupt_coef","calendar10",100,13.1567961230992,1.40348418675569,3.16803688389376,6.25683890529339,47.7547552889942,10.090224293944,19,0
"q75",0.080699258661979,2,0.161398517323958,0.02,"abrupt_coef","cusum_tuned",100,6.52143533596344,0.530486844715291,0.740968116176092,5.18994140869309,18.2663749034602,4.22473443444352,14.23,0.887950198803714
"q75",0.080699258661979,2,0.161398517323958,0.02,"abrupt_coef","debt_threshold_tuned",100,6.3895304376734,0.483258220901481,0.600472335224494,5.32330932666297,16.8877022030356,3.85557371568726,15.7,1.24580102826262
"q75",0.080699258661979,2,0.161398517323958,0.02,"abrupt_coef","debt_utility_tuned",100,8.3358167381648,0.514346827771135,0.621378160412167,8.00990744640229,18.5938543451727,6.1294990063463,13.67,1.29560679594427
"q75",0.080699258661979,2,0.161398517323958,0.02,"abrupt_coef","hybrid_utility_tuned",100,7.89158259637887,0.494705673832102,0.662081953032372,7.84014497383948,17.6547558129143,5.2543308233054,16.34,1.53571751400714
"q75",0.080699258661979,2,0.161398517323958,0.02,"abrupt_coef","never_retrain",100,213.035054428136,33.4351073004974,0.72809535968802,61.0116280204888,1220.89709568141,213.035054428136,0,0
"q75",0.080699258661979,2,0.161398517323958,0.02,"gradual","alarm_tuned",100,6.51205046979799,0.502131133818744,0.82895560710297,4.55268392056146,17.8974067868799,4.69470316473022,11.26,0.395586765310581
"q75",0.080699258661979,2,0.161398517323958,0.02,"gradual","always_retrain",100,32.9203726118126,0.0738243614177302,32.210359963066,32.6024331296128,34.5781983794946,0.802067664344962,199,0
"q75",0.080699258661979,2,0.161398517323958,0.02,"gradual","calendar_tuned",100,7.32729356224182,0.435236984297254,3.35326992626026,5.44865287623608,17.5391039320483,4.26072173308662,19,0
"q75",0.080699258661979,2,0.161398517323958,0.02,"gradual","calendar10",100,7.32729356224182,0.435236984297254,3.35326992626026,5.44865287623608,17.5391039320483,4.26072173308662,19,0
"q75",0.080699258661979,2,0.161398517323958,0.02,"gradual","cusum_tuned",100,4.90775512338628,0.295230747621207,1.09939029320964,3.84279772968152,11.317740758065,2.89511561235652,12.47,0.650167810506012
"q75",0.080699258661979,2,0.161398517323958,0.02,"gradual","debt_threshold_tuned",100,4.92248068412562,0.270965217528361,0.657408119658574,4.14514136398357,10.8108144655938,2.91306914344234,12.45,0.958573751134276
"q75",0.080699258661979,2,0.161398517323958,0.02,"gradual","debt_utility_tuned",100,7.96802743511545,0.394639398181806,1.07439124386239,7.92712698115017,15.9386630121249,6.56063236405054,8.72,1.00514635348251
"q75",0.080699258661979,2,0.161398517323958,0.02,"gradual","hybrid_utility_tuned",100,7.23809173203369,0.388793078038243,0.77029407796148,6.78447192197843,15.2134448031185,5.28839764276028,12.08,1.3418425444669
"q75",0.080699258661979,2,0.161398517323958,0.02,"gradual","never_retrain",100,62.2132344755638,9.62419667366507,0.817991474696635,19.2733927136203,331.90948192387,62.2132344755638,0,0
"q75",0.080699258661979,2,0.161398517323958,0.02,"none","alarm_tuned",100,0.873325635408146,0.0343387516094425,0.36800943836331,0.829314087941026,1.52849200994121,0.310044809947533,3.49,0.250048480147835
"q75",0.080699258661979,2,0.161398517323958,0.02,"none","always_retrain",100,32.1706475647365,0.000706961364348354,32.1580718857137,32.1711635911959,32.1851899220142,0.0523426172688275,199,0
"q75",0.080699258661979,2,0.161398517323958,0.02,"none","calendar_tuned",100,3.19730451816423,0.00279397316803674,3.15152420005232,3.19384095955221,3.25602767700289,0.130732689009028,19,0
"q75",0.080699258661979,2,0.161398517323958,0.02,"none","calendar10",100,3.19730451816423,0.00279397316803674,3.15152420005232,3.19384095955221,3.25602767700289,0.130732689009028,19,0
"q75",0.080699258661979,2,0.161398517323958,0.02,"none","cusum_tuned",100,0.744098596534242,0.0153522313629119,0.495270554194445,0.757494636179908,1.07285470858685,0.276042896294764,2.9,0.0659047368816107
"q75",0.080699258661979,2,0.161398517323958,0.02,"none","debt_threshold_tuned",100,0.711623782368318,0.0326488732881223,0.235519535367029,0.662490437886595,1.47871457589527,0.647064375438735,0.4,0.0619546918189723
"q75",0.080699258661979,2,0.161398517323958,0.02,"none","debt_utility_tuned",100,0.872809114391998,0.0463115229746084,0.235519535367029,0.763034397908141,1.76794896769075,0.853441292313123,0.12,0.032659863237109
"q75",0.080699258661979,2,0.161398517323958,0.02,"none","hybrid_utility_tuned",100,0.829986448440103,0.0406373665941114,0.243952372712058,0.749370671020351,1.69308679422591,0.775110952549958,0.34,0.065474183361602
"q75",0.080699258661979,2,0.161398517323958,0.02,"none","never_retrain",100,0.960623495874141,0.0627027269397995,0.235519535367029,0.797527145687905,2.70619320460349,0.960623495874141,0,0
"q75",0.080699258661979,2,0.161398517323958,0.02,"variance","alarm_tuned",100,7.68953774278648,0.288437000032327,0.369183490530924,8.18665884605162,12.5309404796548,5.66075838002433,12.57,0.36577163488834
"q75",0.080699258661979,2,0.161398517323958,0.02,"variance","always_retrain",100,33.1057868698496,0.0428277510135068,32.1656592398685,33.1457654978331,33.7751884078316,0.987481922381919,199,0
"q75",0.080699258661979,2,0.161398517323958,0.02,"variance","calendar_tuned",100,8.20702090942795,0.23105856393054,3.20156996747368,8.37370682096902,12.3161379076118,5.14044908027275,19,0
"q75",0.080699258661979,2,0.161398517323958,0.02,"variance","calendar10",100,8.20702090942795,0.23105856393054,3.20156996747368,8.37370682096902,12.3161379076118,5.14044908027275,19,0
"q75",0.080699258661979,2,0.161398517323958,0.02,"variance","cusum_tuned",100,5.55751687466573,0.171707016217701,0.645435577626062,5.79087599084317,7.79220155969147,3.3705669649261,13.55,0.357707346100895
"q75",0.080699258661979,2,0.161398517323958,0.02,"variance","debt_threshold_tuned",100,5.35801512508727,0.148442382748116,0.407579355760456,5.64775518592164,7.02278078221301,2.87247795829832,15.4,0.572254093453902
"q75",0.080699258661979,2,0.161398517323958,0.02,"variance","debt_utility_tuned",100,6.7091141242044,0.250633465133899,0.407579355760456,6.76514110938878,12.9995807434812,4.54153203654365,13.43,0.57739488089595
"q75",0.080699258661979,2,0.161398517323958,0.02,"variance","hybrid_utility_tuned",100,6.57185934491996,0.209938055236014,0.407579355760456,6.86251827866258,11.1160795785223,3.04691572656471,21.84,0.883715754840625
"q75",0.080699258661979,2,0.161398517323958,0.02,"variance","never_retrain",100,111.392438402996,6.51859224575035,0.407579355760456,108.584986888077,226.647308046032,111.392438402996,0,0
"q75",0.080699258661979,2,0.161398517323958,0.05,"abrupt_coef","alarm_tuned",100,13.7324118981925,1.72690167594808,0.858389198747314,7.43835641828979,71.7486583167115,11.5083403294684,13.78,0.412085114283617
"q75",0.080699258661979,2,0.161398517323958,0.05,"abrupt_coef","always_retrain",100,34.0692897906544,0.292390014191168,32.1744988133053,32.9797486249418,43.4754061522981,1.95098484318672,199,0
"q75",0.080699258661979,2,0.161398517323958,0.05,"abrupt_coef","calendar_tuned",100,13.8315943560623,1.68519416400447,3.20963146774549,7.67683498386186,70.8414161141877,10.7650225269071,19,0
"q75",0.080699258661979,2,0.161398517323958,0.05,"abrupt_coef","calendar10",100,13.8315943560623,1.68519416400447,3.20963146774549,7.67683498386186,70.8414161141877,10.7650225269071,19,0
"q75",0.080699258661979,2,0.161398517323958,0.05,"abrupt_coef","cusum_tuned",100,7.09902962549816,0.533708866478779,0.821526785175525,6.11483092644872,22.2292478361435,4.60703651801625,15.44,0.84713659113534
"q75",0.080699258661979,2,0.161398517323958,0.05,"abrupt_coef","debt_threshold_tuned",100,6.89681027756213,0.498266744592125,0.633245463203601,6.12176136445382,20.6149723646811,3.99325095090412,17.99,1.18334357656685
"q75",0.080699258661979,2,0.161398517323958,0.05,"abrupt_coef","debt_utility_tuned",100,7.77444390489966,0.483518816614188,0.728153304288974,6.88344534420625,21.0467783935099,5.05326490281772,16.86,1.26491266117627
"q75",0.080699258661979,2,0.161398517323958,0.05,"abrupt_coef","hybrid_utility_tuned",100,7.56052932678932,0.490007950656192,0.728153304288974,6.67180619021658,20.9303906048732,4.51655329005947,18.86,1.38709929148725
"q75",0.080699258661979,2,0.161398517323958,0.05,"abrupt_coef","never_retrain",100,266.814577591337,44.7857743281624,0.728153304288974,108.213559824011,1696.90625007198,266.814577591337,0,0
"q75",0.080699258661979,2,0.161398517323958,0.05,"gradual","alarm_tuned",100,8.00643587706114,0.525533486934227,2.27825406483874,6.55317443984416,21.6667148339377,5.96151666256658,12.67,0.29269041113039
"q75",0.080699258661979,2,0.161398517323958,0.05,"gradual","always_retrain",100,33.1372768473433,0.0775766131911766,32.3012489639443,32.9219027194004,35.2092966597666,1.01897189987562,199,0
"q75",0.080699258661979,2,0.161398517323958,0.05,"gradual","calendar_tuned",100,8.51464799207984,0.446756225649577,3.72192300262636,7.29995294862457,19.9689274257764,5.44807616292464,19,0
"q75",0.080699258661979,2,0.161398517323958,0.05,"gradual","calendar10",100,8.51464799207984,0.446756225649577,3.72192300262636,7.29995294862457,19.9689274257764,5.44807616292464,19,0
"q75",0.080699258661979,2,0.161398517323958,0.05,"gradual","cusum_tuned",100,5.8553441730913,0.290832017751506,1.92621898350735,5.353934080393,12.5767834646465,3.52474958293334,14.44,0.644215912108775
"q75",0.080699258661979,2,0.161398517323958,0.05,"gradual","debt_threshold_tuned",100,5.77494721946892,0.270811495017472,2.28026579087561,5.33083057849483,12.141688034641,3.20386883849827,15.93,0.917974824152481
"q75",0.080699258661979,2,0.161398517323958,0.05,"gradual","debt_utility_tuned",100,9.03704901783461,0.367986379508776,2.66530213032822,8.70127348691225,15.5201578624443,7.03247943267105,12.42,1.03827557113522
"q75",0.080699258661979,2,0.161398517323958,0.05,"gradual","hybrid_utility_tuned",100,8.5273246306736,0.382748609555091,2.60715165404779,7.89998684231657,16.2980622225088,5.83681134688322,16.67,1.32832810538494
"q75",0.080699258661979,2,0.161398517323958,0.05,"gradual","never_retrain",100,89.9487941657175,12.0656392351057,3.49806322070727,35.5015131942626,437.50834656288,89.9487941657175,0,0
"q75",0.080699258661979,2,0.161398517323958,0.05,"none","alarm_tuned",100,0.773693504767031,0.0340827440231949,0.248319717923101,0.779673275880369,1.55211758428663,0.331461567299386,2.74,0.232083231325803
"q75",0.080699258661979,2,0.161398517323958,0.05,"none","always_retrain",100,32.1705002726993,0.000708526330716465,32.1570248379749,32.1706839376775,32.1832130317047,0.0521953252317,199,0
"q75",0.080699258661979,2,0.161398517323958,0.05,"none","calendar_tuned",100,3.18914845410653,0.00223613038547651,3.15410060653407,3.18615909948864,3.2449693507417,0.122576624951328,19,0
"q75",0.080699258661979,2,0.161398517323958,0.05,"none","calendar10",100,3.18914845410653,0.00223613038547651,3.15410060653407,3.18615909948864,3.2449693507417,0.122576624951328,19,0
"q75",0.080699258661979,2,0.161398517323958,0.05,"none","cusum_tuned",100,0.725928800987442,0.0145598883941108,0.482129061988427,0.735995184886892,1.05824744267757,0.267557011787401,2.84,0.0581186525805423
"q75",0.080699258661979,2,0.161398517323958,0.05,"none","debt_threshold_tuned",100,0.71213286688283,0.0349354851808652,0.206000975191563,0.649745181253946,1.56169172286868,0.663713311685643,0.3,0.0559581373109678
"q75",0.080699258661979,2,0.161398517323958,0.05,"none","debt_utility_tuned",100,0.788509938513959,0.0426966032949171,0.206000975191563,0.678817693766631,1.72146034875821,0.761072190568886,0.17,0.0377525168068637
"q75",0.080699258661979,2,0.161398517323958,0.05,"none","hybrid_utility_tuned",100,0.76760516854246,0.0430823478004395,0.206000975191563,0.651334829002783,1.72146034875821,0.720799598518512,0.29,0.0518252697615612
"q75",0.080699258661979,2,0.161398517323958,0.05,"none","never_retrain",100,0.816049463143411,0.047403691924577,0.206000975191563,0.669947434620155,1.85907207963428,0.816049463143411,0,0
"q75",0.080699258661979,2,0.161398517323958,0.05,"variance","alarm_tuned",100,8.09155361425095,0.232370871241864,4.57079872707385,7.71249634335284,12.8733771982331,5.82551843102258,14.04,0.181419765497399
"q75",0.080699258661979,2,0.161398517323958,0.05,"variance","always_retrain",100,33.1383943442266,0.0357194267427762,32.6536074729386,33.0695909274515,33.767854796261,1.02008939675895,199,0
"q75",0.080699258661979,2,0.161398517323958,0.05,"variance","calendar_tuned",100,8.46001432591807,0.189416945316571,5.73898046630083,8.26004159206194,12.3212451567335,5.39344249676286,19,0
"q75",0.080699258661979,2,0.161398517323958,0.05,"variance","calendar10",100,8.46001432591807,0.189416945316571,5.73898046630083,8.26004159206194,12.3212451567335,5.39344249676286,19,0
"q75",0.080699258661979,2,0.161398517323958,0.05,"variance","cusum_tuned",100,5.89852350806958,0.110301746775288,4.07602962913806,5.85721013154365,7.81077604260665,3.54371914031303,14.59,0.233590767079194
"q75",0.080699258661979,2,0.161398517323958,0.05,"variance","debt_threshold_tuned",100,5.54626777354899,0.0962091696882093,3.85810732567067,5.46771501671985,7.42658282892434,2.78312515696283,17.12,0.33098567212421
"q75",0.080699258661979,2,0.161398517323958,0.05,"variance","debt_utility_tuned",100,6.2569374317786,0.120723667000502,4.47697140545869,6.14063066817345,8.65188486706473,3.78269816120232,15.33,0.361828967911916
"q75",0.080699258661979,2,0.161398517323958,0.05,"variance","hybrid_utility_tuned",100,6.60181825001693,0.116688113277624,4.60454558893534,6.5945258517316,8.66190338533468,2.60236299072925,24.78,0.570411866084233
"q75",0.080699258661979,2,0.161398517323958,0.05,"variance","never_retrain",100,131.37428565493,5.69447752347956,54.0855287049158,117.112479867126,250.386607225716,131.37428565493,0,0
"q75",0.080699258661979,2,0.161398517323958,0.1,"abrupt_coef","alarm_tuned",100,15.4934309417501,2.04425211234845,0.92370874828022,8.06968405380406,61.1160711671286,13.1692922922851,14.4,0.396448883428516
"q75",0.080699258661979,2,0.161398517323958,0.1,"abrupt_coef","always_retrain",100,34.2143324823048,0.283749131735994,32.1720213921362,33.0912093141997,41.5008935606217,2.09602753483713,199,0
"q75",0.080699258661979,2,0.161398517323958,0.1,"abrupt_coef","calendar_tuned",100,14.5133655959619,1.61803523632663,3.20640018432179,8.39069745805429,63.8285547597888,11.4467937668066,19,0
"q75",0.080699258661979,2,0.161398517323958,0.1,"abrupt_coef","calendar10",100,14.5133655959619,1.61803523632663,3.20640018432179,8.39069745805429,63.8285547597888,11.4467937668066,19,0
"q75",0.080699258661979,2,0.161398517323958,0.1,"abrupt_coef","cusum_tuned",100,7.48594781044067,0.523683172902472,0.818731820450616,6.52290292816799,18.5654137783275,4.86644987427283,16.23,0.846604030133559
"q75",0.080699258661979,2,0.161398517323958,0.1,"abrupt_coef","debt_threshold_tuned",100,7.19084626621049,0.491830438875162,0.981922346091858,6.1248132349673,17.1697208933304,4.0677849559919,19.35,1.16422905518171
"q75",0.080699258661979,2,0.161398517323958,0.1,"abrupt_coef","debt_utility_tuned",100,7.83316467765141,0.46752239884304,1.2526537405113,6.49934798350082,17.433851148946,4.84245015163847,18.53,1.23758113701974
"q75",0.080699258661979,2,0.161398517323958,0.1,"abrupt_coef","hybrid_utility_tuned",100,7.76709425031136,0.473835491255154,1.2526537405113,6.74105051853599,17.7656632414868,4.54880781487164,19.94,1.31024093705368
"q75",0.080699258661979,2,0.161398517323958,0.1,"abrupt_coef","never_retrain",100,303.801201763386,41.4015494113071,1.2526537405113,133.861168660888,1348.72054298213,303.801201763386,0,0
"q75",0.080699258661979,2,0.161398517323958,0.1,"gradual","alarm_tuned",100,8.20440207936955,0.486968069312761,2.32103671538241,7.19881943518537,20.3827957826923,6.02068013997639,13.53,0.280495593152152
"q75",0.080699258661979,2,0.161398517323958,0.1,"gradual","always_retrain",100,33.1628370623718,0.0730391357758712,32.3368696123676,33.0075022233286,34.9848749003391,1.04453211490416,199,0
"q75",0.080699258661979,2,0.161398517323958,0.1,"gradual","calendar_tuned",100,8.59568262639173,0.421258210441829,3.98767289615975,7.57759911081721,19.1382799837785,5.52911079723652,19,0
"q75",0.080699258661979,2,0.161398517323958,0.1,"gradual","calendar10",100,8.59568262639173,0.421258210441829,3.98767289615975,7.57759911081721,19.1382799837785,5.52911079723652,19,0
"q75",0.080699258661979,2,0.161398517323958,0.1,"gradual","cusum_tuned",100,6.13432692561277,0.28504927350139,2.14173444757954,5.64969743441399,12.4555708510255,3.69559532884776,15.11,0.612478818433995
"q75",0.080699258661979,2,0.161398517323958,0.1,"gradual","debt_threshold_tuned",100,5.83987568337807,0.264341617497944,2.27392496259379,5.2990514301402,11.8362694990232,3.1090127702567,16.92,0.874403692914101
"q75",0.080699258661979,2,0.161398517323958,0.1,"gradual","debt_utility_tuned",100,8.47414947830065,0.376523760252806,2.89319206153113,7.55124266015866,17.2250533673152,6.33077716823849,13.28,1.03748725196014
"q75",0.080699258661979,2,0.161398517323958,0.1,"gradual","hybrid_utility_tuned",100,7.81737406507969,0.352119022673791,2.85778114122534,7.12181126752377,14.5194432040982,4.92027067911464,17.95,1.33207326822483
"q75",0.080699258661979,2,0.161398517323958,0.1,"gradual","never_retrain",100,99.5782908902433,11.9130047619753,2.63945669333486,46.9442067700413,388.882065516609,99.5782908902433,0,0
"q75",0.080699258661979,2,0.161398517323958,0.1,"none","alarm_tuned",100,0.849298293422415,0.0346373472505932,0.314540781769667,0.831462357966286,1.63956650315896,0.29247340865476,3.45,0.245926407650333
"q75",0.080699258661979,2,0.161398517323958,0.1,"none","always_retrain",100,32.1715798492861,0.000818194510972247,32.1589246795374,32.170975154406,32.1883040307201,0.0532749018184896,199,0
"q75",0.080699258661979,2,0.161398517323958,0.1,"none","calendar_tuned",100,3.19483174640517,0.00278001619906133,3.15098068001246,3.18994279348647,3.24324300442052,0.128259917249965,19,0
"q75",0.080699258661979,2,0.161398517323958,0.1,"none","calendar10",100,3.19483174640517,0.00278001619906133,3.15098068001246,3.18994279348647,3.24324300442052,0.128259917249965,19,0
"q75",0.080699258661979,2,0.161398517323958,0.1,"none","cusum_tuned",100,0.725429623088164,0.016254849073889,0.39012411540908,0.739324008653281,1.05893055107294,0.270285804234603,2.82,0.0687257762650399
"q75",0.080699258661979,2,0.161398517323958,0.1,"none","debt_threshold_tuned",100,0.66788572050492,0.0294666966951269,0.263697285354921,0.617001967606595,1.29594177456787,0.613010224614774,0.34,0.0623123445460712
"q75",0.080699258661979,2,0.161398517323958,0.1,"none","debt_utility_tuned",100,0.780496072651222,0.0486832331245799,0.263697285354921,0.634800321774067,1.77115387384675,0.757900280225868,0.14,0.0402517331328978
"q75",0.080699258661979,2,0.161398517323958,0.1,"none","hybrid_utility_tuned",100,0.747800121688478,0.0417101795149699,0.263060355309257,0.640923138543838,1.75376834098679,0.713906433050446,0.21,0.0433333333333333
"q75",0.080699258661979,2,0.161398517323958,0.1,"none","never_retrain",100,0.819081026593297,0.0600397776473974,0.263060355309257,0.618315379111448,2.64785430808929,0.819081026593297,0,0
"q75",0.080699258661979,2,0.161398517323958,0.1,"variance","alarm_tuned",100,8.09714249106347,0.225115251839535,4.91913385327558,7.65121183522614,12.9128127716104,5.7536360195196,14.52,0.138884444373331
"q75",0.080699258661979,2,0.161398517323958,0.1,"variance","always_retrain",100,33.0991394981967,0.0333403046788313,32.6020377239736,33.0659961245981,33.7094755152551,0.980834550729056,199,0
"q75",0.080699258661979,2,0.161398517323958,0.1,"variance","calendar_tuned",100,8.29093777923494,0.193736491182941,5.49246874409501,8.15621511218532,12.1999667215289,5.22436595007974,19,0
"q75",0.080699258661979,2,0.161398517323958,0.1,"variance","calendar10",100,8.29093777923494,0.193736491182941,5.49246874409501,8.15621511218532,12.1999667215289,5.22436595007974,19,0
"q75",0.080699258661979,2,0.161398517323958,0.1,"variance","cusum_tuned",100,5.77039276473154,0.105122048083281,3.95244068539741,5.73450029156841,7.84338363979757,3.44786810043978,14.39,0.229137601462615
"q75",0.080699258661979,2,0.161398517323958,0.1,"variance","debt_threshold_tuned",100,5.43402617333952,0.0976316187816559,3.54188294941391,5.36899684194141,7.28840149865256,2.68218145296603,17.05,0.293145601083051
"q75",0.080699258661979,2,0.161398517323958,0.1,"variance","debt_utility_tuned",100,5.77714955332313,0.0980850838416251,3.89977204928903,5.71760721510133,7.49209226888581,3.28677043101446,15.43,0.300926179746073
"q75",0.080699258661979,2,0.161398517323958,0.1,"variance","hybrid_utility_tuned",100,6.27223110083778,0.114097894624882,4.15222068679807,6.22107950402635,8.34444925571225,2.28245975258954,24.72,0.508727864780415
"q75",0.080699258661979,2,0.161398517323958,0.1,"variance","never_retrain",100,135.628721945368,5.32586994466935,62.3293144275523,128.298774130622,235.420086980599,135.628721945368,0,0
"q75",0.080699258661979,2,0.161398517323958,0.2,"abrupt_coef","alarm_tuned",100,11.9027029729875,1.27815045071123,0.984133823007276,7.92134442479295,41.2653998331761,9.53982867936472,14.64,0.35262937306395
"q75",0.080699258661979,2,0.161398517323958,0.2,"abrupt_coef","always_retrain",100,33.767877527151,0.20816275880223,32.1705457055061,33.0269861119748,39.8443408931211,1.64957257968335,199,0
"q75",0.080699258661979,2,0.161398517323958,0.2,"abrupt_coef","calendar_tuned",100,12.1879718960242,1.14385588699062,3.19539364291119,7.86634603354873,46.8626594068605,9.12140006686895,19,0
"q75",0.080699258661979,2,0.161398517323958,0.2,"abrupt_coef","calendar10",100,12.1879718960242,1.14385588699062,3.19539364291119,7.86634603354873,46.8626594068605,9.12140006686895,19,0
"q75",0.080699258661979,2,0.161398517323958,0.2,"abrupt_coef","cusum_tuned",100,6.84569596224244,0.456448007709414,0.807604657444484,6.49731235785858,17.3268903916128,4.33594901785489,15.55,0.809710635431765
"q75",0.080699258661979,2,0.161398517323958,0.2,"abrupt_coef","debt_threshold_tuned",100,6.62803018838969,0.43144413366188,0.848820035472001,6.20118389304288,16.8100185784182,3.63570167720351,18.54,1.1092285061194
"q75",0.080699258661979,2,0.161398517323958,0.2,"abrupt_coef","debt_utility_tuned",100,7.31019551807065,0.406313871886351,1.56090401961919,6.5466399622701,16.9509441876135,4.4986333462873,17.42,1.21215893880683
"q75",0.080699258661979,2,0.161398517323958,0.2,"abrupt_coef","hybrid_utility_tuned",100,7.28353860214886,0.42201557344714,1.16837655147119,6.69973799294465,16.8522291325832,4.26054437267112,18.73,1.29090485843665
"q75",0.080699258661979,2,0.161398517323958,0.2,"abrupt_coef","never_retrain",100,251.400381704941,33.9859507451935,1.16837655147119,130.939711712196,1150.38768915258,251.400381704941,0,0
"q75",0.080699258661979,2,0.161398517323958,0.2,"gradual","alarm_tuned",100,8.88214775272625,0.561751531686864,2.35638450383301,7.27919407587684,23.6431735661178,6.67744400608099,13.66,0.27051018017028
"q75",0.080699258661979,2,0.161398517323958,0.2,"gradual","always_retrain",100,33.2429029079711,0.0838742051499332,32.3222103692717,32.978370655663,35.4224492086956,1.12459796050348,199,0
"q75",0.080699258661979,2,0.161398517323958,0.2,"gradual","calendar_tuned",100,9.17737526753566,0.493774317960823,3.98788726490671,7.58502468474838,21.7292270922183,6.11080343838045,19,0
"q75",0.080699258661979,2,0.161398517323958,0.2,"gradual","calendar10",100,9.17737526753566,0.493774317960823,3.98788726490671,7.58502468474838,21.7292270922183,6.11080343838045,19,0
"q75",0.080699258661979,2,0.161398517323958,0.2,"gradual","cusum_tuned",100,6.48164430639798,0.317885939647531,2.11868567971563,5.81531970421228,13.5007045189373,3.96059946579776,15.62,0.676858459160683
"q75",0.080699258661979,2,0.161398517323958,0.2,"gradual","debt_threshold_tuned",100,6.32491025551209,0.29035212510569,2.31880633584548,5.77266722809108,13.0282969098034,3.36324746261745,18.35,1.01018800130461
"q75",0.080699258661979,2,0.161398517323958,0.2,"gradual","debt_utility_tuned",100,8.44579253544564,0.366185006463627,2.36122175773704,8.20557784767035,17.8964654878693,6.01513086454683,15.06,1.14801717510821
"q75",0.080699258661979,2,0.161398517323958,0.2,"gradual","hybrid_utility_tuned",100,7.86562333226442,0.338768702506256,2.36122175773704,7.33953129296437,14.6925302342116,4.67316065959653,19.78,1.44603812626993
"q75",0.080699258661979,2,0.161398517323958,0.2,"gradual","never_retrain",100,120.17340542768,15.9675438080312,4.16489614920632,50.855241795373,479.984687930685,120.17340542768,0,0
"q75",0.080699258661979,2,0.161398517323958,0.2,"none","alarm_tuned",100,0.887940239794245,0.0365112208861095,0.388184665688637,0.838837725615788,1.76995840171086,0.347255206758986,3.35,0.26718699236469
"q75",0.080699258661979,2,0.161398517323958,0.2,"none","always_retrain",100,32.1719145148028,0.000944496671952784,32.1550215298469,32.1710347429869,32.1917756244443,0.0536095673351744,199,0
"q75",0.080699258661979,2,0.161398517323958,0.2,"none","calendar_tuned",100,3.1994158332219,0.00334178849290262,3.15745740827163,3.19119643241487,3.26594810177289,0.132844004066694,19,0
"q75",0.080699258661979,2,0.161398517323958,0.2,"none","calendar10",100,3.1994158332219,0.00334178849290262,3.15745740827163,3.19119643241487,3.26594810177289,0.132844004066694,19,0
"q75",0.080699258661979,2,0.161398517323958,0.2,"none","cusum_tuned",100,0.761746088601086,0.0156265094662979,0.485507538467996,0.755176578827725,1.07413333921929,0.279164521802451,2.99,0.0658970730945179
"q75",0.080699258661979,2,0.161398517323958,0.2,"none","debt_threshold_tuned",100,0.695300779338392,0.0329923354288446,0.213988627915989,0.677191968184639,1.52170865136839,0.646881224141205,0.3,0.0559581373109678
"q75",0.080699258661979,2,0.161398517323958,0.2,"none","debt_utility_tuned",100,0.835246777794616,0.0514593618071989,0.213988627915989,0.739620454642767,1.98377756988293,0.814264970542501,0.13,0.0393251147037697
"q75",0.080699258661979,2,0.161398517323958,0.2,"none","hybrid_utility_tuned",100,0.827329189506947,0.0489178977316454,0.213988627915989,0.71690192373028,1.85901895717151,0.785365575002718,0.26,0.0660884011584239
"q75",0.080699258661979,2,0.161398517323958,0.2,"none","never_retrain",100,0.923452085937739,0.0660111306286622,0.213988627915989,0.784185305310711,2.46868555094318,0.923452085937739,0,0
"q75",0.080699258661979,2,0.161398517323958,0.2,"variance","alarm_tuned",100,8.50763589076224,0.229818857666141,4.62307520992579,8.62605617890651,12.1884068088882,6.20286506337612,14.28,0.138593220642573
"q75",0.080699258661979,2,0.161398517323958,0.2,"variance","always_retrain",100,33.1926668688218,0.0369452423482716,32.5976009217487,33.1967086887025,33.7750882068315,1.07436192135418,199,0
"q75",0.080699258661979,2,0.161398517323958,0.2,"variance","calendar_tuned",100,8.76851865646436,0.210378585060146,5.43129450902309,8.80316552433558,12.779629498477,5.70194682730915,19,0
"q75",0.080699258661979,2,0.161398517323958,0.2,"variance","calendar10",100,8.76851865646436,0.210378585060146,5.43129450902309,8.80316552433558,12.779629498477,5.70194682730915,19,0
"q75",0.080699258661979,2,0.161398517323958,0.2,"variance","cusum_tuned",100,5.93803669493131,0.112733273794744,3.89186917376161,5.97461675079954,7.63635702901388,3.6090560899466,14.43,0.220309699369691
"q75",0.080699258661979,2,0.161398517323958,0.2,"variance","debt_threshold_tuned",100,5.6224444064664,0.10459570033865,3.80392298079974,5.71668687486714,7.18396809806854,2.82056614572249,17.36,0.325210110792417
"q75",0.080699258661979,2,0.161398517323958,0.2,"variance","debt_utility_tuned",100,6.0261699668043,0.105364785579167,4.08010023813487,6.05054631352843,7.69689631469523,3.4857573041252,15.74,0.338332213761396
"q75",0.080699258661979,2,0.161398517323958,0.2,"variance","hybrid_utility_tuned",100,6.4720641339979,0.115531885082532,4.1307888074022,6.70014462722934,8.29355445817453,2.38706766052852,25.31,0.499837347281467
"q75",0.080699258661979,2,0.161398517323958,0.2,"variance","never_retrain",100,156.430612369073,6.01594355271031,61.7561929557651,160.563740151538,255.77425964953,156.430612369073,0,0
"q75",0.080699258661979,4,0.322797034647916,0.02,"abrupt_coef","alarm_tuned",100,14.995897534206,1.65163935759759,1.10257870104347,8.76687991740063,55.9051042558294,11.2159442584789,11.71,0.483316614130892
"q75",0.080699258661979,4,0.322797034647916,0.02,"abrupt_coef","always_retrain",100,66.1186843307773,0.256209112595761,64.2850973954158,64.9108172417159,73.1289711369347,1.88207443584203,199,0
"q75",0.080699258661979,4,0.322797034647916,0.02,"abrupt_coef","calendar_tuned",100,16.2233679522544,1.40348418675569,6.23460871304896,9.32341073444859,50.8213271181493,10.090224293944,19,0
"q75",0.080699258661979,4,0.322797034647916,0.02,"abrupt_coef","calendar10",100,16.2233679522544,1.40348418675569,6.23460871304896,9.32341073444859,50.8213271181493,10.090224293944,19,0
"q75",0.080699258661979,4,0.322797034647916,0.02,"abrupt_coef","cusum_tuned",100,8.72433282430159,0.68507287978686,0.752696560660935,7.22197022153721,22.7795075659988,5.78687980900556,9.1,0.612908284865334
"q75",0.080699258661979,4,0.322797034647916,0.02,"abrupt_coef","debt_threshold_tuned",100,8.52185960667119,0.637411115020571,0.72809535968802,7.27098395806894,21.8922967545816,4.6644350426286,11.95,0.997104393590346
"q75",0.080699258661979,4,0.322797034647916,0.02,"abrupt_coef","debt_utility_tuned",100,10.5421344699833,0.672535171163228,0.703403135070481,11.0366201915731,23.5829984270139,6.1294990063463,13.67,1.29560679594427
"q75",0.080699258661979,4,0.322797034647916,0.02,"abrupt_coef","hybrid_utility_tuned",100,10.474950846321,0.622947047711445,0.72809535968802,11.4462771864101,22.0674181238433,7.51167406825309,9.18,0.928600554543766
"q75",0.080699258661979,4,0.322797034647916,0.02,"abrupt_coef","never_retrain",100,213.035054428136,33.4351073004974,0.72809535968802,61.0116280204888,1220.89709568141,213.035054428136,0,0
"q75",0.080699258661979,4,0.322797034647916,0.02,"gradual","alarm_tuned",100,8.32939777486576,0.539749150021856,1.13561279001849,6.47971702155724,20.2175104734118,4.69470316473022,11.26,0.395586765310581
"q75",0.080699258661979,4,0.322797034647916,0.02,"gradual","always_retrain",100,65.0386775592803,0.0738243614177302,64.3286649105337,64.7207380770805,66.6965033269623,0.802067664344962,199,0
"q75",0.080699258661979,4,0.322797034647916,0.02,"gradual","calendar_tuned",100,10.393865391397,0.435236984297254,6.41984175541547,8.51522470539128,20.6056757612035,4.26072173308662,19,0
"q75",0.080699258661979,4,0.322797034647916,0.02,"gradual","calendar10",100,10.393865391397,0.435236984297254,6.41984175541547,8.51522470539128,20.6056757612035,4.26072173308662,19,0
"q75",0.080699258661979,4,0.322797034647916,0.02,"gradual","cusum_tuned",100,6.65774934547311,0.410877721999387,1.09107434080427,5.11302073491968,15.6498665276137,4.22063173388134,7.55,0.42838078973047
"q75",0.080699258661979,4,0.322797034647916,0.02,"gradual","debt_threshold_tuned",100,6.65767690050312,0.389524004110156,0.696680152182306,5.3705800784294,15.1000714137975,3.80737908456202,8.83,0.758394769406162
"q75",0.080699258661979,4,0.322797034647916,0.02,"gradual","debt_utility_tuned",100,9.37542250618037,0.476126809004372,1.07439124386239,9.46309602178679,17.6712560505246,6.56063236405054,8.72,1.00514635348251
"q75",0.080699258661979,4,0.322797034647916,0.02,"gradual","hybrid_utility_tuned",100,9.70082963495712,0.499192325919608,0.757726017385682,10.1089956119096,19.0688110753337,7.87379841884992,5.66,0.742806580585832
"q75",0.080699258661979,4,0.322797034647916,0.02,"gradual","never_retrain",100,62.2132344755638,9.62419667366507,0.817991474696635,19.2733927136203,331.90948192387,62.2132344755638,0,0
"q75",0.080699258661979,4,0.322797034647916,0.02,"none","alarm_tuned",100,1.43660646086876,0.0735014163882132,0.395020145987854,1.37409702898961,2.81968014853287,0.310044809947533,3.49,0.250048480147835
"q75",0.080699258661979,4,0.322797034647916,0.02,"none","always_retrain",100,64.2889525122041,0.000706961364348146,64.2763768331813,64.2894685386636,64.3034948694818,0.0523426172688275,199,0
"q75",0.080699258661979,4,0.322797034647916,0.02,"none","calendar_tuned",100,6.26387634731943,0.00279397316803666,6.21809602920752,6.26041278870741,6.3225995061581,0.130732689009028,19,0
"q75",0.080699258661979,4,0.322797034647916,0.02,"none","calendar10",100,6.26387634731943,0.00279397316803666,6.21809602920752,6.26041278870741,6.3225995061581,0.130732689009028,19,0
"q75",0.080699258661979,4,0.322797034647916,0.02,"none","cusum_tuned",100,0.873352390866702,0.0244797274699987,0.538695334870488,0.845172683577023,1.27549948993489,0.392384809241308,1.49,0.0541136103793013
"q75",0.080699258661979,4,0.322797034647916,0.02,"none","debt_threshold_tuned",100,0.862985832398473,0.0431716636822946,0.235519535367029,0.783349628908357,1.69308679422591,0.830706128933682,0.1,0.0301511344577764
"q75",0.080699258661979,4,0.322797034647916,0.02,"none","debt_utility_tuned",100,0.892176936470873,0.0464798510339344,0.235519535367029,0.810136231729339,1.76794896769075,0.853441292313123,0.12,0.032659863237109
"q75",0.080699258661979,4,0.322797034647916,0.02,"none","hybrid_utility_tuned",100,0.945728578853646,0.0581418493866472,0.235519535367029,0.797527145687905,2.58807834025986,0.939272638160687,0.02,0.014070529413629
"q75",0.080699258661979,4,0.322797034647916,0.02,"none","never_retrain",100,0.960623495874141,0.0627027269397995,0.235519535367029,0.797527145687905,2.70619320460349,0.960623495874141,0,0
"q75",0.080699258661979,4,0.322797034647916,0.02,"variance","alarm_tuned",100,9.71831710554863,0.33003325260371,0.518494726944528,10.2202592098324,15.0366524611092,5.66075838002433,12.57,0.36577163488834
"q75",0.080699258661979,4,0.322797034647916,0.02,"variance","always_retrain",100,65.2240918173172,0.0428277510135068,64.2839641873361,65.2640704453007,65.8934933552993,0.987481922381919,199,0
"q75",0.080699258661979,4,0.322797034647916,0.02,"variance","calendar_tuned",100,11.2735927385832,0.23105856393054,6.26814179662888,11.4402786501242,15.382709736767,5.14044908027275,19,0
"q75",0.080699258661979,4,0.322797034647916,0.02,"variance","calendar10",100,11.2735927385832,0.23105856393054,6.26814179662888,11.4402786501242,15.382709736767,5.14044908027275,19,0
"q75",0.080699258661979,4,0.322797034647916,0.02,"variance","cusum_tuned",100,7.68553688518624,0.236434972974337,0.576136829595877,8.30940172882255,10.5741708768227,4.92885020929303,8.54,0.247989898784184
"q75",0.080699258661979,4,0.322797034647916,0.02,"variance","debt_threshold_tuned",100,7.47129634522223,0.214308505666713,0.407579355760456,7.9462733845471,9.92838105831149,3.71393886192049,11.64,0.439816306926407
"q75",0.080699258661979,4,0.322797034647916,0.02,"variance","debt_utility_tuned",100,8.87669621186516,0.285619166363185,0.407579355760456,9.39121077585651,13.9599408781471,4.54153203654365,13.43,0.57739488089595
"q75",0.080699258661979,4,0.322797034647916,0.02,"variance","hybrid_utility_tuned",100,8.38231130635881,0.266807134020768,0.407579355760456,8.84141729459809,11.9289518537722,5.10592140468246,10.15,0.445714725089508
"q75",0.080699258661979,4,0.322797034647916,0.02,"variance","never_retrain",100,111.392438402996,6.51859224575035,0.407579355760456,108.584986888077,226.647308046032,111.392438402996,0,0
"q75",0.080699258661979,4,0.322797034647916,0.05,"abrupt_coef","alarm_tuned",100,15.9564834669167,1.75474470159113,1.41924904644807,9.78191750508577,74.5690974069477,11.5083403294684,13.78,0.412085114283617
"q75",0.080699258661979,4,0.322797034647916,0.05,"abrupt_coef","always_retrain",100,66.187594738122,0.292390014191168,64.2928037607729,65.0980535724095,75.5937110997658,1.95098484318672,199,0
"q75",0.080699258661979,4,0.322797034647916,0.05,"abrupt_coef","calendar_tuned",100,16.8981661852175,1.68519416400447,6.27620329690069,10.743406813017,73.9079879433429,10.7650225269071,19,0
"q75",0.080699258661979,4,0.322797034647916,0.05,"abrupt_coef","calendar10",100,16.8981661852175,1.68519416400447,6.27620329690069,10.743406813017,73.9079879433429,10.7650225269071,19,0
"q75",0.080699258661979,4,0.322797034647916,0.05,"abrupt_coef","cusum_tuned",100,9.69510232822638,0.695670812308435,0.734799463917578,8.58163168041007,27.7692679592515,6.46390401140074,10.01,0.584392112724104
"q75",0.080699258661979,4,0.322797034647916,0.05,"abrupt_coef","debt_threshold_tuned",100,9.35822772767257,0.650180554338607,0.728153304288974,8.30219581473363,26.093224333991,4.90685661987781,13.79,0.946582902824254
"q75",0.080699258661979,4,0.322797034647916,0.05,"abrupt_coef","debt_utility_tuned",100,10.4956229069816,0.664902882678282,0.728153304288974,9.36594809518542,27.409914939007,5.05326490281772,16.86,1.26491266117627
"q75",0.080699258661979,4,0.322797034647916,0.05,"abrupt_coef","hybrid_utility_tuned",100,10.1611254658431,0.620043434910445,0.728153304288974,8.92781296469033,26.2624848455118,6.79435239446533,10.43,0.850223381223898
"q75",0.080699258661979,4,0.322797034647916,0.05,"abrupt_coef","never_retrain",100,266.814577591337,44.7857743281624,0.728153304288974,108.213559824011,1696.90625007198,266.814577591337,0,0
"q75",0.080699258661979,4,0.322797034647916,0.05,"gradual","alarm_tuned",100,10.0513550915557,0.551957039317918,3.58643546346368,8.59209572907706,24.164356889526,5.96151666256658,12.67,0.29269041113039
"q75",0.080699258661979,4,0.322797034647916,0.05,"gradual","always_retrain",100,65.2555817948109,0.0775766131911766,64.419553911412,65.040207666868,67.3276016072343,1.01897189987562,199,0
"q75",0.080699258661979,4,0.322797034647916,0.05,"gradual","calendar_tuned",100,11.581219821235,0.446756225649577,6.78849483178157,10.3665247777798,23.0354992549315,5.44807616292464,19,0
"q75",0.080699258661979,4,0.322797034647916,0.05,"gradual","calendar10",100,11.581219821235,0.446756225649577,6.78849483178157,10.3665247777798,23.0354992549315,5.44807616292464,19,0
"q75",0.080699258661979,4,0.322797034647916,0.05,"gradual","cusum_tuned",100,7.98561019796661,0.416752195458391,2.33927243053746,7.2377368650162,17.5537091486955,5.11594455994663,8.89,0.432258573943276
"q75",0.080699258661979,4,0.322797034647916,0.05,"gradual","debt_threshold_tuned",100,7.87461271204675,0.387505372436621,2.77292671085398,7.1802241649611,16.7502890742069,4.09143146597318,11.72,0.731413464851213
"q75",0.080699258661979,4,0.322797034647916,0.05,"gradual","debt_utility_tuned",100,11.0416186029982,0.435192632513702,2.73653554621483,11.451679901674,18.8331771401787,7.03247943267105,12.42,1.03827557113522
"q75",0.080699258661979,4,0.322797034647916,0.05,"gradual","hybrid_utility_tuned",100,12.0341519935041,0.492482367395935,2.85550136749091,11.5992447675826,21.3286176965488,9.49373933082499,7.87,0.751248791995533
"q75",0.080699258661979,4,0.322797034647916,0.05,"gradual","never_retrain",100,89.9487941657175,12.0656392351057,3.49806322070727,35.5015131942626,437.50834656288,89.9487941657175,0,0
"q75",0.080699258661979,4,0.322797034647916,0.05,"none","alarm_tuned",100,1.21592544223468,0.0693663304633872,0.248319717923101,1.15994433143868,2.92803994447337,0.331461567299386,2.74,0.232083231325803
"q75",0.080699258661979,4,0.322797034647916,0.05,"none","always_retrain",100,64.288805220167,0.000708526330716353,64.2753297854426,64.2889888851451,64.3015179791723,0.0521953252317,199,0
"q75",0.080699258661979,4,0.322797034647916,0.05,"none","calendar_tuned",100,6.25572028326173,0.0022361303854765,6.22067243568928,6.25273092864384,6.3115411798969,0.122576624951328,19,0
"q75",0.080699258661979,4,0.322797034647916,0.05,"none","calendar10",100,6.25572028326173,0.0022361303854765,6.22067243568928,6.25273092864384,6.3115411798969,0.122576624951328,19,0
"q75",0.080699258661979,4,0.322797034647916,0.05,"none","cusum_tuned",100,0.831340618112786,0.0252021775477192,0.526653468383879,0.71764185456033,1.24804234017523,0.372968828912745,1.42,0.0516006420757171
"q75",0.080699258661979,4,0.322797034647916,0.05,"none","debt_threshold_tuned",100,0.751812255769038,0.0390604148077788,0.206000975191563,0.669947434620155,1.64168637205525,0.709848641264809,0.13,0.0337997668989631
"q75",0.080699258661979,4,0.322797034647916,0.05,"none","debt_utility_tuned",100,0.815947686459032,0.0436678046859066,0.206000975191563,0.721633265273755,1.72146034875821,0.761072190568886,0.17,0.0377525168068637
"q75",0.080699258661979,4,0.322797034647916,0.05,"none","hybrid_utility_tuned",100,0.816049463143411,0.047403691924577,0.206000975191563,0.669947434620155,1.85907207963428,0.816049463143411,0,0
"q75",0.080699258661979,4,0.322797034647916,0.05,"none","never_retrain",100,0.816049463143411,0.047403691924577,0.206000975191563,0.669947434620155,1.85907207963428,0.816049463143411,0,0
"q75",0.080699258661979,4,0.322797034647916,0.05,"variance","alarm_tuned",100,10.3575887974793,0.246052429396288,6.50758093496134,10.0884012820976,14.9149306913648,5.82551843102258,14.04,0.181419765497399
"q75",0.080699258661979,4,0.322797034647916,0.05,"variance","always_retrain",100,65.2566992916942,0.0357194267427764,64.7719124204063,65.1878958749191,65.8861597437286,1.02008939675895,199,0
"q75",0.080699258661979,4,0.322797034647916,0.05,"variance","calendar_tuned",100,11.5265861550733,0.189416945316571,8.80555229545604,11.3266134212172,15.3878169858887,5.39344249676286,19,0
"q75",0.080699258661979,4,0.322797034647916,0.05,"variance","calendar10",100,11.5265861550733,0.189416945316571,8.80555229545604,11.3266134212172,15.3878169858887,5.39344249676286,19,0
"q75",0.080699258661979,4,0.322797034647916,0.05,"variance","cusum_tuned",100,8.23716546031871,0.15394451221349,5.69512914965825,8.03363763680612,11.0956683992095,5.23192506774661,9.31,0.156795562707777
"q75",0.080699258661979,4,0.322797034647916,0.05,"variance","debt_threshold_tuned",100,7.77270076239715,0.134471590607532,5.36466605614185,7.79913056302385,10.2143724771169,3.64089871890383,12.8,0.244122837104519
"q75",0.080699258661979,4,0.322797034647916,0.05,"variance","debt_utility_tuned",100,8.73117670235487,0.152174016189911,6.11135078116242,8.61505833864833,11.7512936757989,3.78269816120232,15.33,0.361828967911916
"q75",0.080699258661979,4,0.322797034647916,0.05,"variance","hybrid_utility_tuned",100,8.32727895018691,0.138058961170188,6.08003585516509,8.28704423338472,10.9111869682023,4.63448087381475,11.44,0.295870569572903
"q75",0.080699258661979,4,0.322797034647916,0.05,"variance","never_retrain",100,131.37428565493,5.69447752347956,54.0855287049158,117.112479867126,250.386607225716,131.37428565493,0,0
"q75",0.080699258661979,4,0.322797034647916,0.1,"abrupt_coef","alarm_tuned",100,17.8175695912151,2.06811174565106,1.56930281757605,10.7327595896494,63.6217831485831,13.1692922922851,14.4,0.396448883428516
"q75",0.080699258661979,4,0.322797034647916,0.1,"abrupt_coef","always_retrain",100,66.3326374297724,0.283749131735994,64.2903263396039,65.2095142616673,73.6191985080894,2.09602753483713,199,0
"q75",0.080699258661979,4,0.322797034647916,0.1,"abrupt_coef","calendar_tuned",100,17.5799374251171,1.61803523632663,6.27297201347699,11.4572692872095,66.895126588944,11.4467937668066,19,0
"q75",0.080699258661979,4,0.322797034647916,0.1,"abrupt_coef","calendar10",100,17.5799374251171,1.61803523632663,6.27297201347699,11.4572692872095,66.895126588944,11.4467937668066,19,0
"q75",0.080699258661979,4,0.322797034647916,0.1,"abrupt_coef","cusum_tuned",100,10.1851172045155,0.668975394278732,1.04072044898289,9.02160574772666,23.0800554956323,6.82157210348417,10.42,0.56660962279727
"q75",0.080699258661979,4,0.322797034647916,0.1,"abrupt_coef","debt_threshold_tuned",100,9.75729298108206,0.629870072816378,1.2526537405113,8.5795745609867,22.1617893089662,4.93147731309572,14.95,0.937477272451784
"q75",0.080699258661979,4,0.322797034647916,0.1,"abrupt_coef","debt_utility_tuned",100,10.8238792036644,0.646769074988004,1.2526537405113,9.48689887360272,23.4136662157987,4.84245015163847,18.53,1.23758113701974
"q75",0.080699258661979,4,0.322797034647916,0.1,"abrupt_coef","hybrid_utility_tuned",100,10.577220958795,0.593076271547432,1.2526537405113,9.4290180101712,22.4580891439615,6.91024664519471,11.36,0.834425950379461
"q75",0.080699258661979,4,0.322797034647916,0.1,"abrupt_coef","never_retrain",100,303.801201763386,41.4015494113071,1.2526537405113,133.861168660888,1348.72054298213,303.801201763386,0,0
"q75",0.080699258661979,4,0.322797034647916,0.1,"gradual","alarm_tuned",100,10.3881240187627,0.511125003971147,3.58635864675446,9.26054139570283,22.5576408036326,6.02068013997639,13.53,0.280495593152152
"q75",0.080699258661979,4,0.322797034647916,0.1,"gradual","always_retrain",100,65.2811420098395,0.0730391357758715,64.4551745598352,65.1258071707962,67.1031798478067,1.04453211490416,199,0
"q75",0.080699258661979,4,0.322797034647916,0.1,"gradual","calendar_tuned",100,11.6622544555469,0.421258210441829,7.05424472531495,10.6441709399724,22.2048518129337,5.52911079723652,19,0
"q75",0.080699258661979,4,0.322797034647916,0.1,"gradual","calendar10",100,11.6622544555469,0.421258210441829,7.05424472531495,10.6441709399724,22.2048518129337,5.52911079723652,19,0
"q75",0.080699258661979,4,0.322797034647916,0.1,"gradual","cusum_tuned",100,8.35277515690564,0.398654498406801,2.80177173592685,7.81374883663669,17.0558206605612,5.3539907050265,9.29,0.406585933367254
"q75",0.080699258661979,4,0.322797034647916,0.1,"gradual","debt_threshold_tuned",100,8.10121382635699,0.374753307880813,2.23164854331415,7.32055188674986,16.4865176116432,4.10498653741579,12.38,0.710211236182588
"q75",0.080699258661979,4,0.322797034647916,0.1,"gradual","debt_utility_tuned",100,10.6175217883628,0.447298435665335,2.9779262831262,10.0832552752751,19.114708218082,6.33077716823849,13.28,1.03748725196014
"q75",0.080699258661979,4,0.322797034647916,0.1,"gradual","hybrid_utility_tuned",100,10.7800638331331,0.517539028869476,2.63945669333486,9.91858678338664,23.2654808551782,8.00400933516104,8.6,0.717318237984686
"q75",0.080699258661979,4,0.322797034647916,0.1,"gradual","never_retrain",100,99.5782908902433,11.9130047619753,2.63945669333486,46.9442067700413,388.882065516609,99.5782908902433,0,0
"q75",0.080699258661979,4,0.322797034647916,0.1,"none","alarm_tuned",100,1.40612317819007,0.0733857291166034,0.314540781769667,1.3732487298459,3.06646774245295,0.29247340865476,3.45,0.245926407650333
"q75",0.080699258661979,4,0.322797034647916,0.1,"none","always_retrain",100,64.2898847967538,0.000818194510972011,64.277229627005,64.2892801018736,64.3066089781877,0.0532749018184896,199,0
"q75",0.080699258661979,4,0.322797034647916,0.1,"none","calendar_tuned",100,6.26140357556037,0.0027800161990614,6.21755250916767,6.25651462264167,6.30981483357572,0.128259917249965,19,0
"q75",0.080699258661979,4,0.322797034647916,0.1,"none","calendar10",100,6.26140357556037,0.0027800161990614,6.21755250916767,6.25651462264167,6.30981483357572,0.128259917249965,19,0
"q75",0.080699258661979,4,0.322797034647916,0.1,"none","cusum_tuned",100,0.82628138642721,0.0262033389575916,0.529436384604009,0.702627241956566,1.34235665060862,0.374365537920128,1.4,0.0492365963917331
"q75",0.080699258661979,4,0.322797034647916,0.1,"none","debt_threshold_tuned",100,0.715234180563916,0.0343207987568678,0.263060355309257,0.626778127230278,1.44843972324163,0.670042595713208,0.14,0.0376587548676509
"q75",0.080699258661979,4,0.322797034647916,0.1,"none","debt_utility_tuned",100,0.803091865076576,0.0501294772238868,0.263697285354921,0.640923138543838,1.84745376206822,0.757900280225868,0.14,0.0402517331328978
"q75",0.080699258661979,4,0.322797034647916,0.1,"none","hybrid_utility_tuned",100,0.774975600145198,0.0501350937043265,0.263060355309257,0.618315379111448,1.92843119527761,0.765291689105761,0.03,0.0171446607997765
"q75",0.080699258661979,4,0.322797034647916,0.1,"none","never_retrain",100,0.819081026593297,0.0600397776473974,0.263060355309257,0.618315379111448,2.64785430808929,0.819081026593297,0,0
"q75",0.080699258661979,4,0.322797034647916,0.1,"variance","alarm_tuned",100,10.4406489626073,0.234945921733337,6.82273339400223,10.164233475642,15.4951890487937,5.7536360195196,14.52,0.138884444373331
"q75",0.080699258661979,4,0.322797034647916,0.1,"variance","always_retrain",100,65.2174444456644,0.033340304678832,64.7203426714412,65.1843010720657,65.8277804627228,0.980834550729056,199,0
"q75",0.080699258661979,4,0.322797034647916,0.1,"variance","calendar_tuned",100,11.3575096083901,0.193736491182941,8.55904057325021,11.2227869413405,15.2665385506841,5.22436595007974,19,0
"q75",0.080699258661979,4,0.322797034647916,0.1,"variance","calendar10",100,11.3575096083901,0.193736491182941,8.55904057325021,11.2227869413405,15.2665385506841,5.22436595007974,19,0
"q75",0.080699258661979,4,0.322797034647916,0.1,"variance","cusum_tuned",100,8.09083929529923,0.148224925601122,5.68856888905993,7.9223604103584,10.8546463539073,5.08559890272713,9.31,0.1561500185169
"q75",0.080699258661979,4,0.322797034647916,0.1,"variance","debt_threshold_tuned",100,7.59788987918158,0.134119621720573,5.13796543200633,7.68075287465699,9.95524424464409,3.44994798395586,12.85,0.231540733157497
"q75",0.080699258661979,4,0.322797034647916,0.1,"variance","debt_utility_tuned",100,8.26752867563181,0.140077628542255,5.54011295497795,8.20050332373063,10.6338900947181,3.28677043101446,15.43,0.300926179746073
"q75",0.080699258661979,4,0.322797034647916,0.1,"variance","hybrid_utility_tuned",100,7.92020546836346,0.133398512591468,5.25198797195951,8.09077030750895,10.2481684263163,4.28228288788145,11.27,0.252604613792169
"q75",0.080699258661979,4,0.322797034647916,0.1,"variance","never_retrain",100,135.628721945368,5.32586994466935,62.3293144275523,128.298774130622,235.420086980599,135.628721945368,0,0
"q75",0.080699258661979,4,0.322797034647916,0.2,"abrupt_coef","alarm_tuned",100,14.2655772666102,1.30595669101896,1.70639218803199,10.5288886995407,44.0091746276834,9.53982867936472,14.64,0.35262937306395
"q75",0.080699258661979,4,0.322797034647916,0.2,"abrupt_coef","always_retrain",100,65.8861824746186,0.20816275880223,64.2888506529737,65.1452910594425,71.9626458405887,1.64957257968335,199,0
"q75",0.080699258661979,4,0.322797034647916,0.2,"abrupt_coef","calendar_tuned",100,15.2545437251794,1.14385588699062,6.2619654720664,10.9329178627039,49.9292312360157,9.12140006686895,19,0
"q75",0.080699258661979,4,0.322797034647916,0.2,"abrupt_coef","calendar10",100,15.2545437251794,1.14385588699062,6.2619654720664,10.9329178627039,49.9292312360157,9.12140006686895,19,0
"q75",0.080699258661979,4,0.322797034647916,0.2,"abrupt_coef","cusum_tuned",100,9.41074513692037,0.605819218088585,1.05053459425689,8.79696511355041,22.4768793138986,6.18277479044121,10,0.550665345951898
"q75",0.080699258661979,4,0.322797034647916,0.2,"abrupt_coef","debt_threshold_tuned",100,9.06438014118259,0.574727818321396,1.16837655147119,8.66842656120043,21.1576771575206,4.49034616022162,14.17,0.889223358790232
"q75",0.080699258661979,4,0.322797034647916,0.2,"abrupt_coef","debt_utility_tuned",100,10.121757689854,0.580889028212617,1.5916830598505,9.55681727757914,22.9307592544661,4.4986333462873,17.42,1.21215893880683
"q75",0.080699258661979,4,0.322797034647916,0.2,"abrupt_coef","hybrid_utility_tuned",100,10.0839750111948,0.529304098989362,1.16837655147119,9.85408664757647,21.9988528947566,6.68815020669877,10.52,0.813457516600057
"q75",0.080699258661979,4,0.322797034647916,0.2,"abrupt_coef","never_retrain",100,251.400381704941,33.9859507451935,1.16837655147119,130.939711712196,1150.38768915258,251.400381704941,0,0
"q75",0.080699258661979,4,0.322797034647916,0.2,"gradual","alarm_tuned",100,11.0868514993715,0.585964912751174,3.64815467804954,9.4133383514954,25.9077075674087,6.67744400608099,13.66,0.27051018017028
"q75",0.080699258661979,4,0.322797034647916,0.2,"gradual","always_retrain",100,65.3612078554388,0.0838742051499334,64.4405153167393,65.0966756031306,67.5407541561632,1.12459796050348,199,0
"q75",0.080699258661979,4,0.322797034647916,0.2,"gradual","calendar_tuned",100,12.2439470966909,0.493774317960823,7.05445909406192,10.6515965139036,24.7957989213735,6.11080343838045,19,0
"q75",0.080699258661979,4,0.322797034647916,0.2,"gradual","calendar10",100,12.2439470966909,0.493774317960823,7.05445909406192,10.6515965139036,24.7957989213735,6.11080343838045,19,0
"q75",0.080699258661979,4,0.322797034647916,0.2,"gradual","cusum_tuned",100,8.91813362092635,0.451408961966749,3.0579025591376,7.99052433809004,18.884924428278,5.7353548592979,9.86,0.465804398190633
"q75",0.080699258661979,4,0.322797034647916,0.2,"gradual","debt_threshold_tuned",100,8.78132002313132,0.414138846304582,3.22905232064306,8.06391866918842,18.24783064281,4.42678802573093,13.49,0.825538697708436
"q75",0.080699258661979,4,0.322797034647916,0.2,"gradual","debt_utility_tuned",100,10.8764542063444,0.463919042999217,2.51723858935143,10.5829057772516,20.8407827197798,6.01513086454683,15.06,1.14801717510821
"q75",0.080699258661979,4,0.322797034647916,0.2,"gradual","hybrid_utility_tuned",100,10.9320690459444,0.448433291641795,3.55171331473882,10.2585551501236,19.4445579439546,7.86226924644273,9.51,0.83151255631718
"q75",0.080699258661979,4,0.322797034647916,0.2,"gradual","never_retrain",100,120.17340542768,15.9675438080312,4.16489614920632,50.855241795373,479.984687930685,120.17340542768,0,0
"q75",0.080699258661979,4,0.322797034647916,0.2,"none","alarm_tuned",100,1.4286252728295,0.076229733853471,0.402989450798618,1.22608767690416,3.38394357495044,0.347255206758986,3.35,0.26718699236469
"q75",0.080699258661979,4,0.322797034647916,0.2,"none","always_retrain",100,64.2902194622705,0.00094449667195207,64.2733264773146,64.2893396904547,64.3100805719119,0.0536095673351744,199,0
"q75",0.080699258661979,4,0.322797034647916,0.2,"none","calendar_tuned",100,6.2659876623771,0.00334178849290268,6.22402923742684,6.25776826157007,6.3325199309281,0.132844004066694,19,0
"q75",0.080699258661979,4,0.322797034647916,0.2,"none","calendar10",100,6.2659876623771,0.00334178849290268,6.22402923742684,6.25776826157007,6.3325199309281,0.132844004066694,19,0
"q75",0.080699258661979,4,0.322797034647916,0.2,"none","cusum_tuned",100,0.864336892063798,0.0272095811251488,0.482347770200474,0.778682587021247,1.36802096399162,0.39628119182432,1.45,0.05
"q75",0.080699258661979,4,0.322797034647916,0.2,"none","debt_threshold_tuned",100,0.815253932226959,0.0484559259650283,0.213988627915989,0.739620454642767,1.79733735711014,0.786202199108647,0.09,0.0287623491264661
"q75",0.080699258661979,4,0.322797034647916,0.2,"none","debt_utility_tuned",100,0.85622858504673,0.051962456790547,0.213988627915989,0.784185305310711,2.05256148282876,0.814264970542501,0.13,0.0393251147037697
"q75",0.080699258661979,4,0.322797034647916,0.2,"none","hybrid_utility_tuned",100,0.892167236742459,0.0569272427810729,0.213988627915989,0.784185305310711,2.20151897125487,0.88893926639598,0.01,0.01
"q75",0.080699258661979,4,0.322797034647916,0.2,"none","never_retrain",100,0.923452085937739,0.0660111306286622,0.213988627915989,0.784185305310711,2.46868555094318,0.923452085937739,0,0
"q75",0.080699258661979,4,0.322797034647916,0.2,"variance","alarm_tuned",100,10.8124067181484,0.240184922450047,6.77094958598576,11.0181880296159,14.6922393278416,6.20286506337612,14.28,0.138593220642573
"q75",0.080699258661979,4,0.322797034647916,0.2,"variance","always_retrain",100,65.3109718162895,0.0369452423482726,64.7159058692163,65.3150136361701,65.8933931542991,1.07436192135418,199,0
"q75",0.080699258661979,4,0.322797034647916,0.2,"variance","calendar_tuned",100,11.8350904856196,0.210378585060145,8.49786633817829,11.8697373534908,15.8462013276322,5.70194682730915,19,0
"q75",0.080699258661979,4,0.322797034647916,0.2,"variance","calendar10",100,11.8350904856196,0.210378585060145,8.49786633817829,11.8697373534908,15.8462013276322,5.70194682730915,19,0
"q75",0.080699258661979,4,0.322797034647916,0.2,"variance","cusum_tuned",100,8.40896846932391,0.164602690767039,5.29978258670563,8.44019291869667,11.1658972723765,5.36499243259406,9.43,0.158436170750306
"q75",0.080699258661979,4,0.322797034647916,0.2,"variance","debt_threshold_tuned",100,7.85679240563046,0.144929116026958,4.99278155878502,8.07844466720005,10.0661232071029,3.61523937035684,13.14,0.253867061369696
"q75",0.080699258661979,4,0.322797034647916,0.2,"variance","debt_utility_tuned",100,8.5665826294834,0.152003059269774,5.65818948945195,8.79952555067809,11.0277698734403,3.4857573041252,15.74,0.338332213761396
"q75",0.080699258661979,4,0.322797034647916,0.2,"variance","hybrid_utility_tuned",100,8.18171234128445,0.143477627888125,5.59345081750761,8.43308345541056,10.4963229580139,4.43726673936863,11.6,0.255445738372213
"q75",0.080699258661979,4,0.322797034647916,0.2,"variance","never_retrain",100,156.430612369073,6.01594355271031,61.7561929557651,160.563740151538,255.77425964953,156.430612369073,0,0
