"score_unit_mode","score_unit","kappa","lambda","shift_prob","shift_type","obj_alarm_tuned","obj_always_retrain","obj_calendar_tuned","obj_calendar10","obj_cusum_tuned","obj_debt_threshold_tuned","obj_debt_utility_tuned","obj_hybrid_utility_tuned","obj_never_retrain","regret_alarm_tuned","regret_always_retrain","regret_calendar_tuned","regret_calendar10","regret_cusum_tuned","regret_debt_threshold_tuned","regret_debt_utility_tuned","regret_hybrid_utility_tuned","regret_never_retrain","retrains_alarm_tuned","retrains_always_retrain","retrains_calendar_tuned","retrains_calendar10","retrains_cusum_tuned","retrains_debt_threshold_tuned","retrains_debt_utility_tuned","retrains_hybrid_utility_tuned","retrains_never_retrain","rel_debt_utility_vs_calendar10","rel_debt_utility_vs_calendar","rel_debt_utility_vs_cusum","rel_debt_utility_vs_alarm","rel_debt_utility_vs_debt_threshold","rel_debt_utility_vs_always_retrain","rel_debt_utility_vs_never_retrain","rel_hybrid_utility_vs_calendar10","rel_hybrid_utility_vs_calendar","rel_hybrid_utility_vs_cusum","rel_hybrid_utility_vs_alarm","rel_hybrid_utility_vs_debt_threshold","rel_hybrid_utility_vs_always_retrain","rel_hybrid_utility_vs_never_retrain"
"mean",0.149044950515486,0.1,0.0149044950515486,0.02,"abrupt_coef",10.9633761419187,4.84806895110021,4.65950158896806,10.3734096999234,2.97527181817113,3.05169916506851,3.15774034319772,3.49782302856172,213.035054428136,10.7313131539661,1.88207443584203,3.67580491556585,10.090224293944,2.21201262658133,2.60560762817566,2.26048974109449,2.89955659719256,213.035054428136,15.57,199,66,19,51.21,29.93,60.2,40.14,0,0.30440717512787,0.677699166510439,1.06132835457661,0.288026270586854,1.03474824102684,0.651339816955597,0.0148226326022928,0.337191254345961,0.750686089869192,1.17563141868221,0.319046157249657,1.14618867698356,0.721487888031777,0.0164190022057692
"mean",0.149044950515486,0.1,0.0149044950515486,0.02,"gradual",4.80926513242966,3.76806217960314,2.54383990684704,4.54390713906604,1.90400153203263,2.00524946220995,2.03158316107937,2.37844923941718,62.2132344755638,4.57884163893272,0.802067664344962,1.56014323344483,4.26072173308662,1.16250290321809,1.60297714076865,1.15206890808749,1.76766303220472,62.2132344755638,15.46,199,66,19,49.75,26.99,59.01,40.98,0,0.447100501595405,0.798628544041284,1.06700710419625,0.422431100206988,1.01313238046721,0.53915860838935,0.0326551605651903,0.523437026027351,0.934983853746182,1.24918451976141,0.494555649132111,1.18611139623293,0.631212842583103,0.0382305993164748
"mean",0.149044950515486,0.1,0.0149044950515486,0.02,"none",0.323085978491554,3.018337132527,1.05858411569213,0.413918094988452,0.419181984523709,0.409312809209642,0.747268884969297,0.549646817018588,0.960623495874141,0.141847318664723,0.0523426172688275,0.0748874422899237,0.130732689009028,0.1130436561649,0.370859211976646,0.0780570571547636,0.336661582731958,0.960623495874141,12.16,199,66,19,20.54,2.58,44.9,14.29,0,1.80535447475459,0.705913563118894,1.78268368526947,2.31291029235684,1.82566699149296,0.247576348220475,0.777899862098732,1.327912028185,0.519228286983329,1.3112367356224,1.70124008347504,1.34285271472428,0.182102526286855,0.572177153046235
"mean",0.149044950515486,0.1,0.0149044950515486,0.02,"variance",5.95516518155443,3.95347643764009,2.88622506864056,5.42363448625217,2.12611270302646,2.09967232975548,2.19485526556373,2.38165448808249,111.392438402996,5.71550090112552,0.987481922381919,1.90252839523835,5.14044908027275,1.39251345658924,1.63718584830592,1.29417662959865,1.51957849430092,111.392438402996,16.08,199,66,19,49.22,31.03,60.43,57.84,0,0.404683477680373,0.760458804620366,1.03233251108439,0.368563288951597,1.04533228087991,0.555170948956985,0.0197038084185138,0.439125183328543,0.825179752597837,1.12019202213141,0.399930886125451,1.13429817325823,0.602420306696996,0.0213807554823976
"mean",0.149044950515486,0.1,0.0149044950515486,0.05,"abrupt_coef",12.0014192301435,4.91697935844489,4.87540352718573,11.0482079328865,3.20136333940136,3.18061883571252,3.30282002866517,3.42699382561855,266.814577591337,11.7581778709022,1.95098484318672,3.89170685378352,10.7650225269071,2.37639953829814,2.66537044178048,2.37561139150833,2.80398593246382,266.814577591337,16.32,199,66,19,55.35,34.57,62.21,41.8,0,0.298946222656968,0.677445468923407,1.03169171334447,0.275202454420524,1.03842057136195,0.671717285734095,0.0123787090588577,0.310185493107677,0.702914908788431,1.07047949960575,0.285549047150282,1.07746133775594,0.69697136713269,0.0128441026594412
"mean",0.149044950515486,0.1,0.0149044950515486,0.05,"gradual",6.10327297568231,3.9849664151338,2.96837149130034,5.73126156890406,2.26231714934714,2.30422597614267,2.37153971977241,2.74691068572255,89.9487941657175,5.86196920079774,1.01897189987562,1.98467481789814,5.44807616292464,1.43064632547072,1.82206556122507,1.4513361952898,2.06353958760905,89.9487941657175,16.19,199,66,19,55.8,32.35,61.74,45.85,0,0.413790173639885,0.798936294437162,1.04827907106517,0.388568515486936,1.02921316933612,0.595121632836342,0.026365442046985,0.479285520770224,0.925393163818327,1.21420229984786,0.450071739649735,1.19211861777591,0.689318403108881,0.0305386048940442
"mean",0.149044950515486,0.1,0.0149044950515486,0.05,"none",0.317846260950704,3.01818984048988,1.05694099428932,0.405762030930752,0.412619574315781,0.416868004373523,0.745799197650747,0.568792255183975,0.816049463143411,0.136905691024904,0.0521953252317,0.0732443208871136,0.122576624951328,0.109462144967282,0.381097216249807,0.077630684489822,0.37712044882106,0.816049463143411,12.14,199,66,19,20.34,2.4,44.83,12.86,0,1.83802115722855,0.70562046668671,1.807474109505,2.34641488441613,1.78905358489085,0.247101487005767,0.913914206594706,1.40178777664154,0.538149488246907,1.37849072266425,1.78952004495089,1.36444209969716,0.188454764360235,0.697007082135678
"mean",0.149044950515486,0.1,0.0149044950515486,0.05,"variance",6.13183235271403,3.98608391201713,2.99655231861821,5.67662790274229,2.20583737194938,2.12403843685364,2.25496526043429,2.31242502194018,131.37428565493,5.88590818436348,1.02008939675895,2.012855645216,5.39344249676286,1.45003042788535,1.6213098187649,1.342661118329,1.37031188973179,131.37428565493,16.5,199,66,19,50.71,33.73,61.21,63.21,0,0.397236757291235,0.752519903097876,1.02227176359855,0.367747376432464,1.06164051521337,0.565709430661027,0.0171644340381588,0.407358921803398,0.771695193697304,1.0483207199888,0.377118109061914,1.08869264407739,0.580124521455445,0.0176018085305829
"mean",0.149044950515486,0.1,0.0149044950515486,0.1,"abrupt_coef",12.5623296805154,5.0620220500953,5.17102001538148,11.7299791727861,3.36730839935269,3.35449192373737,3.47016197758256,3.6266589447817,303.801201763386,12.3144679278082,2.09602753483713,4.18732334197927,11.4467937668066,2.51313178794844,2.81047785435584,2.53058260953294,2.99888161321047,303.801201763386,16.63,199,66,19,57.31,36.5,63.04,42.12,0,0.295837011001132,0.671078813708007,1.03054474554503,0.276235544348505,1.03448213812252,0.685528815015183,0.0114224761371592,0.309178634621591,0.701343049145818,1.07702013438355,0.288693183272109,1.08113509504029,0.716444714956036,0.0119376056570254
"mean",0.149044950515486,0.1,0.0149044950515486,0.1,"gradual",6.27470086180976,4.01052663016234,3.02081234090294,5.81229620321595,2.33541851517875,2.32084359623288,2.42682858208924,2.53217175095276,99.5782908902433,6.03235377227158,1.04453211490416,2.03711566750073,5.52911079723652,1.47438583605079,1.80947037101424,1.49336005701075,1.81273177481451,99.5782908902433,16.26,199,66,19,57.77,34.31,62.63,48.27,0,0.417533535325759,0.803369527205999,1.0391407648421,0.386764028363464,1.04566657832023,0.605114690883129,0.0243710608044491,0.435657726726265,0.838241990959253,1.08424752758242,0.40355258469205,1.09105661194184,0.631381358225831,0.0254289537238971
"mean",0.149044950515486,0.1,0.0149044950515486,0.1,"none",0.318267798143734,3.01926941707666,1.06101450505309,0.411445323229389,0.414391204304515,0.414481408517518,0.747673730987679,0.504833236623578,0.819081026593297,0.143885206040616,0.0532749018184896,0.0773178316508849,0.128259917249965,0.113618494164264,0.381542474453595,0.0803994875298476,0.290357552831794,0.819081026593297,11.7,199,66,19,20.18,2.21,44.77,14.39,0,1.81718855161427,0.704678142878231,1.80427027219973,2.34919691953887,1.80387760614377,0.247633989454176,0.912820229882978,1.22697527015546,0.475802389335211,1.21825277993256,1.58619011903802,1.2179876497458,0.167203772465053,0.616341021502194
"mean",0.149044950515486,0.1,0.0149044950515486,0.1,"variance",5.77972524003975,3.94682906598723,2.92304388523137,5.50755135605916,2.14624310838533,2.04159429665624,2.18476235087369,2.24973050608289,135.628721945368,5.53186348733249,0.980834550729056,1.93934721182916,5.22436595007974,1.40712919877904,1.543635116984,1.27290534361994,1.31924288001471,135.628721945368,16.63,199,66,19,49.59,33.41,61.18,62.43,0,0.396684880381571,0.747427146719268,1.01794728767578,0.378004534841636,1.07012561430639,0.553548763918208,0.0161084047651331,0.408481076369418,0.769653345763852,1.04821792894441,0.389245234444297,1.10194787954078,0.570009612392515,0.0165874194920829
"mean",0.149044950515486,0.1,0.0149044950515486,0.2,"abrupt_coef",10.1840266656249,4.61556709494153,4.19588716535323,9.40458547284837,2.90761150603033,2.90074455164051,3.00093851755379,3.13061838042297,251.400381704941,9.93258783410531,1.64957257968335,3.21219049195102,9.12140006686895,2.06938270433123,2.37685155057857,2.07209038594128,2.54516981479814,251.400381704941,16.87,199,66,19,56.24,35.15,62.32,39.28,0,0.319093119650801,0.715209537170945,1.03209748321944,0.294671117435614,1.03454077535253,0.650177639242358,0.0119368892648535,0.332882123243099,0.746115959998515,1.07669761724705,0.307404770550143,1.0792464916128,0.678273832018171,0.0124527192806622
"mean",0.149044950515486,0.1,0.0149044950515486,0.2,"gradual",6.81488413799192,4.09059247576165,3.20886166125352,6.39398884435988,2.47350395498401,2.48946041589148,2.5571195174248,2.69834501643748,120.17340542768,6.57059946409704,1.12459796050348,2.22516498785132,6.11080343838045,1.58266228575295,1.93799409898418,1.60382801392775,1.94089857791778,120.17340542768,16.39,199,66,19,59.77,37,63.96,50.82,0,0.39992555190027,0.796893037896147,1.03380449918922,0.375225677450516,1.02717821946531,0.625122041018928,0.0212785808001726,0.422012781398216,0.840904127784488,1.09089981885835,0.395948773566762,1.08390758061971,0.659646501680678,0.0224537617689575
"mean",0.149044950515486,0.1,0.0149044950515486,0.2,"none",0.3290685510669,3.01960408259335,1.06058024208375,0.416029410046118,0.415825372250887,0.431080215278492,0.745858686967038,0.565046120444575,0.923452085937739,0.1375457896545,0.0536095673351744,0.0768835686815457,0.132844004066694,0.113711257555997,0.396650831709415,0.0794787132122995,0.355637964970317,0.923452085937739,12.85,199,66,19,20.27,2.31,44.71,14.05,0,1.79280278979401,0.703255310038236,1.79368248486056,2.26657541277898,1.73020857959159,0.247005457194397,0.807685312887285,1.35818792325749,0.532770740037936,1.35885436087256,1.71710763186756,1.31076792768032,0.187125896306013,0.611884611068681
"mean",0.149044950515486,0.1,0.0149044950515486,0.2,"variance",6.50315638406224,4.04035643661236,3.04927647303845,5.98513223328857,2.23969674514648,2.15479300905383,2.27881635956606,2.35395982325675,156.430612369073,6.25693412581066,1.07436192135418,2.06557979963624,5.70194682730915,1.50520322900617,1.66160326779809,1.3706854760752,1.40633202787929,156.430612369073,16.52,199,66,19,49.28,33.09,60.93,63.58,0,0.380746200876158,0.747330187903669,1.01746647822048,0.350416970619209,1.05755696718484,0.564013694167224,0.0145675857497096,0.393301222346319,0.771973234985528,1.05101720952083,0.361971892452989,1.09242967346101,0.582611920553828,0.0150479486566412
"mean",0.149044950515486,0.25,0.0372612376288715,0.02,"abrupt_coef",11.5412156471143,9.29706072398747,6.91780213792647,10.7981878088925,3.85896931134066,3.72083647040778,4.55023269190979,4.64528204378194,213.035054428136,11.0966890822019,1.88207443584203,5.46461387040048,10.090224293944,2.86409426664979,2.60560762817566,3.13356043726009,3.4581390129261,213.035054428136,11.93,199,39,19,26.7,29.93,38.02,31.86,0,0.421388548934349,0.657756987145293,1.17913160867532,0.394259394420682,1.22290585143913,0.489427016451519,0.0213590796318675,0.430190891841728,0.671496806523916,1.20376236994953,0.402495039155032,1.2484510084564,0.49965060804611,0.0218052472925246
"mean",0.149044950515486,0.25,0.0372612376288715,0.02,"gradual",5.07333738939388,8.2170539524904,3.78745429049931,4.96868524803517,2.69118136318734,2.6086579443719,3.89509720216047,3.65434378125805,62.2132344755638,4.63626307200721,0.802067664344962,2.33426602297332,4.26072173308662,1.76822050712019,1.60297714076865,2.65057186535615,2.45937589050014,62.2132344755638,11.73,199,39,19,24.77,26.99,33.4,32.07,0,0.783929149808946,1.02842091373384,1.44735589189249,0.7677583616464,1.49314217702019,0.474025998208269,0.0626088200524341,0.735474999689934,0.964854886942092,1.3578957669839,0.720303717410492,1.40085203165183,0.444726760026993,0.0587390096667198
"mean",0.149044950515486,0.25,0.0372612376288715,0.02,"none",0.440491989335348,7.46732890541427,1.54806332047549,0.838696203957587,0.455698802607402,0.466993205059135,0.693445148535736,0.717654574670701,0.960623495874141,0.30933243288172,0.0523426172688275,0.094875052949495,0.130732689009028,0.174003846133134,0.370859211976646,0.44267701929343,0.415093325124264,0.960623495874141,3.52,199,39,19,7.56,2.58,6.73,8.12,0,0.826813267144348,0.447943659257262,1.52171817123066,1.57425144003655,1.48491485748262,0.0928638817600422,0.721869860058669,0.85567881586238,0.463582183737985,1.5748441087939,1.62921140916447,1.53675592470307,0.0961059280715971,0.747071644357038
"mean",0.149044950515486,0.25,0.0372612376288715,0.02,"variance",6.17730232429925,8.40246821052736,4.29056450613227,5.84841259522131,3.02469119527195,2.79340205192981,3.50347668944763,3.47874035510493,111.392438402996,5.70110370740227,0.987481922381919,2.83737623860628,5.14044908027275,2.05925252830788,1.63718584830592,2.01489024617422,1.63430909247579,111.392438402996,12.78,199,39,19,25.91,31.03,39.95,49.5,0,0.599047456451739,0.816553785507783,1.15829235557141,0.567153185244996,1.25419707736925,0.416958041573804,0.0314516563213451,0.594817875528718,0.810788498840412,1.15011422010377,0.563148794162274,1.24534180559568,0.414014104896756,0.0312295915681416
"mean",0.149044950515486,0.25,0.0372612376288715,0.05,"abrupt_coef",12.0279350628884,9.36597113133216,7.1538289033825,11.4729860418556,4.2084526777851,3.95349142661057,4.69984079984275,4.44514847463461,266.814577591337,11.5025516123213,1.95098484318672,5.70064063585651,10.7650225269071,3.12415066278494,2.66537044178048,3.01600547139405,3.12088408930452,266.814577591337,14.1,199,39,19,29.1,34.57,45.19,35.54,0,0.409644078943079,0.65696857771096,1.11676218308252,0.390743778983632,1.18878234266769,0.501799624826975,0.017614632762087,0.38744477317569,0.621366338875235,1.05624295078782,0.369568712450892,1.12436021606491,0.474606254098326,0.0166600660082485
"mean",0.149044950515486,0.25,0.0372612376288715,0.05,"gradual",6.43504470284967,8.43395818802106,4.44693571635955,6.15603967787319,3.20255357348852,3.02746659851907,4.05352495330383,4.07557102909864,89.9487941657175,5.94468681565372,1.01897189987562,2.99374744883356,5.44807616292464,2.15849369512754,1.82206556122507,2.55785887488092,2.64511211652626,89.9487941657175,13.16,199,39,19,28.02,32.35,40.14,38.39,0,0.658463097285339,0.911532167733292,1.26571651661344,0.629914031756265,1.33891649053591,0.480619522048513,0.0450648059365398,0.662044308087806,0.9164897558796,1.27260042199986,0.633339971561322,1.34619851168375,0.483233487555969,0.0453099017824519
"mean",0.149044950515486,0.25,0.0372612376288715,0.05,"none",0.435238999075232,7.46718161337714,1.5433882564513,0.830540139899887,0.438634414552626,0.470524186559098,0.688916470842112,0.719414990052712,0.816049463143411,0.313022139652534,0.0521953252317,0.0901999889253113,0.122576624951328,0.166254767485575,0.381097216249807,0.438893566352384,0.460076776155766,0.816049463143411,3.28,199,39,19,7.31,2.4,6.71,6.96,0,0.829480042861208,0.446366277547123,1.57059375184857,1.58284637246634,1.46414677613089,0.0922592360158949,0.844209207844357,0.866201349569246,0.466127033846206,1.64012436367188,1.65291941113108,1.52896495143795,0.0963435774434508,0.881582578685287
"mean",0.149044950515486,0.25,0.0372612376288715,0.05,"variance",6.34589161229794,8.43507568490439,4.40378003460824,6.10140601171142,3.15892094942295,2.87813136398674,3.37022628414001,3.49518967563435,131.37428565493,5.81380113895766,1.02008939675895,2.95059176708225,5.39344249676286,2.15324014581971,1.6213098187649,1.7359484017377,1.48606374268559,131.37428565493,14.28,199,39,19,26.99,33.73,43.86,53.92,0,0.552368794614058,0.765303048211812,1.06689161840395,0.531087905379398,1.17097722720746,0.399549027185547,0.0256536221478859,0.572849875737734,0.793679440881811,1.106450503699,0.550779920170853,1.21439546483829,0.414363759875851,0.0266048234493535
"mean",0.149044950515486,0.25,0.0372612376288715,0.1,"abrupt_coef",13.7727519908041,9.51101382298257,8.03443152535682,12.1547572817552,4.40691671952078,4.17051302780966,4.6321748421717,4.54840163069649,303.801201763386,13.2265022471648,2.09602753483713,6.58124325783083,11.4467937668066,3.29429616392267,2.81047785435584,2.82388698004256,3.19693654189732,303.801201763386,14.66,199,39,19,29.86,36.5,48.53,36.27,0,0.381099740191833,0.576540459340835,1.05111467653862,0.336328922880813,1.11069664841798,0.487032710538012,0.0152473881448943,0.374207524285476,0.566113684128323,1.0321051928549,0.330246390389764,1.09060962053517,0.478224689328666,0.0149716380458527
"mean",0.149044950515486,0.25,0.0372612376288715,0.1,"gradual",6.54771230691304,8.4595184030496,4.48344267339372,6.23707431218508,3.33188250891335,3.08790343406083,3.94994807455633,3.92742975598453,99.5782908902433,6.03537028951606,1.04453211490416,3.03025440586773,5.52911079723652,2.23006771222761,1.80947037101424,2.33616387284991,2.48616508449977,99.5782908902433,13.75,199,39,19,29.57,34.31,43.31,38.68,0,0.63330142897921,0.881007824187576,1.18550040824956,0.603256204519859,1.27916826380864,0.466923515779859,0.0396667590821581,0.629691031308011,0.875985273390744,1.17874197108631,0.599817092122079,1.27187583415446,0.464261624464191,0.0394406222568471
"mean",0.149044950515486,0.25,0.0372612376288715,0.1,"none",0.418034221548469,7.46826118996393,1.54663841245117,0.836223432198524,0.44578909468224,0.463889809613401,0.68215035714992,0.67340745515767,0.819081026593297,0.270107108161849,0.0532749018184896,0.0934501449251832,0.128259917249965,0.171173773357457,0.381542474453595,0.451503296227205,0.431209410570005,0.819081026593297,3.97,199,39,19,7.37,2.21,6.19,6.5,0,0.815751306270467,0.441053546619744,1.53020871368816,1.63180505802401,1.47050084527275,0.0913399169898629,0.832824024733064,0.805296083831575,0.435400704997639,1.51059652017212,1.61089073679962,1.45165390832551,0.0901692426160209,0.822149986746111
"mean",0.149044950515486,0.25,0.0372612376288715,0.1,"variance",6.24768679447915,8.39582083887449,4.31838334424873,5.9323294650283,3.09352413260142,2.7885330661646,3.11428214572366,3.40467206396055,135.628721945368,5.69659308994814,0.980834550729056,2.86519507672274,5.22436595007974,2.1001395374157,1.543635116984,1.45615707123888,1.42200160972829,135.628721945368,14.79,199,39,19,26.66,33.41,44.5,53.21,0,0.524967833307755,0.721168524760845,1.00671015069948,0.49846963334904,1.11681736304713,0.370932420485184,0.0229618188614806,0.573918236340622,0.788413578080076,1.10058041186104,0.54494922296187,1.2209545245391,0.405519856759707,0.0251028839255152
"mean",0.149044950515486,0.25,0.0372612376288715,0.2,"abrupt_coef",10.1378269502904,9.06455886782879,6.29452657203345,9.82936358181751,3.90352071364101,3.68658405323341,4.08269271747216,4.02015147814533,251.400381704941,9.58487018387799,1.64957257968335,4.84133830450746,9.12140006686895,2.81139383873879,2.37685155057857,2.28372016475024,2.75774074727916,251.400381704941,14.84,199,39,19,29.31,35.15,48.28,33.88,0,0.415356770912858,0.648609974197511,1.04590010325935,0.402718722413702,1.10744598753725,0.45040169929969,0.0162398031768458,0.40899407623723,0.638674161136572,1.02987835163696,0.396549625265615,1.0904814375843,0.443502164502823,0.0159910317195286
"mean",0.149044950515486,0.25,0.0372612376288715,0.2,"gradual",7.17771120459779,8.53958424864892,4.76246402791009,6.81876695332901,3.54654152933348,3.31665989125243,4.02091433116474,3.91186435542299,120.17340542768,6.65605387779359,1.12459796050348,3.3092757603841,6.11080343838045,2.40448459600856,1.93799409898418,2.2655374264686,2.30925852500523,120.17340542768,14,199,39,19,30.65,37,47.11,43.01,0,0.589683495371796,0.844292850843691,1.1337564491795,0.560194498852097,1.21233845585728,0.470855982456161,0.0334592692688941,0.573690871413807,0.821395045190427,1.10300819067475,0.545001636861231,1.17945899901898,0.458086042776837,0.0325518307607346
"mean",0.149044950515486,0.25,0.0372612376288715,0.2,"none",0.456396491209635,7.46859585548061,1.54835734246985,0.840807519015254,0.451602672304985,0.482724290632108,0.684570530081165,0.693518814753855,0.923452085937739,0.311822889209613,0.0536095673351744,0.0951690749438543,0.132844004066694,0.172143390088448,0.396650831709415,0.423741866679064,0.422629617191958,0.923452085937739,3.88,199,39,19,7.5,2.31,7,7.27,0,0.814182217212958,0.442126963397984,1.51586908595361,1.49994696117575,1.41813980229739,0.0916598706541087,0.741316783518881,0.824824706094562,0.447906174970951,1.53568359375317,1.51955334475896,1.43667685304529,0.0928579920742312,0.751006820293883
"mean",0.149044950515486,0.25,0.0372612376288715,0.2,"variance",6.76532543245887,8.48934820949962,4.53375428952729,6.40991034225771,3.18737872616765,2.89457762093745,3.220787927301,3.55355774110238,156.430612369073,6.22093875070106,1.07436192135418,3.0805660220013,5.70194682730915,2.19585719286338,1.66160326779809,1.59358968004818,1.51425020567424,156.430612369073,14.61,199,39,19,26.61,33.09,43.67,54.73,0,0.502470043312114,0.710401958646244,1.01048171679728,0.476072874757541,1.11269703185845,0.379391662094496,0.0205892432339398,0.554384936974132,0.783800249014573,1.11488406191849,0.525260429314016,1.22766020002307,0.418590173639707,0.022716511092588
"mean",0.149044950515486,0.5,0.0745224752577431,0.02,"abrupt_coef",11.9857422120268,16.7120470121329,8.37099040545247,11.5061513238411,4.87786021795882,4.76133336439753,5.96690494655948,5.83242507463779,213.035054428136,11.0966890822019,1.88207443584203,5.46461387040048,10.090224293944,3.41647447815448,3.30590942261381,3.13356043726009,3.4581390129261,213.035054428136,11.93,199,39,19,19.61,19.53,38.02,31.86,0,0.518583910346798,0.71280752426534,1.22326279965775,0.497833579348316,1.25320041465202,0.357042135067447,0.0280090286670277,0.506896260138074,0.696742534890355,1.19569336020835,0.486613592338521,1.22495625243325,0.348995252969517,0.0273777716549708
"mean",0.149044950515486,0.5,0.0745224752577431,0.02,"gradual",5.51041170678054,15.6320402406358,5.2406425580253,5.67664876298373,3.55870117758838,3.55438248814786,5.13962253896477,4.84931167201596,62.2132344755638,4.63626307200721,0.802067664344962,2.33426602297332,4.26072173308662,2.2471056130521,2.31209282560128,2.65057186535615,2.45937589050014,62.2132344755638,11.73,199,39,19,17.6,16.67,33.4,32.07,0,0.905397313372496,0.980723734171523,1.44424111002423,0.932711167958737,1.44599590958568,0.328787698844595,0.0826130096319541,0.854256071581764,0.925327689939458,1.36266335104376,0.880027106876407,1.36431903099513,0.310216171233366,0.0779466252300493
"mean",0.149044950515486,0.5,0.0745224752577431,0.02,"none",0.571651545788975,14.8823151935597,3.00125158800148,1.54665971890615,0.569707935772979,0.592719641732888,0.944213277778041,1.02021582421714,0.960623495874141,0.30933243288172,0.0523426172688275,0.094875052949495,0.130732689009028,0.217961852556432,0.533101661526694,0.44267701929343,0.415093325124264,0.960623495874141,3.52,199,39,19,4.72,0.8,6.73,8.12,0,0.610485465054862,0.31460650668303,1.65736374462984,1.65172872308929,1.59301837040109,0.0634453218802037,0.982917117719292,0.659625263234159,0.339930123917568,1.79076990183209,1.78468130057983,1.72124517627662,0.0685522253055516,1.06203505181681
"mean",0.149044950515486,0.5,0.0745224752577431,0.02,"variance",6.65350094119623,15.8174544986728,5.74375277365826,6.55637611016986,4.00483743443177,3.8039840880207,4.99206313272105,5.32317161773408,111.392438402996,5.70110370740227,0.987481922381919,2.83737623860628,5.14044908027275,2.58965562928723,2.32992952742254,2.01489024617422,1.63430909247579,111.392438402996,12.78,199,39,19,18.99,19.78,39.95,49.5,0,0.761405851164893,0.869129179030029,1.24650830762856,0.750291189080907,1.31232492492326,0.315604709540333,0.0448150988010582,0.811907603878473,0.926775895046696,1.32918544257699,0.800055739794789,1.39936747750799,0.336537817648265,0.047787549083681
"mean",0.149044950515486,0.5,0.0745224752577431,0.05,"abrupt_coef",12.5533185134555,16.7809574194776,8.60701717090849,12.1809495568042,5.31266762867491,5.07735051055544,6.38367612829146,5.76941285996471,266.814577591337,11.5025516123213,1.95098484318672,5.70064063585651,10.7650225269071,3.7245936809324,3.38270942319436,3.01600547139405,3.12088408930452,266.814577591337,14.1,199,39,19,21.31,22.74,45.19,35.54,0,0.524070483875009,0.741682745779586,1.20159523886565,0.508524986556264,1.2572848998745,0.380411913856712,0.0239255148122714,0.47364229143712,0.670315016852202,1.0859728601926,0.459592645066773,1.13630383562658,0.343807133034506,0.0216233045137487
"mean",0.149044950515486,0.5,0.0745224752577431,0.05,"gradual",6.92540259004562,15.8489444761665,5.90012398388554,6.86400319282175,4.25100691990414,4.11597382598289,5.54919103172673,5.50602994167102,89.9487941657175,5.94468681565372,1.01897189987562,2.99374744883356,5.44807616292464,2.74267202068742,2.58304650993112,2.55785887488092,2.64511211652626,89.9487941657175,13.16,199,39,19,20.24,20.57,40.14,38.39,0,0.808448200829797,0.940521088519956,1.30538273314593,0.801280641749691,1.34820853249755,0.35013000645384,0.0616927784657475,0.802160166159177,0.933205803252461,1.29522958805138,0.795048355684799,1.33772229233168,0.347406727933897,0.0612129377913278
"mean",0.149044950515486,0.5,0.0745224752577431,0.05,"none",0.557455858497931,14.8821679015226,2.99657652397729,1.53850365484845,0.54711181860617,0.575779269850864,0.93893937533184,0.978753203949658,0.816049463143411,0.313022139652534,0.0521953252317,0.0901999889253113,0.122576624951328,0.208034556183439,0.525103986675599,0.438893566352384,0.460076776155766,0.816049463143411,3.28,199,39,19,4.55,0.68,6.71,6.96,0,0.610293886772945,0.313337359422948,1.71617454311971,1.68432955007742,1.63072799681559,0.0630915725144976,1.15059125425444,0.636172166939748,0.32662379756302,1.78894545989363,1.75575014421216,1.69987572529864,0.0657668432735209,1.19937975350111
"mean",0.149044950515486,0.5,0.0745224752577431,0.05,"variance",6.87798208563823,15.8500619730498,5.85696830213423,6.80936952665998,4.19135694541401,3.87053475519768,5.00450416654231,5.5043156085831,131.37428565493,5.81380113895766,1.02008939675895,2.95059176708225,5.39344249676286,2.70835968778492,2.24892569358919,1.7359484017377,1.48606374268559,131.37428565493,14.28,199,39,19,19.9,21.76,43.86,53.92,0,0.734943836863123,0.854453005101413,1.19400571979869,0.72761227119101,1.29297486860745,0.315740353258654,0.0380934833753328,0.808344382990622,0.939789209133567,1.31325384124243,0.800280596844901,1.42210726856061,0.347274074886407,0.0418979679405513
"mean",0.149044950515486,0.5,0.0745224752577431,0.1,"abrupt_coef",14.3190017344433,16.926000111128,9.48761979288281,12.8627207967038,5.59320689153321,5.32152537561506,6.44046270430083,5.89986671949566,303.801201763386,13.2265022471648,2.09602753483713,6.58124325783083,11.4467937668066,3.94104361506905,3.50764832784159,2.82388698004256,3.19693654189732,303.801201763386,14.66,199,39,19,22.17,24.34,48.53,36.27,0,0.500707650122615,0.67882807752606,1.15147943374849,0.449784337186633,1.2102662769989,0.380507069716167,0.0211995958769016,0.458679529218077,0.621848983021166,1.05482719196865,0.412030589067111,1.10867961778981,0.348568278433177,0.0194201559613669
"mean",0.149044950515486,0.5,0.0745224752577431,0.1,"gradual",7.06005432431003,15.874504691195,5.93663094091971,6.94503782713364,4.41814884968204,4.18265467034661,5.56373227626276,5.36869442746928,99.5782908902433,6.03537028951606,1.04453211490416,3.03025440586773,5.52911079723652,2.84721507124882,2.56402650774843,2.33616387284991,2.48616508449977,99.5782908902433,13.75,199,39,19,21.08,21.72,43.31,38.68,0,0.801108995335598,0.937186820543845,1.25929036471081,0.788057997954074,1.33019164018188,0.350482259729889,0.0558729440576078,0.773025944724774,0.904333532082011,1.21514566623432,0.760432452903818,1.2835614820251,0.338196027649737,0.0539143058137716
"mean",0.149044950515486,0.5,0.0745224752577431,0.1,"none",0.565961334935089,14.8832474781094,2.99982667997716,1.54418694714708,0.556205649876685,0.599151551199078,0.912797418072635,0.915605499745335,0.819081026593297,0.270107108161849,0.0532749018184896,0.0934501449251832,0.128259917249965,0.213402263691067,0.541769245250616,0.451503296227205,0.431209410570005,0.819081026593297,3.97,199,39,19,4.6,0.77,6.19,6.5,0,0.591118465130822,0.304283385491986,1.64111496939128,1.61282646309633,1.52348335950372,0.061330527454791,1.11441650879049,0.592936950695597,0.305219466796764,1.64616360863708,1.61778807707835,1.52817012308979,0.0615192014439073,1.11784484076441
"mean",0.149044950515486,0.5,0.0745224752577431,0.1,"variance",6.79878049901016,15.8108071270199,5.77157161177472,6.64029297997686,4.11862649701211,3.79848607393544,4.77240722020845,5.3873425181928,135.628721945368,5.69659308994814,0.980834550729056,2.86519507672274,5.22436595007974,2.64382671166138,2.17687701232695,1.45615707123888,1.42200160972829,135.628721945368,14.79,199,39,19,19.79,21.76,44.5,53.21,0,0.7187043153968,0.826881747507411,1.15873756060925,0.701950477869268,1.25639718754161,0.301844629554213,0.035187290359713,0.811310966916339,0.933427302054428,1.30804347568324,0.79239836011431,1.41828676302378,0.340737982249248,0.039721251081042
"mean",0.149044950515486,0.5,0.0745224752577431,0.2,"abrupt_coef",10.6907837167029,16.4795451559742,7.74771483955944,10.5373270967661,5.03094196114794,4.81203315107719,5.88166527019408,5.2825622090115,251.400381704941,9.58487018387799,1.64957257968335,4.84133830450746,9.12140006686895,3.43168964211677,3.05553840925219,2.28372016475024,2.75774074727916,251.400381704941,14.84,199,39,19,21.46,23.57,48.28,33.88,0,0.558174308928796,0.759148393041339,1.169098215725,0.550162216920054,1.22228278266899,0.356907015001069,0.0233956099442091,0.501318992995171,0.681821971820517,1.05001453998212,0.494123008096985,1.09778175734907,0.320552670538752,0.0210125464933121
"mean",0.149044950515486,0.5,0.0745224752577431,0.2,"gradual",7.699368531402,15.9545705367943,6.21565229543609,7.52673046827757,4.70441372503514,4.4588602386964,5.77629123586088,5.51447018584076,120.17340542768,6.65605387779359,1.12459796050348,3.3092757603841,6.11080343838045,3.05448612282871,2.69938459786108,2.2655374264686,2.30925852500523,120.17340542768,14,199,39,19,22.14,23.61,47.11,43.01,0,0.76743697149856,0.929313764880669,1.22784507772384,0.750229218448524,1.29546362223492,0.36204617495279,0.0480663023179202,0.73265147584097,0.887190905110606,1.17219073579664,0.716223695923881,1.23674434510936,0.34563576456811,0.0458876085454642
"mean",0.149044950515486,0.5,0.0745224752577431,0.2,"none",0.600970093209656,14.883582143626,3.00154560999584,1.54877103396381,0.573393090378553,0.60953402910852,0.945399193483266,0.964408012315751,0.923452085937739,0.311822889209613,0.0536095673351744,0.0951690749438543,0.132844004066694,0.220901782409429,0.553642172665213,0.423741866679064,0.422629617191958,0.923452085937739,3.88,199,39,19,4.73,0.75,7,7.27,0,0.610418953319187,0.314970790493694,1.6487802335726,1.57312186440774,1.55101954662969,0.0635196006149727,1.02376637389177,0.62269243882197,0.321303800649922,1.68193169485012,1.60475208868556,1.58220536714949,0.0647967675395108,1.04435089486687
"mean",0.149044950515486,0.5,0.0745224752577431,0.2,"variance",7.30971211421669,15.9043344976451,5.98694255705329,7.11787385720627,4.24348760810852,3.93455108046782,4.84798617455382,5.59286527653052,156.430612369073,6.22093875070106,1.07436192135418,3.0805660220013,5.70194682730915,2.76943304751036,2.29654707430262,1.59358968004818,1.51425020567424,156.430612369073,14.61,199,39,19,19.78,21.98,43.67,54.73,0,0.681100321782976,0.809759928102593,1.14245324183113,0.663225322530138,1.23215738604095,0.30482169343657,0.0309912880933801,0.785749423034267,0.934177207018882,1.31798788945291,0.76512798166879,1.42147481685904,0.351656668020825,0.0357530101802264
"mean",0.149044950515486,1,0.149044950515486,0.02,"abrupt_coef",12.9612606290153,31.5420195884238,12.9220783537382,12.9220783537382,6.34564408027889,6.1955794387804,8.1090141747272,7.71540096455417,213.035054428136,11.2159442584789,1.88207443584203,10.090224293944,10.090224293944,4.22473443444352,3.85557371568726,5.93146744769595,5.12947107311048,213.035054428136,11.71,199,19,19,14.23,15.7,14.61,17.35,0,0.627531729242407,0.627531729242407,1.27788670025294,0.625634682214032,1.3088387058634,0.257086080109572,0.0380642246718257,0.597071210477702,0.597071210477702,1.21585781788995,0.595266246500928,1.24530740680374,0.244607069085259,0.0362165794041038
"mean",0.149044950515486,1,0.149044950515486,0.02,"gradual",6.3729493075346,30.4620128169267,7.09257579288085,7.09257579288085,4.75370614528463,4.76867877736014,7.70778543496882,6.83137367395747,62.2132344755638,4.69470316473022,0.802067664344962,4.26072173308662,4.26072173308662,2.89511561235652,2.91306914344234,6.31570559715418,4.86547077665821,62.2132344755638,11.26,199,19,19,12.47,12.45,9.34,13.19,0,1.08673994611457,1.08673994611457,1.62142656685131,1.20945343561043,1.61633563400463,0.253029419995709,0.123893018904142,0.96317245997067,0.96317245997067,1.43706267597835,1.07193284369623,1.43255060634199,0.224258774855531,0.109805795045758
"mean",0.149044950515486,1,0.149044950515486,0.02,"none",0.83021168724658,29.7122877698506,2.96258674880327,2.96258674880327,0.708273252789674,0.706682355644929,0.875294248908186,0.821273080051755,0.960623495874141,0.310044809947533,0.0523426172688275,0.130732689009028,0.130732689009028,0.276042896294764,0.647064375438735,0.852937506330863,0.754202852319786,0.960623495874141,3.49,199,19,19,2.9,0.4,0.15,0.45,0,0.295449322880338,0.295449322880338,1.23581434913809,1.05430248977959,1.23859643857866,0.0294589987714227,0.91117305860991,0.277214863120382,0.277214863120382,1.159542700246,0.989233339722703,1.16215308545839,0.0276408564164861,0.854937531279535
"mean",0.149044950515486,1,0.149044950515486,0.02,"variance",7.53425340800399,30.6474270749637,7.97230314006698,7.97230314006698,5.39012604441094,5.16777019623681,6.44534296309365,6.40654285467677,111.392438402996,5.66075838002433,0.987481922381919,5.14044908027275,5.14044908027275,3.3705669649261,2.87247795829832,4.30207657468096,2.88013932548037,111.392438402996,12.57,199,19,19,13.55,15.4,14.38,23.66,0,0.808466869592656,0.808466869592656,1.19576850522389,0.855472017472424,1.24721934574165,0.210306168518758,0.0578615842825495,0.803600006437154,0.803600006437154,1.18857013767234,0.850322189571007,1.23971125096508,0.209040153322051,0.0575132652316952
"mean",0.149044950515486,1,0.149044950515486,0.05,"abrupt_coef",13.5621797475718,31.6109299957685,13.5968765867013,13.5968765867013,6.90829055397536,6.67456961067772,7.57144507057718,7.36093466357562,266.814577591337,11.5083403294684,1.95098484318672,10.7650225269071,10.7650225269071,4.60703651801625,3.99325095090412,4.89608820882421,4.37854520376074,266.814577591337,13.78,199,19,19,15.44,17.99,17.95,20.01,0,0.55685179035769,0.55685179035769,1.09599401059068,0.558276413637182,1.13437202879189,0.239519845559454,0.0283771791591309,0.541369528261742,0.541369528261742,1.06552186913155,0.54275454245425,1.10283285558965,0.232860427218085,0.0275882027512376
"mean",0.149044950515486,1,0.149044950515486,0.05,"gradual",7.8499161855978,30.6789170524574,8.27993022271887,8.27993022271887,5.67695866837696,5.57815490020996,8.69540396293507,8.18302720542925,89.9487941657175,5.96151666256658,1.01897189987562,5.44807616292464,5.44807616292464,3.52474958293334,3.20386883849827,6.71906791909973,5.48978494961441,89.9487941657175,12.67,199,19,19,14.44,15.93,13.26,18.07,0,1.05017841081272,1.05017841081272,1.53170112218222,1.10770659932503,1.55883157038321,0.283432558850332,0.0966706006854863,0.988296638415655,0.988296638415655,1.44144561964351,1.04243497789729,1.4669774059378,0.266731292745348,0.090974284661929
"mean",0.149044950515486,1,0.149044950515486,0.05,"none",0.739844731711818,29.7121404778135,2.95443068474557,2.95443068474557,0.690844671251381,0.708426796840289,0.794135956481651,0.767093234242274,0.816049463143411,0.331461567299386,0.0521953252317,0.122576624951328,0.122576624951328,0.267557011787401,0.663713311685643,0.764326966378554,0.716417951067009,0.816049463143411,2.74,199,19,19,2.84,0.3,0.2,0.34,0,0.268794918960856,0.268794918960856,1.14951448499005,1.07338191710066,1.12098520273886,0.0267276589202533,0.97314684017149,0.259641642026994,0.259641642026994,1.11037005301463,1.03683002846747,1.08281227878963,0.0258175015972032,0.940008257939956
"mean",0.149044950515486,1,0.149044950515486,0.05,"variance",7.91810953626,30.6800345493407,8.2252965565571,8.2252965565571,5.71828496833398,5.33477470978795,5.98012150985089,6.47056239452836,131.37428565493,5.82551843102258,1.02008939675895,5.39344249676286,5.39344249676286,3.54371914031303,2.78312515696283,3.52237027585052,2.43889648308446,131.37428565493,14.04,199,19,19,14.59,17.12,16.49,27.05,0,0.727040231161467,0.727040231161467,1.04578934819913,0.755246120613218,1.12096983193665,0.194918995291008,0.0455197261780618,0.786666152403966,0.786666152403966,1.13155647722355,0.817185259296707,1.21290265222569,0.210904664534265,0.0492528835629527
"mean",0.149044950515486,1,0.149044950515486,0.1,"abrupt_coef",15.3155395797081,31.7559726874189,14.2786478266009,14.2786478266009,7.28544942113917,6.95180474846656,7.51007844185418,7.47324387410304,303.801201763386,13.1692922922851,2.09602753483713,11.4467937668066,11.4467937668066,4.86644987427283,4.0677849559919,4.58134516422488,4.30305777663865,303.801201763386,14.4,199,19,19,16.23,19.35,19.65,21.27,0,0.525965660968472,0.525965660968472,1.0308325551013,0.490356764955539,1.08030629650678,0.236493415452191,0.0247203710790564,0.523385965173852,0.523385965173852,1.02577664631354,0.487951719572748,1.07500773461043,0.235333489786751,0.0245991254502131
"mean",0.149044950515486,1,0.149044950515486,0.1,"gradual",8.03725832045092,30.7044772674859,8.36096485703076,8.36096485703076,5.94766453113676,5.63085333297873,8.23071028988757,7.67790435533236,99.5782908902433,6.02068013997639,1.04453211490416,5.52911079723652,5.52911079723652,3.69559532884776,3.1090127702567,6.12470513910375,4.82816490147627,99.5782908902433,13.53,199,19,19,15.11,16.92,14.13,19.12,0,0.984421108165087,0.984421108165087,1.38385583901022,1.02406939801156,1.46171633377165,0.268062218359385,0.0826556693864086,0.918303627227423,0.918303627227423,1.29091079618522,0.955288986518676,1.36354188278435,0.250058136096744,0.077104198984446
"mean",0.149044950515486,1,0.149044950515486,0.1,"none",0.806678487933187,29.7132200544002,2.9601139770442,2.9601139770442,0.690592564688274,0.663685507790039,0.761628097788542,0.726888446014512,0.819081026593297,0.29247340865476,0.0532749018184896,0.128259917249965,0.128259917249965,0.270285804234603,0.613010224614774,0.734800006695755,0.680684511354711,0.819081026593297,3.45,199,19,19,2.82,0.34,0.18,0.31,0,0.257296882381894,0.257296882381894,1.10286171142363,0.944153227316041,1.14757379639739,0.0256326341067754,0.929856843292157,0.245560965439696,0.245560965439696,1.05255759065785,0.901088174393856,1.09523025210378,0.0244634692801283,0.887443882124543
"mean",0.149044950515486,1,0.149044950515486,0.1,"variance",7.91776870100446,30.6407797033108,8.05622000987398,8.05622000987398,5.59262493835763,5.22339785925507,5.56358197465787,6.16620462511123,135.628721945368,5.7536360195196,0.980834550729056,5.22436595007974,5.22436595007974,3.44786810043978,2.68218145296603,3.12818748323483,2.14646230970856,135.628721945368,14.52,199,19,19,14.39,17.05,16.34,26.97,0,0.690594592481208,0.690594592481208,0.994806917320602,0.702670434658198,1.06512697760521,0.181574425603038,0.0410206768511681,0.765396751522888,0.765396751522888,1.10256001306643,0.778780595640407,1.18049683199713,0.201241766195818,0.0454638555658956
"mean",0.149044950515486,1,0.149044950515486,0.2,"abrupt_coef",11.7218467549114,31.3095177322651,11.9532541266632,11.9532541266632,6.6535979983707,6.39899505976062,6.99861659877303,6.98716811119538,251.400381704941,9.53982867936472,1.64957257968335,9.12140006686895,9.12140006686895,4.33594901785489,3.63570167720351,4.21892827165922,4.01372134841143,251.400381704941,14.64,199,19,19,15.55,18.54,18.65,19.95,0,0.585498854505383,0.585498854505383,1.05185444033241,0.597057506816545,1.09370557929995,0.223530003196466,0.0278385281331316,0.584541082884672,0.584541082884672,1.05013379421275,0.596080827303749,1.09191647218693,0.223164348008943,0.0277929892699842
"mean",0.149044950515486,1,0.149044950515486,0.2,"gradual",8.71339803012253,30.7845431130852,8.94265749817469,8.94265749817469,6.28868159284965,6.09822230457663,8.13002831167159,7.67018698190632,120.17340542768,6.67744400608099,1.12459796050348,6.11080343838045,6.11080343838045,3.96059946579776,3.36324746261745,5.71997146183618,4.48211549038007,120.17340542768,13.66,199,19,19,15.62,18.35,16.17,21.39,0,0.909128892986344,0.909128892986344,1.29280329932995,0.933049113969749,1.33318004913827,0.264094493194406,0.0676524750441909,0.857707788034139,0.857707788034139,1.21968124298541,0.880275060933772,1.25777424941527,0.249157083596477,0.0638259934018612
"mean",0.149044950515486,1,0.149044950515486,0.2,"none",0.846555790985864,29.7135547199169,2.96469806386093,2.96469806386093,0.724808923843755,0.691594709295851,0.815922791402186,0.806173377446523,0.923452085937739,0.347255206758986,0.0536095673351744,0.132844004066694,0.132844004066694,0.279164521802451,0.646881224141205,0.790585149814554,0.745064947735173,0.923452085937739,3.35,199,19,19,2.99,0.3,0.17,0.41,0,0.275212778443822,0.275212778443822,1.12570743069117,0.963814553145984,1.17977014635193,0.0274596156230098,0.883557256328725,0.271924276968914,0.271924276968914,1.11225641810711,0.952297989135112,1.16567314152436,0.027131502273814,0.872999682087325
"mean",0.149044950515486,1,0.149044950515486,0.2,"variance",8.33122695673727,30.7343070739359,8.53380088710339,8.53380088710339,5.75977472588506,5.40798648667133,5.77809026642162,6.37177006811379,156.430612369073,6.20286506337612,1.07436192135418,5.70194682730915,5.70194682730915,3.6090560899466,2.82056614572249,3.26072105221505,2.22235864576265,156.430612369073,14.28,199,19,19,14.43,17.36,16.89,27.84,0,0.677082854739872,0.677082854739872,1.00317990570955,0.693546136292567,1.06843652081278,0.18800131893397,0.0369370814248884,0.74665089476637,0.74665089476637,1.10625334693705,0.764805724439074,1.17821486496274,0.207317837125319,0.0407322452531261
"mean",0.149044950515486,2,0.298089901030972,0.02,"abrupt_coef",14.7065769995516,61.2019647410055,15.7539324135324,15.7539324135324,8.49949790838741,8.22660935994872,10.2865609017585,10.0958642359543,213.035054428136,11.2159442584789,1.88207443584203,10.090224293944,10.090224293944,5.78687980900556,4.6644350426286,5.93146744769595,7.15669781178893,213.035054428136,11.71,199,19,19,9.1,11.95,14.61,9.86,0,0.652951950772775,0.652951950772775,1.21025512478891,0.699453101974177,1.25040104029232,0.168075664650459,0.0482857665343919,0.640847248226233,0.640847248226233,1.1878188976306,0.686486341197013,1.22722057098105,0.1649598060892,0.0473906243414038
"mean",0.149044950515486,2,0.298089901030972,0.02,"gradual",8.05119545033897,60.1219579695085,9.92442985267509,9.92442985267509,6.47121048666518,6.43951291066551,9.09986527278346,9.28684721342974,62.2132344755638,4.69470316473022,0.802067664344962,4.26072173308662,4.26072173308662,4.22063173388134,3.80737908456202,6.31570559715418,7.45657522109957,62.2132344755638,11.26,199,19,19,7.55,8.83,9.34,6.14,0,0.916915672524062,0.916915672524062,1.40620758535594,1.13025020059603,1.41312943991644,0.151356768477144,0.146268962697281,0.935756245073012,0.935756245073012,1.43510201569962,1.15347432200752,1.44216609893713,0.154466812576857,0.149274463732913
"mean",0.149044950515486,2,0.298089901030972,0.02,"none",1.35037856454563,59.3722329224323,5.7944408085975,5.7944408085975,0.836538761777457,0.860515119036779,0.897650991485509,0.945234436181307,0.960623495874141,0.310044809947533,0.0523426172688275,0.130732689009028,0.130732689009028,0.392384809241308,0.830706128933682,0.852937506330863,0.939272638160687,0.960623495874141,3.49,199,19,19,1.49,0.1,0.15,0.02,0,0.154915896311102,0.154915896311102,1.07305367366146,0.664740255105833,1.04315539800195,0.0151190370868863,0.934446216796593,0.163127809465033,0.163127809465033,1.12993501242297,0.699977370049085,1.09845186362252,0.0159204798212023,0.983980133987009
"mean",0.149044950515486,2,0.298089901030972,0.02,"variance",9.40774843598365,60.3073722275454,10.8041571998612,10.8041571998612,7.47453796409754,7.18370530992101,8.58860935150635,8.03141441610144,111.392438402996,5.66075838002433,0.987481922381919,5.14044908027275,5.14044908027275,4.92885020929303,3.71393886192049,4.30207657468096,4.69578842356486,111.392438402996,12.57,199,19,19,8.54,11.64,14.38,11.19,0,0.794935615303401,0.794935615303401,1.14904886332239,0.912929316716827,1.19556816169019,0.142413921122292,0.0771022654197985,0.743363343158743,0.743363343158743,1.07450312710682,0.853702080870076,1.11800443776692,0.133174670350387,0.0721001760195371
"mean",0.149044950515486,2,0.298089901030972,0.05,"abrupt_coef",15.6160191656752,61.2708751483502,16.4287306464956,16.4287306464956,9.44778392072078,9.01751635509492,10.2468019323302,9.8109138274619,266.814577591337,11.5083403294684,1.95098484318672,10.7650225269071,10.7650225269071,6.46390401140074,4.90685661987781,4.89608820882421,6.47826873393562,266.814577591337,13.78,199,19,19,10.01,13.79,17.95,11.18,0,0.623712333765477,0.623712333765477,1.08457200316118,0.656172474150978,1.13632196813712,0.167237727672739,0.0384042057403046,0.59718027147488,0.59718027147488,1.03843545849357,0.628259591857238,1.0879840347524,0.160123611809159,0.036770531490557
"mean",0.149044950515486,2,0.298089901030972,0.05,"gradual",9.738315708629,60.3388622050391,11.1117842825131,11.1117842825131,7.76596378011198,7.58504510605617,10.6717400067704,11.4314390242088,89.9487941657175,5.96151666256658,1.01897189987562,5.44807616292464,5.44807616292464,5.11594455994663,4.09143146597318,6.71906791909973,8.90363666346615,89.9487941657175,12.67,199,19,19,8.89,11.72,13.26,8.48,0,0.960398414462095,0.960398414462095,1.37416814048244,1.0958506918516,1.40694483125087,0.176863461072675,0.118642390993139,1.02876718388052,1.02876718388052,1.47199231774475,1.17386202770973,1.5071023130873,0.189454003712621,0.127088296516216
"mean",0.149044950515486,2,0.298089901030972,0.05,"none",1.14822789612425,59.3720856303952,5.7862847445398,5.7862847445398,0.796256488376725,0.748600328398836,0.823944946584748,0.816049463143411,0.816049463143411,0.331461567299386,0.0521953252317,0.122576624951328,0.122576624951328,0.372968828912745,0.709848641264809,0.764326966378554,0.816049463143411,0.816049463143411,2.74,199,19,19,1.42,0.13,0.2,0,0,0.142396197726401,0.142396197726401,1.03477329053163,0.7175796280215,1.10064732184538,0.0138776486935964,1.00967525106986,0.141031680805801,0.141031680805801,1.02485753655463,0.710703394245968,1.09010032748562,0.013744665603016,1
"mean",0.149044950515486,2,0.298089901030972,0.05,"variance",10.0107006414974,60.3399797019225,11.0571506163513,11.0571506163513,8.00714204634496,7.45644945210027,8.43787274385126,7.9765171232177,131.37428565493,5.82551843102258,1.02008939675895,5.39344249676286,5.39344249676286,5.23192506774661,3.64089871890383,3.52237027585052,4.30703044152643,131.37428565493,14.04,199,19,19,9.31,12.8,16.49,12.31,0,0.763114570527177,0.763114570527177,1.05379331289657,0.84288533300793,1.13162072619892,0.139838839614035,0.0642277345356176,0.721389931274158,0.721389931274158,0.996175299132949,0.796799086185095,1.06974736092001,0.132192903653953,0.0607159695175732
"mean",0.149044950515486,2,0.298089901030972,0.1,"abrupt_coef",17.4617868671311,61.4159178400006,17.1105018863951,17.1105018863951,9.92766887222691,9.38792133350875,10.4388117194835,10.1397089168245,303.801201763386,13.1692922922851,2.09602753483713,11.4467937668066,11.4467937668066,6.82157210348417,4.93147731309572,4.58134516422488,6.52089751830846,303.801201763386,14.4,199,19,19,10.42,14.95,19.65,12.14,0,0.610082146554893,0.610082146554893,1.05148669378836,0.597808906895595,1.11194068938602,0.169969155987841,0.0343606663136695,0.592601490251243,0.592601490251243,1.02135849284727,0.580679915175851,1.08008030282831,0.16509903740656,0.0333761316873319
"mean",0.149044950515486,2,0.298089901030972,0.1,"gradual",10.0538365009254,60.3644224200677,11.192818916825,11.192818916825,8.12324588560424,7.79533951217923,10.3367154406714,10.2834226953969,99.5782908902433,6.02068013997639,1.04453211490416,5.52911079723652,5.52911079723652,5.3539907050265,4.10498653741579,6.12470513910375,7.46349223164391,99.5782908902433,13.53,199,19,19,9.29,12.38,14.13,9.46,0,0.92351314869691,0.92351314869691,1.27248584940532,1.02813641734873,1.32601221852128,0.17123853797092,0.103804909165038,0.918751815053393,0.918751815053393,1.26592532593663,1.02283568013567,1.31917573049004,0.170355687723408,0.103269724791034
"mean",0.149044950515486,2,0.298089901030972,0.1,"none",1.32088356721161,59.373165206982,5.79196803683844,5.79196803683844,0.791691399363489,0.711775181857544,0.78845618888133,0.773509399086522,0.819081026593297,0.29247340865476,0.0532749018184896,0.128259917249965,0.128259917249965,0.374365537920128,0.670042595713208,0.734800006695755,0.764566702055593,0.819081026593297,3.45,199,19,19,1.4,0.14,0.18,0.03,0,0.136129236878819,0.136129236878819,0.995913546004466,0.596915737657151,1.10773206059766,0.0132796724940076,0.962610734814184,0.133548630477033,0.133548630477033,0.977033980296382,0.585599986469209,1.08673274764634,0.0130279293076253,0.944362491588512
"mean",0.149044950515486,2,0.298089901030972,0.1,"variance",10.0819013824893,60.3007248558926,10.8880740696682,10.8880740696682,7.86081588132548,7.28040321220385,7.99897646608092,7.6165808957447,135.628721945368,5.7536360195196,0.980834550729056,5.22436595007974,5.22436595007974,5.08559890272713,3.44994798395586,3.12818748323483,3.94411331504312,135.628721945368,14.52,199,19,19,9.31,12.85,16.34,12.32,0,0.734654854008048,0.734654854008048,1.01757585813499,0.793399594244583,1.09869965068316,0.132651414807981,0.0589770098202573,0.699534265381499,0.699534265381499,0.968930071729451,0.755470680260126,1.04617569573308,0.126309939290894,0.0561575806842204
"mean",0.149044950515486,2,0.298089901030972,0.2,"abrupt_coef",13.9038648304582,60.9694628848469,14.7851081864574,14.7851081864574,9.16367380075094,8.71428005783049,9.77830492588685,9.71885246990881,251.400381704941,9.53982867936472,1.64957257968335,9.12140006686895,9.12140006686895,6.18277479044121,4.49034616022162,4.21892827165922,6.34447479023821,251.400381704941,14.64,199,19,19,10,14.17,18.65,11.32,0,0.661361743354938,0.661361743354938,1.06707256701843,0.703279630888402,1.12210129362325,0.160380368519158,0.0388953463776489,0.657340639469307,0.657340639469307,1.06058472630403,0.699003664694614,1.11527887621372,0.159405249940693,0.0386588612316247
"mean",0.149044950515486,2,0.298089901030972,0.2,"gradual",10.7493520541641,60.444488265667,11.7745115579689,11.7745115579689,8.67452128346329,8.44802079063875,10.540085161507,10.6177588240522,120.17340542768,6.67744400608099,1.12459796050348,6.11080343838045,6.11080343838045,5.7353548592979,4.42678802573093,5.71997146183618,7.50868115629916,120.17340542768,13.66,199,19,19,9.86,13.49,16.17,10.43,0,0.895161137650209,0.895161137650209,1.21506245902009,0.980532138904502,1.24763958597101,0.17437628250207,0.0877073019941168,0.901757900680488,0.901757900680488,1.22401668946198,0.987758031419123,1.25683388892908,0.175661323781662,0.088353648515369
"mean",0.149044950515486,2,0.298089901030972,0.2,"none",1.34585637521274,59.3734998724987,5.79655212365517,5.79655212365517,0.82851154831923,0.813030290201434,0.841260432989819,0.89192016540629,0.923452085937739,0.347255206758986,0.0536095673351744,0.132844004066694,0.132844004066694,0.39628119182432,0.786202199108647,0.790585149814554,0.88893926639598,0.923452085937739,3.35,199,19,19,1.45,0.09,0.17,0.01,0,0.145131177127989,0.145131177127989,1.01538769700489,0.625074449609705,1.03472212921045,0.0141689547491116,0.910995216536376,0.15387080912573,0.15387080912573,1.07653317230845,0.662715711596864,1.0970319017085,0.0150221928523944,0.965854297140464
"mean",0.149044950515486,2,0.298089901030972,0.2,"variance",10.4595888500984,60.3942522265177,11.3656549468976,11.3656549468976,8.17598019931613,7.53214066990381,8.29545948062817,7.89240926957588,156.430612369073,6.20286506337612,1.07436192135418,5.70194682730915,5.70194682730915,5.36499243259406,3.61523937035684,3.26072105221505,4.12157202153408,156.430612369073,14.28,199,19,19,9.43,13.14,16.89,12.65,0,0.729870783459998,0.729870783459998,1.01461345042421,0.793096134036868,1.10134155005553,0.13735511534301,0.0530296426958705,0.694408664212545,0.694408664212545,0.965316583109635,0.754562094427032,1.04783083793318,0.13068146352693,0.0504530996206484
"mean",0.149044950515486,4,0.596179802061945,0.02,"abrupt_coef",18.1972097406243,120.521855046169,24.8905312294168,21.4176405331209,11.2121160077693,11.2520266991352,13.2253372043736,13.0350306601197,213.035054428136,11.2159442584789,1.88207443584203,19.5249130108593,10.090224293944,5.78687980900556,5.92217926870144,8.25319765517699,7.15669781178893,213.035054428136,11.71,199,9,19,9.1,8.94,8.34,9.86,0,0.617497393511743,0.531340094049229,1.17955764952925,0.726778302436596,1.17537378447476,0.109733933312819,0.0620805681012227,0.608611888875525,0.523694353486288,1.16258435527132,0.716320295579146,1.15846069411847,0.108154912278162,0.0611872571634301
"mean",0.149044950515486,4,0.596179802061945,0.02,"gradual",11.4076877359477,119.441848274672,13.4935665147467,15.5881379722636,8.72178923944902,8.81078802456801,11.7754093149597,11.1171192057599,62.2132344755638,4.69470316473022,0.802067664344962,8.12794829618916,4.26072173308662,4.22063173388134,5.11447325178395,8.84816648683553,7.45657522109957,62.2132344755638,11.26,199,9,19,7.55,6.2,4.91,6.14,0,0.755408332663722,0.872668415877354,1.35011394929139,1.03223454108524,1.33647629271356,0.0985869649963939,0.189274989706327,0.71317813747485,0.823882936628385,1.27463745116389,0.974528709330624,1.26176219139093,0.0930755791738476,0.178693798827105
"mean",0.149044950515486,4,0.596179802061945,0.02,"none",2.39071231914372,118.692123227596,5.55051854562375,11.458148928186,1.28069271431361,0.898134426920612,0.960623495874141,0.951196234201926,0.960623495874141,0.310044809947533,0.0523426172688275,0.184900327066244,0.130732689009028,0.392384809241308,0.868325436817515,0.960623495874141,0.939272638160687,0.960623495874141,3.49,199,9,19,1.49,0.05,0,0.02,0,0.083837581610682,0.173069144437241,0.750081174928049,0.401814759635407,1.06957652115372,0.0080934056089983,1,0.0830148255327762,0.171370697419233,0.742720110430022,0.397871473947403,1.05908002821275,0.00801397943128861,0.990186309503458
"mean",0.149044950515486,4,0.596179802061945,0.02,"variance",13.154738491943,119.627262532709,15.0573369639619,16.4678653194497,10.020225718902,10.0174219496827,11.4959059807803,11.367040408638,111.392438402996,5.66075838002433,0.987481922381919,9.6917187454044,5.14044908027275,4.92885020929303,4.90219924799122,7.01263386927446,4.69578842356486,111.392438402996,12.57,199,9,19,8.54,8.58,7.52,11.19,0,0.698081126957166,0.763475374715628,1.14727016169851,0.873898480598554,1.14759127034121,0.0960977099817613,0.103201852348275,0.690255852117806,0.754917050461433,1.13440961586278,0.864102347272059,1.13472712497631,0.09502048419381,0.102044991308246
"mean",0.149044950515486,4,0.596179802061945,0.05,"abrupt_coef",19.723698001882,120.590765453514,27.1441339495881,22.092438766084,12.4316638300408,12.3525629092155,13.1371034001603,13.1435589209882,266.814577591337,11.5083403294684,1.95098484318672,21.7785157310306,10.7650225269071,6.46390401140074,6.15825476579187,7.18722897558214,6.47826873393562,266.814577591337,13.78,199,9,19,10.01,10.39,9.98,11.18,0,0.594642517254737,0.483975779980989,1.05674538660021,0.666056811400522,1.06351236554801,0.108939547325658,0.0492368277578958,0.594934722243791,0.484213603771566,1.05726466711777,0.666384109092223,1.06403497133235,0.108993079789802,0.0492610225409773
"mean",0.149044950515486,4,0.596179802061945,0.05,"gradual",13.5151147546914,119.658752510203,15.7488022167419,16.7754924021016,10.4159830002773,10.5273586991755,14.7695315897542,13.9592413849514,89.9487941657175,5.96151666256658,1.01897189987562,10.3831839981844,5.44807616292464,5.11594455994663,5.53733375591704,10.745317925836,8.90363666346615,89.9487941657175,12.67,199,9,19,8.89,8.37,6.75,8.48,0,0.880423133684224,0.937819358354333,1.41796809666077,1.09281584787338,1.40296650012609,0.123430432625435,0.164199328370578,0.832121111580764,0.886368448396156,1.34017513129388,1.03286147682215,1.32599655657641,0.11665875744243,0.155190978538674
"mean",0.149044950515486,4,0.596179802061945,0.05,"none",1.96499422494911,118.691975935559,5.54196522591965,11.4499928641283,1.21954414784071,0.817999532360013,0.816049463143411,0.816049463143411,0.816049463143411,0.331461567299386,0.0521953252317,0.17634700736215,0.122576624951328,0.372968828912745,0.812037734339394,0.816049463143411,0.816049463143411,0.816049463143411,2.74,199,9,19,1.42,0.01,0,0,0,0.0712707398884078,0.147249112882695,0.669143027407648,0.4152935681857,0.99761605093957,0.00687535494047608,1,0.0712707398884078,0.147249112882695,0.669143027407648,0.4152935681857,0.99761605093957,0.00687535494047608,1
"mean",0.149044950515486,4,0.596179802061945,0.05,"variance",14.1958828519723,119.659870007086,15.6095856471531,16.7208587359398,10.7823590249433,10.5889024391531,11.3759791435994,11.646003804909,131.37428565493,5.82551843102258,1.02008939675895,10.2439674285956,5.39344249676286,5.23192506774661,4.96692690570898,6.20113846170167,4.30703044152643,131.37428565493,14.04,199,9,19,9.31,9.43,8.68,12.31,0,0.680346585259274,0.728781621802633,1.0550547535361,0.801357637437735,1.07433033867004,0.095069292177283,0.0865921294025505,0.696495556168838,0.746080265559961,1.08009794312801,0.820378973702995,1.09983106104058,0.0973258938374187,0.0886475138330993
"mean",0.149044950515486,4,0.596179802061945,0.1,"abrupt_coef",21.7542814419771,120.735808145164,27.8281013260413,22.7742100059836,13.0337656409696,12.9699348636743,13.7195552567617,13.7585203153405,303.801201763386,13.1692922922851,2.09602753483713,22.4624831074838,11.4467937668066,6.82157210348417,6.24502669641557,7.16753923210093,6.52089751830846,303.801201763386,14.4,199,9,19,10.42,11.28,10.99,12.14,0,0.60241629690589,0.493010827293598,1.05261638383587,0.630660005634037,1.05779677392112,0.113632860603097,0.0451596477470392,0.604127226003695,0.494411032723435,1.0556059311127,0.632451149997168,1.06080103408035,0.113955590530344,0.0452879061553424
"mean",0.149044950515486,4,0.596179802061945,0.1,"gradual",14.0869928618745,119.684312725231,15.8584509031513,16.8565270364135,10.892501066182,10.9362155915224,13.4327633956801,13.1033531591499,99.5782908902433,6.02068013997639,1.04453211490416,10.4928326845938,5.52911079723652,5.3539907050265,5.63617715119175,8.82429352574125,7.46349223164391,99.5782908902433,13.53,199,9,19,9.29,8.89,7.73,9.46,0,0.796887957208661,0.847041333211859,1.23321203404651,0.953557904613904,1.2282826068364,0.112234954521724,0.134896504806313,0.777345958087573,0.826269428153672,1.2029701057209,0.930173904937032,1.19816156233308,0.109482628598389,0.131588452081314
"mean",0.149044950515486,4,0.596179802061945,0.1,"none",2.34929372576847,118.693055512146,5.55072927194955,11.4556761564269,1.20901726080685,0.766159117437013,0.798882005923161,0.782452096117451,0.819081026593297,0.29247340865476,0.0532749018184896,0.185111053392049,0.128259917249965,0.374365537920128,0.748273723375155,0.792920207902541,0.764566702055593,0.819081026593297,3.45,199,9,19,1.4,0.03,0.01,0.03,0,0.0697367833215998,0.143923792133096,0.660769727464452,0.34005198973655,1.04271030356672,0.00673065498630974,0.975339410858841,0.0683025676907317,0.140963836963109,0.647180252493065,0.333058436897458,1.02126578971603,0.00659223147252608,0.955280455429187
"mean",0.149044950515486,4,0.596179802061945,0.1,"variance",14.410166745459,119.620615161056,15.3354046011314,16.5517821892567,10.6360328599238,10.2745187867087,10.7480607137902,11.2890484764463,135.628721945368,5.7536360195196,0.980834550729056,9.96978638257385,5.22436595007974,5.08559890272713,4.61677246514089,5.50764025366569,3.94411331504312,135.628721945368,14.52,199,9,19,9.31,9.49,8.79,12.32,0,0.649359723979841,0.700865806500942,1.01053286082713,0.745866505477956,1.04608896405874,0.0898512409363478,0.079246199179843,0.682044286673474,0.736142851791041,1.06139653996209,0.783408594491366,1.09874230713851,0.0943737704512456,0.0832349395800807
"mean",0.149044950515486,4,0.596179802061945,0.2,"abrupt_coef",18.2679009815516,120.28935319001,24.1131841917529,20.4488163060459,12.1445728110607,12.1218221647515,13.0418010251447,13.0932301495794,251.400381704941,9.53982867936472,1.64957257968335,18.7475659731955,9.12140006686895,6.18277479044121,5.75462187872989,6.89518726588608,6.34447479023821,251.400381704941,14.64,199,9,19,10,10.68,10.31,11.32,0,0.637777797499643,0.5408576868751,1.07387894395651,0.713918968485509,1.07589443632232,0.10842024401398,0.0518766158456011,0.640292814685233,0.542990508655323,1.07811368528786,0.716734241268443,1.08013712555961,0.10884778912143,0.0520811864356929
"mean",0.149044950515486,4,0.596179802061945,0.2,"gradual",14.8212601022471,119.76437857083,17.1392034464402,17.4382196775574,11.6136877076287,11.6031249052526,14.2187596129576,13.7268364918052,120.17340542768,6.67744400608099,1.12459796050348,11.7735852278827,6.11080343838045,5.7353548592979,5.8201808252517,9.13930769938986,7.50868115629916,120.17340542768,13.66,199,9,19,9.86,9.7,8.52,10.43,0,0.815379085472633,0.829604459588281,1.22431048353554,0.95934890251348,1.2254250237814,0.118722777027966,0.118318687586118,0.787169604788921,0.800902826943005,1.18195329832991,0.926158531535658,1.18302927908596,0.11461535270846,0.1142252434551
"mean",0.149044950515486,4,0.596179802061945,0.2,"none",2.3444575436665,118.693390177662,5.5559798968914,11.4602602432436,1.26074190481414,0.874999737507705,0.904861116892736,0.8949010644166,0.923452085937739,0.347255206758986,0.0536095673351744,0.190361678333892,0.132844004066694,0.39628119182432,0.857114343445847,0.898899318872117,0.88893926639598,0.923452085937739,3.35,199,9,19,1.45,0.03,0.01,0.01,0,0.0789564196350771,0.16286256136366,0.717721139780892,0.385957561627507,1.03412730096364,0.00762351732929968,0.979867965725451,0.0780873248444934,0.161069888844865,0.709820987943228,0.381709221749037,1.02274438043328,0.00753960320012005,0.969082292459011
"mean",0.149044950515486,4,0.596179802061945,0.2,"variance",14.7163126368207,119.714142531681,16.8736281703764,17.0293630664861,10.9869679660382,10.6655689010414,11.1386626194358,11.6632465176177,156.430612369073,6.20286506337612,1.07436192135418,11.5080099518189,5.70194682730915,5.36499243259406,4.87070122499928,5.70150282463091,4.12157202153408,156.430612369073,14.28,199,9,19,9.43,9.72,9.12,12.65,0,0.654085685762188,0.660122559710725,1.013806780348,0.756892225268886,1.04435710113394,0.0930438324485189,0.0712051333862706,0.684890355093258,0.691211540271693,1.06155279178659,0.792538647788432,1.09354190346835,0.0974258034261167,0.0745585940052456
"median",0.0125070426588733,0.1,0.00125070426588733,0.02,"abrupt_coef",10.7507866193859,2.13096458475361,2.13096458475361,10.1139876749958,2.27606119203742,2.64304120685367,2.20955573359351,2.19844968761412,213.035054428136,10.7313131539661,1.88207443584203,1.88207443584203,10.090224293944,2.21201262658133,2.60560762817566,2.10493432175203,2.09330297998097,213.035054428136,15.57,199,199,19,51.21,29.93,83.65,84.07,0,0.218465337767423,1.03688055137199,0.970780461142008,0.205525029174072,0.835989892198394,1.03688055137199,0.0103717941609411,0.217367250016451,1.03166880545239,0.965900958772631,0.204491984209774,0.831787897181974,1.03166880545239,0.0103196616796966
"median",0.0125070426588733,0.1,0.00125070426588733,0.02,"gradual",4.59817752688334,1.05095781325654,1.05095781325654,4.28448511413847,1.22472544044598,1.63673364890495,1.13042436409656,1.10871239648683,62.2132344755638,4.57884163893272,0.802067664344962,0.802067664344962,4.26072173308662,1.16250290321809,1.60297714076865,1.02747889597137,0.999826083098675,62.2132344755638,15.46,199,199,19,49.75,26.99,82.31,87.06,0,0.263841356424893,1.0756134545437,0.923002271990786,0.245841827003744,0.690658718266629,1.0756134545437,0.0181701590284711,0.258773777233619,1.05495423555711,0.905274243411723,0.241119963290829,0.677393293177911,1.05495423555711,0.0178211662813048
"median",0.0125070426588733,0.1,0.00125070426588733,0.02,"none",0.157055882537913,0.301232766180405,0.301232766180405,0.154496070060887,0.138733121786226,0.374086028982636,0.156783619042628,0.169599793004867,0.960623495874141,0.141847318664723,0.0523426172688275,0.0523426172688275,0.130732689009028,0.1130436561649,0.370859211976646,0.0674082922023198,0.0854273959106499,0.960623495874141,12.16,199,199,19,20.54,2.58,71.46,67.3,0,1.01480651890264,0.520473323770934,1.13010950106216,0.998266454647319,0.419111131920689,0.520473323770934,0.163210268868095,1.09776121125947,0.563019073772656,1.22248955996394,1.0798690903152,0.453371096124896,0.563019073772656,0.176551785099256
"median",0.0125070426588733,0.1,0.00125070426588733,0.02,"variance",5.73561222572099,1.2363720712935,1.2363720712935,5.16421246132461,1.45407312055621,1.67599520167641,1.26725547148509,1.21751792671887,111.392438402996,5.71550090112552,0.987481922381919,0.987481922381919,5.14044908027275,1.39251345658924,1.63718584830592,1.16172104552951,1.08240434487506,111.392438402996,16.08,199,199,19,49.22,31.03,84.38,108.03,0,0.245391815494756,1.02497905032688,0.871521145374267,0.220945109538989,0.756121181145101,1.02497905032688,0.0113764945776697,0.235760619036688,0.984750428279325,0.837315475753475,0.212273403222586,0.726444756823319,0.984750428279325,0.0109299872071579
"median",0.0125070426588733,0.1,0.00125070426588733,0.05,"abrupt_coef",11.7785893645215,2.1998749920983,2.1998749920983,10.7887859079589,2.445626019415,2.70860728825221,2.31464050670562,2.3376630782549,266.814577591337,11.7581778709022,1.95098484318672,1.95098484318672,10.7650225269071,2.37639953829814,2.66537044178048,2.20874337651294,2.23508031436682,266.814577591337,16.32,199,199,19,55.35,34.57,84.67,82.02,0,0.214541332681196,1.05216910734453,0.94644090647158,0.196512539411348,0.854550054836187,1.05216910734453,0.0086750901228898,0.216675268023476,1.06263450725679,0.955854680845306,0.198467151363322,0.863049836864072,1.06263450725679,0.00876137690585766
"median",0.0125070426588733,0.1,0.00125070426588733,0.05,"gradual",5.88221810286245,1.2678620487872,1.2678620487872,5.47183954397649,1.50043562350723,1.86252584422653,1.40311846753195,1.35832520314008,89.9487941657175,5.86196920079774,1.01897189987562,1.01897189987562,5.44807616292464,1.43064632547072,1.82206556122507,1.29687114014482,1.24496136848005,89.9487941657175,16.19,199,199,19,55.8,32.35,84.95,90.64,0,0.256425367786329,1.10668070621258,0.935140732164299,0.238535607316083,0.753341743891152,1.10668070621258,0.0155990803495032,0.248239224162805,1.07135094424462,0.905287225829141,0.230920577813849,0.729292002766367,1.07135094424462,0.0151010940806785
"median",0.0125070426588733,0.1,0.00125070426588733,0.05,"none",0.152089240812776,0.301085474143278,0.301085474143278,0.146340006003187,0.13490146973543,0.384098906487936,0.156091393303202,0.166275131874287,0.816049463143411,0.136905691024904,0.0521953252317,0.0521953252317,0.122576624951328,0.109462144967282,0.381097216249807,0.0666785453349171,0.0836911291977473,0.816049463143411,12.14,199,199,19,20.34,2.4,71.49,66.03,0,1.06663514350138,0.518428840671744,1.15707704007473,1.02631450107212,0.406383331653938,0.518428840671744,0.191276877631829,1.13622471677817,0.552252254438425,1.23256723740955,1.09327346882463,0.432896655173138,0.552252254438425,0.203756192956488
"median",0.0125070426588733,0.1,0.00125070426588733,0.05,"variance",5.90654480475062,1.26897954567053,1.26897954567053,5.41720587781472,1.5134536412085,1.66349607365328,1.30691234950712,1.26411876269915,131.37428565493,5.88590818436348,1.02008939675895,1.02008939675895,5.39344249676286,1.45003042788535,1.6213098187649,1.20006468407236,1.12290174403781,131.37428565493,16.5,199,199,19,50.71,33.73,85.43,112.91,0,0.241252110217808,1.02989236821508,0.86352981942912,0.221265120761629,0.785641980288505,1.02989236821508,0.00994800727548672,0.23335254210591,0.996169534026008,0.835254366754005,0.214020007379343,0.759916889928664,0.996169534026008,0.00962226935352858
"median",0.0125070426588733,0.1,0.00125070426588733,0.1,"abrupt_coef",12.3352671397499,2.34491768374871,2.34491768374871,11.4705571478585,2.58480964942644,2.85612856006073,2.47453594744629,2.50819065590294,303.801201763386,12.3144679278082,2.09602753483713,2.09602753483713,11.4467937668066,2.51313178794844,2.81047785435584,2.36837616935778,2.4069336385367,303.801201763386,16.63,199,199,19,57.31,36.5,84.88,80.96,0,0.215729359572414,1.05527625323307,0.957337786167498,0.200606595658736,0.866395155333511,1.05527625323307,0.00814524739560962,0.218663367748549,1.06962844507753,0.970357974506749,0.203334928014684,0.878178486422755,1.06962844507753,0.00825602611623778
"median",0.0125070426588733,0.1,0.00125070426588733,0.1,"gradual",6.05269022363491,1.29342226381574,1.29342226381574,5.55287417828838,1.5466390214911,1.85238203437684,1.43280194890678,1.40005047977687,99.5782908902433,6.03235377227158,1.04453211490416,1.04453211490416,5.52911079723652,1.47438583605079,1.80947037101424,1.32631698770913,1.28552349014956,99.5782908902433,16.26,199,199,19,57.77,34.31,85.14,91.57,0,0.258028887906196,1.107760388073,0.92639712886943,0.236721506630538,0.773491602874885,1.107760388073,0.0143886979390522,0.252130776751801,1.08243882832708,0.905221231536685,0.231310446767929,0.755810871512722,1.08243882832708,0.0140597962393231
"median",0.0125070426588733,0.1,0.00125070426588733,0.1,"none",0.158518445951497,0.302165050730067,0.302165050730067,0.152023298301824,0.13885770624987,0.384306530881206,0.159255082298452,0.168786510553455,0.819081026593297,0.143885206040616,0.0532749018184896,0.0532749018184896,0.128259917249965,0.113618494164264,0.381542474453595,0.0698547413728254,0.0862400290048914,0.819081026593297,11.7,199,199,19,20.18,2.21,71.48,66,0,1.04757023480881,0.527046665104624,1.14689408747597,1.00464700711979,0.414395982116888,0.527046665104624,0.194431414143264,1.11026738953097,0.558590446332712,1.21553578200211,1.06477520354382,0.439197611777326,0.558590446332712,0.206068148416852
"median",0.0125070426588733,0.1,0.00125070426588733,0.1,"variance",5.5526626992742,1.22972469964063,1.22972469964063,5.2481293311316,1.46915162332439,1.58542114650729,1.25613238960814,1.22128738918537,135.628721945368,5.53186348733249,0.980834550729056,0.980834550729056,5.22436595007974,1.40712919877904,1.543635116984,1.1495848931972,1.08138361000322,135.628721945368,16.63,199,199,19,49.59,33.41,85.19,111.86,0,0.239348596490722,1.02147447308753,0.855005276287118,0.226221626927263,0.792302027997681,1.02147447308753,0.00926155147369238,0.232709087777385,0.993138862334207,0.831287506201605,0.219946259178504,0.770323640425692,0.993138862334207,0.00900463686207493
"median",0.0125070426588733,0.1,0.00125070426588733,0.2,"abrupt_coef",9.95368721507083,1.89846272859493,1.89846272859493,9.14516344792081,2.13972231224474,2.42081380552451,2.01210012628495,2.05752981820143,251.400381704941,9.93258783410531,1.64957257968335,1.64957257968335,9.12140006686895,2.06938270433123,2.37685155057857,1.90670327779862,1.95979978686499,251.400381704941,16.87,199,199,19,56.24,35.15,84.27,78.14,0,0.220017951318564,1.05985758686668,0.940355725025878,0.202146208014095,0.831166825673729,1.05985758686668,0.00800356830263873,0.224985570779407,1.08378731233993,0.961587308047893,0.206710314855598,0.849933114850041,1.08378731233993,0.00818427483780144
"median",0.0125070426588733,0.1,0.00125070426588733,0.2,"gradual",6.59109850701493,1.37348810941506,1.37348810941506,6.13456681943231,1.65741687972504,1.98427015682202,1.53837838622564,1.49213727633221,120.17340542768,6.57059946409704,1.12459796050348,1.12459796050348,6.11080343838045,1.58266228575295,1.93799409898418,1.43074277710338,1.37443349786956,120.17340542768,16.39,199,199,19,59.77,37,86.06,94.11,0,0.250772129721133,1.12005220553442,0.92817830266146,0.233402426710561,0.775286762710521,1.12005220553442,0.012801321396783,0.24323433426556,1.08638528874319,0.900278798041295,0.226386735798915,0.751982924906758,1.08638528874319,0.0124165348483044
"median",0.0125070426588733,0.1,0.00125070426588733,0.2,"none",0.153617339471152,0.302499716246752,0.302499716246752,0.156607385118554,0.139063033025533,0.399539958563614,0.159281075989906,0.170943094111096,0.923452085937739,0.1375457896545,0.0536095673351744,0.0536095673351744,0.132844004066694,0.113711257555997,0.396650831709415,0.069843213936303,0.0877837674722481,0.923452085937739,12.85,199,199,19,20.27,2.31,71.51,66.49,0,1.01707257208418,0.526549505454671,1.14538761685617,1.03686912257595,0.398661191642851,0.526549505454671,0.172484396771014,1.09153916325013,0.565101667638115,1.22924899875951,1.11278514977274,0.427849806877024,0.565101667638115,0.185113117089891
"median",0.0125070426588733,0.1,0.00125070426588733,0.2,"variance",6.27759576028312,1.32325207026576,1.32325207026576,5.72571020836101,1.5668379352291,1.7029890719563,1.35243544214339,1.31236710433743,156.430612369073,6.25693412581066,1.07436192135418,1.07436192135418,5.70194682730915,1.50520322900617,1.66160326779809,1.2458129034765,1.17044969128719,156.430612369073,16.52,199,199,19,49.28,33.09,85.25,113.47,0,0.236203962989341,1.02205428015825,0.863162303984966,0.215438440732348,0.794153917024137,1.02205428015825,0.00864559322284399,0.229205994816335,0.991774079804652,0.837589564836225,0.209055688587097,0.770625675730176,0.991774079804652,0.00838945193950342
"median",0.0125070426588733,0.25,0.00312676066471831,0.02,"abrupt_coef",10.7799968175157,2.50429980812098,2.50429980812098,10.1496327465736,2.37213404022155,2.69919157487068,2.36842309385083,2.36005287892387,213.035054428136,10.7313131539661,1.88207443584203,1.88207443584203,10.090224293944,2.21201262658133,2.60560762817566,2.10880815585927,2.09915596905977,213.035054428136,15.57,199,199,19,51.21,29.93,83.03,83.44,0,0.233350619967051,0.945742632799186,0.998435608482574,0.219705361137262,0.877456463594773,0.945742632799186,0.01111752758347,0.232525938410983,0.942400295392211,0.994907049478302,0.218928903122603,0.874355455498538,0.942400295392211,0.0110782372659707
"median",0.0125070426588733,0.25,0.00312676066471831,0.02,"gradual",4.62718135880927,1.42429303662391,1.42429303662391,4.32013018571626,1.31805924628782,1.6873684111094,1.28699764706109,1.27239693194444,62.2132344755638,4.57884163893272,0.802067664344962,0.802067664344962,4.26072173308662,1.16250290321809,1.60297714076865,1.03097848383395,1.00218227529948,62.2132344755638,15.46,199,199,19,49.75,26.99,81.88,86.42,0,0.297907144399563,0.90360453499916,0.976433836859595,0.278138578815565,0.762724748541973,0.90360453499916,0.0206868788917669,0.294527451082699,0.893353333356513,0.96535640224672,0.274983155679005,0.75407179817232,0.893353333356513,0.0204521906419158
"median",0.0125070426588733,0.25,0.00312676066471831,0.02,"none",0.179868728347698,0.674567989547772,0.674567989547772,0.190141141638676,0.177267320218214,0.37892625449162,0.290207121777174,0.294253652199124,0.960623495874141,0.141847318664723,0.0523426172688275,0.0523426172688275,0.130732689009028,0.1130436561649,0.370859211976646,0.0678319033024076,0.0861989975687671,0.960623495874141,12.16,199,199,19,20.54,2.58,71.12,66.54,0,1.5262721117382,0.430211818932778,1.63711574936617,1.61343844726686,0.765867021187344,0.430211818932778,0.302102876958151,1.54755383113399,0.436210518077489,1.65994302749599,1.63593557869777,0.776545960358182,0.436210518077489,0.306315276966405
"median",0.0125070426588733,0.25,0.00312676066471831,0.02,"variance",5.7657792126142,1.60970729466086,1.60970729466086,5.19985753290239,1.54641261650668,1.73420923173213,1.42836944512238,1.42100166180647,111.392438402996,5.71550090112552,0.987481922381919,0.987481922381919,5.14044908027275,1.39251345658924,1.63718584830592,1.16587788731928,1.08515629880908,111.392438402996,16.08,199,199,19,49.22,31.03,83.95,107.41,0,0.274693957687166,0.887347314545974,0.923666445731055,0.247732247880293,0.823643086996903,0.887347314545974,0.0128228582262902,0.273277037460162,0.882770219480089,0.918902010135234,0.246454400941619,0.819394589652352,0.882770219480089,0.0127567156458643
"median",0.0125070426588733,0.25,0.00312676066471831,0.05,"abrupt_coef",11.8092066049504,2.57321021546566,2.57321021546566,10.8244309795367,2.5494657410903,2.77346255795979,2.47664374948992,2.49642550417624,266.814577591337,11.7581778709022,1.95098484318672,1.95098484318672,10.7650225269071,2.37639953829814,2.66537044178048,2.21358937476717,2.24193845367482,266.814577591337,16.32,199,199,19,55.35,34.57,84.13,81.39,0,0.228801287954253,0.962472375791394,0.971436371775196,0.209721434499394,0.892978974020035,0.962472375791394,0.00928226550381082,0.230628797845878,0.970159953964148,0.979195548283236,0.211396547430183,0.900111485915517,0.970159953964148,0.00935640596069628
"median",0.0125070426588733,0.25,0.00312676066471831,0.05,"gradual",5.91259145595953,1.64119727215457,1.64119727215457,5.50748461555428,1.605119570562,1.92321626872871,1.56739880969913,1.53192269926255,89.9487941657175,5.86196920079774,1.01897189987562,1.01897189987562,5.44807616292464,1.43064632547072,1.82206556122507,1.30353147720355,1.25073311268443,89.9487941657175,16.19,199,199,19,55.8,32.35,84.39,89.93,0,0.284594314666348,0.955033764857189,0.976499719052288,0.265095063877496,0.814988327202127,0.955033764857189,0.0174254566082501,0.278152878527537,0.933417770827414,0.954397870014241,0.259094968876713,0.796542086384901,0.933417770827414,0.0170310532061187
"median",0.0125070426588733,0.25,0.00312676066471831,0.05,"none",0.174864565494584,0.674420697510645,0.674420697510645,0.181985077580976,0.173060456887653,0.388601441845131,0.288755688642028,0.28893021033511,0.816049463143411,0.136905691024904,0.0521953252317,0.0521953252317,0.122576624951328,0.109462144967282,0.381097216249807,0.0665680758071445,0.0845338656824733,0.816049463143411,12.14,199,199,19,20.34,2.4,71.06,65.37,0,1.58669981341489,0.428153657958385,1.6685249411394,1.65131047462541,0.743063863250167,0.428153657958385,0.353845816563306,1.58765880244521,0.428412430700274,1.6695333846407,1.652308513837,0.743512965271645,0.428412430700274,0.354059678223615
"median",0.0125070426588733,0.25,0.00312676066471831,0.05,"variance",5.93749973533133,1.64231476903789,1.64231476903789,5.45285094939251,1.60858846119321,1.72677545598585,1.47165163670571,1.47678006994558,131.37428565493,5.88590818436348,1.02008939675895,1.02008939675895,5.39344249676286,1.45003042788535,1.6213098187649,1.20625219148442,1.12548850926447,131.37428565493,16.5,199,199,19,50.71,33.73,84.88,112.35,0,0.269886642852335,0.896083786403407,0.914871436796255,0.247857128809386,0.852254201091547,0.896083786403407,0.0112019763180382,0.270827147789561,0.899206472344341,0.918059594217239,0.248720864972496,0.855224149049798,0.899206472344341,0.0112410131296509
"median",0.0125070426588733,0.25,0.00312676066471831,0.1,"abrupt_coef",12.3664659576624,2.71825290711607,2.71825290711607,11.5062022194363,2.69232644164344,2.92460461861806,2.63539561358564,2.66241217277915,303.801201763386,12.3144679278082,2.09602753483713,2.09602753483713,11.4467937668066,2.51313178794844,2.81047785435584,2.37165335151665,2.41189610832192,303.801201763386,16.63,199,199,19,57.31,36.5,84.35,80.12,0,0.229041308619965,0.969518180845674,0.978854411122951,0.213108225309326,0.901111759452436,0.969518180845674,0.00867473728967737,0.23138930830555,0.979457123290206,0.988889063227402,0.215292888194099,0.910349438631878,0.979457123290206,0.00876366570416912
"median",0.0125070426588733,0.25,0.00312676066471831,0.1,"gradual",6.0831949006799,1.66675748718311,1.66675748718311,5.58851924986617,1.65501879965157,1.91674952942073,1.59520821705626,1.57554449394961,99.5782908902433,6.03235377227158,1.04453211490416,1.04453211490416,5.52911079723652,1.47438583605079,1.80947037101424,1.33068426482109,1.29172842841313,99.5782908902433,16.26,199,199,19,57.77,34.31,84.6,90.77,0,0.285443808231396,0.957072777127424,0.963861085681989,0.262231975647857,0.832246567728836,0.957072777127424,0.0160196384452363,0.281925215518822,0.945275186141414,0.951979816955135,0.258999509250232,0.821987677454008,0.945275186141414,0.0158221684652752
"median",0.0125070426588733,0.25,0.00312676066471831,0.1,"none",0.18046830581782,0.675500274097434,0.675500274097434,0.187668369879613,0.176716524378279,0.388452615522623,0.291875207477527,0.291275472653552,0.819081026593297,0.143885206040616,0.0532749018184896,0.0532749018184896,0.128259917249965,0.113618494164264,0.381542474453595,0.06984393267588,0.0869103956075628,0.819081026593297,11.7,199,199,19,20.18,2.21,71.01,65.36,0,1.55527118216438,0.432087474527697,1.65165769587421,1.61732114763781,0.751379179375172,0.432087474527697,0.356344730253963,1.55207546610226,0.431199636510493,1.6482639282224,1.61399793350745,0.749835272087616,0.431199636510493,0.355612525741218
"median",0.0125070426588733,0.25,0.00312676066471831,0.1,"variance",5.58386151718676,1.603059923008,1.603059923008,5.28377440270939,1.56218526014242,1.64810019079224,1.41717774743307,1.43165572273487,135.628721945368,5.53186348733249,0.980834550729056,0.980834550729056,5.22436595007974,1.40712919877904,1.543635116984,1.15243492195137,1.08355345793178,135.628721945368,16.63,199,199,19,49.59,33.41,84.67,111.33,0,0.268213144510177,0.884045397862518,0.907176494101517,0.253798870740452,0.859885676459895,0.884045397862518,0.0104489500977817,0.270953226542139,0.893076860189043,0.916444265134312,0.256391695662282,0.868670321582015,0.893076860189043,0.0105556972166379
"median",0.0125070426588733,0.25,0.00312676066471831,0.2,"abrupt_coef",9.98533628651911,2.2717979519623,2.2717979519623,9.1808085194986,2.24523172411499,2.48675718794342,2.17406382776313,2.20888619558136,251.400381704941,9.93258783410531,1.64957257968335,1.64957257968335,9.12140006686895,2.06938270433123,2.37685155057857,1.91210381927303,1.96678111731222,251.400381704941,16.87,199,199,19,56.24,35.15,83.78,77.43,0,0.236805268636827,0.956979394177749,0.968302649749922,0.217725649430382,0.874256577322336,0.956979394177749,0.00864781434705514,0.24059822083099,0.972307503699175,0.98381212587402,0.221212999963107,0.888259700742289,0.972307503699175,0.00878632793077395
"median",0.0125070426588733,0.25,0.00312676066471831,0.2,"gradual",6.62184707139177,1.74682333278242,1.74682333278242,6.1702118910101,1.76954877068317,2.05368424357876,1.70190202408169,1.67199450495283,120.17340542768,6.57059946409704,1.12459796050348,1.12459796050348,6.11080343838045,1.58266228575295,1.93799409898418,1.43447018442833,1.37992379126149,120.17340542768,16.39,199,199,19,59.77,37,85.53,93.41,0,0.27582553956718,0.974284000071614,0.961771753498852,0.257013187670005,0.82870676414985,0.974284000071614,0.0141620520615593,0.270978458193454,0.957162910281029,0.944870541379499,0.252496695699349,0.814143902686425,0.957162910281029,0.0139131823634559
"median",0.0125070426588733,0.25,0.00312676066471831,0.2,"none",0.177724664196131,0.675834939614119,0.675834939614119,0.192252456696342,0.177090696229837,0.403873648844914,0.292666025493844,0.293676987005386,0.923452085937739,0.1375457896545,0.0536095673351744,0.0536095673351744,0.132844004066694,0.113711257555997,0.396650831709415,0.0701970041991359,0.088311346546687,0.923452085937739,12.85,199,199,19,20.27,2.31,71.15,65.68,0,1.52230057562334,0.433043644741048,1.65263354724185,1.64673837937805,0.72464748896313,0.433043644741048,0.316926053826225,1.52755908585991,0.434539515185566,1.65834226900456,1.65242673735647,0.727150651807335,0.434539515185566,0.318020817189628
"median",0.0125070426588733,0.25,0.00312676066471831,0.2,"variance",6.3085882119918,1.69658729363313,1.69658729363313,5.7613552799388,1.65928999456349,1.76506777819362,1.51447905295815,1.52614736900591,156.430612369073,6.25693412581066,1.07436192135418,1.07436192135418,5.70194682730915,1.50520322900617,1.66160326779809,1.24948608662327,1.1733236955991,156.430612369073,16.52,199,199,19,49.28,33.09,84.75,112.84,0,0.262868540364383,0.892662027260024,0.912727165185229,0.240066240189733,0.858028837004817,0.892662027260024,0.00968147493653591,0.264893813148445,0.899539549030672,0.919759278972449,0.241915832468651,0.864639527082514,0.899539549030672,0.00975606593807362
"median",0.0125070426588733,0.5,0.00625352132943663,0.02,"abrupt_coef",10.8286804810654,3.12652518039992,3.42097322160178,10.2090411992033,2.53225545386178,2.7927755215657,2.64444507075103,2.64343098783854,213.035054428136,10.7313131539661,1.88207443584203,2.80187460998755,10.090224293944,2.21201262658133,2.60560762817566,2.27680055179345,2.25777632745218,213.035054428136,15.57,199,99,19,51.21,29.93,58.79,61.67,0,0.259029718770986,0.773009579277806,1.04430422559389,0.244207507588298,0.94688780044466,0.845809618719518,0.0124131921755773,0.258930386924566,0.772713148161044,1.04390375931749,0.244113859713632,0.946524691091738,0.845485270488181,0.0124084320063403
"median",0.0125070426588733,0.5,0.00625352132943663,0.02,"gradual",4.67552107868581,2.04651840890285,1.81082475004281,4.37953863834591,1.47361558935756,1.77175968145015,1.53085465252958,1.63784309968341,62.2132344755638,4.57884163893272,0.802067664344962,1.19172613842859,4.26072173308662,1.16250290321809,1.60297714076865,1.17040168310085,1.24124477697054,62.2132344755638,15.46,199,99,19,49.75,26.99,57.64,63.42,0,0.349547013725574,0.84539083779001,1.03884260154778,0.327419046298016,0.864030640586993,0.748028772118536,0.0246065755210151,0.373976173047761,0.904473555292792,1.11144528567144,0.350301725116758,0.924416057567618,0.800307044665903,0.0263262811118866
"median",0.0125070426588733,0.5,0.00625352132943663,0.02,"none",0.217890138030672,1.29679336182672,0.684306551303512,0.249549594268324,0.241490984271528,0.386993297006593,0.3542686407919,0.387247527893264,0.960623495874141,0.141847318664723,0.0523426172688275,0.0652079396892861,0.130732689009028,0.1130436561649,0.370859211976646,0.0792387727232772,0.120534843192791,0.960623495874141,12.16,199,99,19,20.54,2.58,43.98,42.65,0,1.41963220509579,0.517704587391522,1.46700566011014,1.62590488947246,0.915438700184683,0.273188197302971,0.368790314117317,1.55178584452789,0.565897735679439,1.60356929705437,1.7772604643481,1.00065693873418,0.298619301495938,0.403121024580894
"median",0.0125070426588733,0.5,0.00625352132943663,0.02,"variance",5.81605752410287,2.23193266693981,2.07316886094119,5.25926598553204,1.70031177642411,1.83123261515834,1.68038730869327,1.69413392419537,111.392438402996,5.71550090112552,0.987481922381919,1.45407024932697,5.14044908027275,1.39251345658924,1.63718584830592,1.31142955025651,1.16083362522101,111.392438402996,16.08,199,99,19,49.22,31.03,59,85.28,0,0.319509854286877,0.810540492070864,0.98828187394388,0.288922057893929,0.917626354392978,0.752884409813868,0.0150852906425655,0.322123644032426,0.817171218472891,0.996366635628594,0.291285620400856,0.925133109891058,0.759043473528343,0.0152086977220691
"median",0.0125070426588733,0.5,0.00625352132943663,0.05,"abrupt_coef",11.8602353389986,3.19543558774461,3.53311223884636,10.8838394321664,2.72253194388246,2.8815546741391,2.78703502516827,2.85399929280032,266.814577591337,11.7581778709022,1.95098484318672,2.91401362723214,10.7650225269071,2.37639953829814,2.66537044178048,2.40882205516395,2.47372266075728,266.814577591337,16.32,199,99,19,55.35,34.57,60.48,60.81,0,0.256070942844985,0.788832858046507,1.02369231385173,0.234989858591084,0.967198384323882,0.872192522314433,0.0104455875324661,0.26222357565893,0.807786195247569,1.0482886341199,0.240635974854213,0.99043732135778,0.893148747465357,0.0106965643277993
"median",0.0125070426588733,0.5,0.00625352132943663,0.05,"gradual",5.96321371112132,2.26342264443351,2.12649919041442,5.56689306818393,1.77959281565329,2.02436697623235,1.84697094122501,1.85145020296775,89.9487941657175,5.86196920079774,1.01897189987562,1.50740057880019,5.44807616292464,1.43064632547072,1.82206556122507,1.47063402761952,1.42114540028921,89.9487941657175,16.19,199,99,19,55.8,32.35,60.18,68.81,0,0.331777693338655,0.868550032631365,1.03786154056089,0.309727444076075,0.912369626115175,0.816007980554277,0.020533582004693,0.3325823184119,0.870656434440932,1.04037855552259,0.310478593030267,0.914582298913794,0.817986957725751,0.0205833799123168
"median",0.0125070426588733,0.5,0.00625352132943663,0.05,"none",0.212823439964264,1.29664606978959,0.68243164227419,0.241393530210624,0.236658768808023,0.396105667440455,0.353095988334491,0.403409378775049,0.816049463143411,0.136905691024904,0.0521953252317,0.0633330306599636,0.122576624951328,0.109462144967282,0.381097216249807,0.0786914723988117,0.151392469198752,0.816049463143411,12.14,199,99,19,20.34,2.4,43.88,40.3,0,1.46274006609209,0.517408581990433,1.49200467032312,1.65910290893606,0.891418672739821,0.272314856429395,0.432689443816763,1.67116897633114,0.591135219683974,1.70460355560411,1.89551197388213,1.0184387953391,0.311117573387248,0.494344273227166
"median",0.0125070426588733,0.5,0.00625352132943663,0.05,"variance",5.98909128629918,2.26454014131684,2.12872587253811,5.51225940202216,1.76714649450108,1.8322410932068,1.73145239858768,1.76388829608969,131.37428565493,5.88590818436348,1.02008939675895,1.50962726092389,5.39344249676286,1.45003042788535,1.6213098187649,1.3583047808602,1.20269729198605,131.37428565493,16.5,199,99,19,50.71,33.73,59.67,89.74,0,0.31410938279728,0.813374996247519,0.979801280751501,0.289101019807229,0.944991576167133,0.764593379025217,0.0131795380652767,0.31999370266258,0.828612231779086,0.998156237515378,0.294516849346546,0.962694430678072,0.77891677162498,0.0134264349168204
"median",0.0125070426588733,0.5,0.00625352132943663,0.1,"abrupt_coef",12.4184639875167,3.34047827939502,3.69158233537695,11.5656106720659,2.87152109533845,3.03873138288028,2.93483283194415,3.01024437260524,303.801201763386,12.3144679278082,2.09602753483713,3.07248372376272,11.4467937668066,2.51313178794844,2.81047785435584,2.55149197444969,2.63628379710493,303.801201763386,16.63,199,99,19,57.31,36.5,61.3,59.8,0,0.253755112043721,0.795006738389454,1.02204815305327,0.236328167065936,0.965808576723341,0.878566656172262,0.00966037268749823,0.260275437065835,0.815434710410669,1.0483100324396,0.242400700733295,0.990625360821451,0.901141729067138,0.00990859929168337
"median",0.0125070426588733,0.5,0.00625352132943663,0.1,"gradual",6.13403602908822,2.28898285946205,2.16449775282195,5.64792770249582,1.83565176325234,2.02402868782721,1.89573838653555,1.90110995077154,99.5782908902433,6.03235377227158,1.04453211490416,1.54539914120772,5.52911079723652,1.47438583605079,1.80947037101424,1.51489893757286,1.46498937325663,99.5782908902433,16.26,199,99,19,57.77,34.31,60.9,69.74,0,0.335652027857549,0.875832919698806,1.03273312753871,0.309052372295462,0.936616362177463,0.828201215530762,0.0190376674432489,0.336603096022535,0.878314587433957,1.03565937114522,0.309928070483492,0.939270259460783,0.830547919095527,0.0190916105686828
"median",0.0125070426588733,0.5,0.00625352132943663,0.1,"none",0.217051405595024,1.29772564637638,0.685351325389554,0.247076822509261,0.239814554592295,0.39536275659165,0.35521454288454,0.378006132475114,0.819081026593297,0.143885206040616,0.0532749018184896,0.0662527137753277,0.128259917249965,0.113618494164264,0.381542474453595,0.0813103086552157,0.114670349292538,0.819081026593297,11.7,199,99,19,20.18,2.21,43.8,42.11,0,1.43766841129433,0.518295551092188,1.48120510653924,1.63654569253194,0.898452211196571,0.273720831422574,0.433674485614616,1.52991336312391,0.551550888531886,1.57624349830542,1.7415511843328,0.956099496406378,0.291283549439449,0.461500291426977
"median",0.0125070426588733,0.5,0.00625352132943663,0.1,"variance",5.63585954704102,2.22528529528695,2.06299268409642,5.34318285533904,1.7172413215058,1.75256526460048,1.66803510176396,1.71888888274872,135.628721945368,5.53186348733249,0.980834550729056,1.4438940724822,5.22436595007974,1.40712919877904,1.543635116984,1.29463734318329,1.16463928732075,135.628721945368,16.63,199,99,19,49.59,33.41,59.71,88.63,0,0.31218005202596,0.808551147380605,0.971345774687801,0.295968181577505,0.951767751795656,0.749582583993513,0.0122985388186128,0.321697559167596,0.833201637601337,1.00095942324604,0.3049914335873,0.980784520535708,0.77243528566393,0.0126734872827386
"median",0.0125070426588733,0.5,0.00625352132943663,0.2,"abrupt_coef",10.0380847389329,2.89402332424124,3.07260450090558,9.24021697212824,2.42108074389875,2.59666282530827,2.47404162570437,2.55841931974683,251.400381704941,9.93258783410531,1.64957257968335,2.45350588929136,9.12140006686895,2.06938270433123,2.37685155057857,2.09457795143416,2.20053029406317,251.400381704941,16.87,199,99,19,56.24,35.15,60.68,57.23,0,0.267747135502008,0.805193647596105,1.02187489283003,0.246465505128558,0.952777388573991,0.854879642807654,0.00984104164411356,0.276878706145529,0.832654941107061,1.0567261443858,0.254871261429379,0.985272055659786,0.884035487315085,0.0101766723757386
"median",0.0125070426588733,0.5,0.00625352132943663,0.2,"gradual",6.6730946786865,2.36904870506137,2.30515053933321,6.22962034363975,1.95643525561338,2.16937438817334,2.01512595848826,2.00972520467948,120.17340542768,6.57059946409704,1.12459796050348,1.68605192771898,6.11080343838045,1.58266228575295,1.93799409898418,1.62640707265048,1.55728293649474,120.17340542768,16.39,199,99,19,59.77,37,62.16,72.35,0,0.323474922600323,0.87418410385951,1.02999879638567,0.301977726305078,0.928897275396085,0.850605542293426,0.0167684851013143,0.322607975096163,0.87184119665383,1.02723828908378,0.30116839359382,0.926407731019501,0.848325828162922,0.0167235437618428
"median",0.0125070426588733,0.5,0.00625352132943663,0.2,"none",0.217903538737761,1.29806031189306,0.68559733895357,0.25166090932599,0.240470134903677,0.411096465980413,0.354863783721208,0.393280859957324,0.923452085937739,0.1375457896545,0.0536095673351744,0.0664987273393442,0.132844004066694,0.113711257555997,0.396650831709415,0.0807094086387066,0.132071274026756,0.923452085937739,12.85,199,99,19,20.27,2.31,43.84,41.77,0,1.4100870281031,0.51759795955865,1.47570834051119,1.62853612096807,0.863212927104355,0.273380042876192,0.38427958431742,1.56274115439949,0.573632418932066,1.63546654188412,1.80483925243006,0.956663198306507,0.302975798854655,0.425881175586884
"median",0.0125070426588733,0.5,0.00625352132943663,0.2,"variance",6.36024229817295,2.31881266591207,2.21231360791993,5.82076373256845,1.81337676012081,1.86853228858915,1.7648887388683,1.82063275653333,156.430612369073,6.25693412581066,1.07436192135418,1.59321499630571,5.70194682730915,1.50520322900617,1.66160326779809,1.39211633242058,1.262693583521,156.430612369073,16.52,199,99,19,49.28,33.09,59.61,89.22,0,0.30320569945029,0.797757032524736,0.973260922760873,0.277487657879839,0.944532106641249,0.761117430835709,0.0112822465637629,0.312782452643885,0.822954191492377,1.00400137278259,0.286252106630643,0.974365156894355,0.785157327841837,0.0116385963652551
"median",0.0125070426588733,1,0.0125070426588733,0.02,"abrupt_coef",10.9260478081647,4.37097592495781,4.50126973105149,10.3278581044625,2.85249828114223,2.97994341495573,3.01208958970861,3.12793052518701,213.035054428136,10.7313131539661,1.88207443584203,3.67580491556585,10.090224293944,2.21201262658133,2.60560762817566,2.27680055179345,2.54322628088468,213.035054428136,15.57,199,66,19,51.21,29.93,58.79,46.75,0,0.291647073308174,0.669164429078768,1.05594790700539,0.275679700710971,1.01078751180024,0.689111457354385,0.0141389387666464,0.302863429527122,0.694899597686702,1.09655825066247,0.286281973143994,1.04966104708182,0.715613761980901,0.0146827034338715
"median",0.0125070426588733,1,0.0125070426588733,0.02,"gradual",4.7722005184389,3.29096915346074,2.38560804893047,4.49835554360521,1.78472827549703,1.94054222213164,1.89130762195831,1.98335638269089,62.2132344755638,4.57884163893272,0.802067664344962,1.56014323344483,4.26072173308662,1.16250290321809,1.60297714076865,1.17040168310085,1.37451354605693,62.2132344755638,15.46,199,66,19,49.75,26.99,57.64,48.68,0,0.420444227590449,0.792798977521152,1.05971740792396,0.396317718555757,0.974628431367366,0.574696247143317,0.030400406567853,0.440906985556176,0.831384008609493,1.11129319231441,0.415606254395129,1.02206298841167,0.602666354561608,0.0318799753687442
"median",0.0125070426588733,1,0.0125070426588733,0.02,"none",0.293932957396622,2.54124410638461,0.900352257775559,0.36836649952762,0.369938312378157,0.403127382036539,0.629298508860523,0.511365044275731,0.960623495874141,0.141847318664723,0.0523426172688275,0.0748874422899237,0.130732689009028,0.1130436561649,0.370859211976646,0.0792387727232772,0.233458556395567,0.960623495874141,12.16,199,66,19,20.54,2.58,43.98,22.22,0,1.70834891247579,0.698946999272584,1.70109039211176,2.14095933451713,1.5610413405346,0.24763402590073,0.65509381309467,1.38819638846499,0.5679610839641,1.38229814854376,1.73973360729914,1.26849493996759,0.201226258819836,0.532326188638976
"median",0.0125070426588733,1,0.0125070426588733,0.02,"variance",5.91661414708021,3.4763834114977,2.72799321072398,5.37808289079134,2.00811009625898,2.02527938201076,2.04934506713003,2.17786797300575,111.392438402996,5.71550090112552,0.987481922381919,1.90252839523835,5.14044908027275,1.39251345658924,1.63718584830592,1.31142955025651,1.34027132614101,111.392438402996,16.08,199,66,19,49.22,31.03,59,66.97,0,0.381054942577965,0.751228067237804,1.02053421819245,0.346371254941707,1.01188264954111,0.589504903386686,0.0183975240735453,0.404952474186446,0.798340686642604,1.08453614025596,0.368093629036212,1.07534199594897,0.626475194250072,0.0195513089059659
"median",0.0125070426588733,1,0.0125070426588733,0.05,"abrupt_coef",11.962292807095,4.4398863323025,4.71717166926916,11.0026563374257,3.06866434946677,3.09773890649773,3.1652479951726,3.25495418408489,266.814577591337,11.7581778709022,1.95098484318672,3.89170685378352,10.7650225269071,2.37639953829814,2.66537044178048,2.40882205516395,2.6653721931456,266.814577591337,16.32,199,66,19,55.35,34.57,60.48,47.14,0,0.287680347190884,0.671005470458741,1.03147416423129,0.264602116518602,1.02179302088154,0.712911943745894,0.0118630999241002,0.295833486411197,0.690022414339901,1.06070713945971,0.272101196365493,1.05075162314596,0.733116557602701,0.0121993116473205
"median",0.0125070426588733,1,0.0125070426588733,0.05,"gradual",6.06445822144489,3.5078733889914,2.81013963338377,5.68570997344323,2.12853930583585,2.22666839123962,2.22330785483051,2.41385143283611,89.9487941657175,5.86196920079774,1.01897189987562,1.98467481789814,5.44807616292464,1.43064632547072,1.82206556122507,1.47063402761952,1.74997760850312,89.9487941657175,16.19,199,66,19,55.8,32.35,60.18,53.08,0,0.391034341395379,0.791173445055241,1.044522809015,0.366612774570454,0.998490778230682,0.633805046045223,0.0247174837133935,0.424547056411725,0.858979178173264,1.13404127714157,0.398032494362043,1.0840641751295,0.688123875967527,0.0268358398267012
"median",0.0125070426588733,1,0.0125070426588733,0.05,"none",0.288741188903625,2.54109681434748,0.898709136372749,0.36021043546992,0.363855392648764,0.411114118631102,0.62750050427017,0.526487061663736,0.816049463143411,0.136905691024904,0.0521953252317,0.0732443208871136,0.122576624951328,0.109462144967282,0.381097216249807,0.0786914723988117,0.26071240516268,0.816049463143411,12.14,199,66,19,20.34,2.4,43.88,21.25,0,1.74203865985046,0.698224240606705,1.7245876162564,2.173228234783,1.52634141186777,0.246940809467468,0.768949104939114,1.46160968650699,0.585825869967979,1.4469678677319,1.82338745526003,1.2806348354486,0.207188903111089,0.645165624686175
"median",0.0125070426588733,1,0.0125070426588733,0.05,"variance",6.09227438823489,3.50899088587473,2.83832046070163,5.63107630728145,2.08426256111681,2.0431723676487,2.10460001631517,2.17292956932587,131.37428565493,5.88590818436348,1.02008939675895,2.012855645216,5.39344249676286,1.45003042788535,1.6213098187649,1.3583047808602,1.28492954054587,131.37428565493,16.5,199,66,19,50.71,33.73,59.67,71,0,0.373747379980226,0.741494854247328,1.00975762630763,0.345453911330631,1.03006483918788,0.599773577294581,0.0160198779070293,0.385881748133316,0.765568793027944,1.04254118932192,0.356669682101339,1.06350771169957,0.619246284757504,0.0165399915097032
"median",0.0125070426588733,1,0.0125070426588733,0.1,"abrupt_coef",12.5224600472252,4.58492902395291,5.0127881574649,11.6844275773252,3.22991040272846,3.26698491140472,3.31817368943862,3.41963960659396,303.801201763386,12.3144679278082,2.09602753483713,4.18732334197927,11.4467937668066,2.51313178794844,2.81047785435584,2.55149197444969,2.81892634768827,303.801201763386,16.63,199,66,19,57.31,36.5,61.3,48.03,0,0.283982562900887,0.661941734860127,1.02732685297883,0.264977782075166,1.01566850763688,0.723713207359064,0.010922187503468,0.292666421522446,0.682183148214936,1.05874132103021,0.273080496459774,1.04672647695933,0.745843520963757,0.011256175376348
"median",0.0125070426588733,1,0.0125070426588733,0.1,"gradual",6.23571828590486,3.53343360401994,2.86258048298636,5.76674460775511,2.1969176904539,2.23858700464018,2.27657783549824,2.33862910594131,99.5782908902433,6.03235377227158,1.04453211490416,2.03711566750073,5.52911079723652,1.47438583605079,1.80947037101424,1.51489893757286,1.64961612586399,99.5782908902433,16.26,199,66,19,57.77,34.31,60.9,55.09,0,0.394776947887843,0.795288673638695,1.0362599588462,0.365086703907742,1.01697089761502,0.644296197587584,0.0228621902941427,0.405537138370291,0.816965363887886,1.06450465399918,0.375037645819812,1.04468984278644,0.661857379541726,0.0234853308390178
"median",0.0125070426588733,1,0.0125070426588733,0.1,"none",0.290217605149433,2.54217639093427,0.90278264713652,0.365893727768557,0.366010615020326,0.409183038729705,0.629118777113864,0.51012443740525,0.819081026593297,0.143885206040616,0.0532749018184896,0.0773178316508849,0.128259917249965,0.113618494164264,0.381542474453595,0.0813103086552157,0.212581892550655,0.819081026593297,11.7,199,66,19,20.18,2.21,43.8,23.79,0,1.71940301067912,0.696866271310516,1.71885391105099,2.16774849613252,1.53749964579896,0.247472511882883,0.768078806232981,1.3941874339205,0.565057867498098,1.39374219345229,1.75773084869399,1.24669008517292,0.200664453979047,0.622800945013887
"median",0.0125070426588733,1,0.0125070426588733,0.1,"variance",5.73985560674956,3.46973603984483,2.7648120273148,5.46199976059833,2.02735344423256,1.96149541221695,2.04143286034462,2.13112647623037,135.628721945368,5.53186348733249,0.980834550729056,1.93934721182916,5.22436595007974,1.40712919877904,1.543635116984,1.29463734318329,1.25188137731158,135.628721945368,16.63,199,66,19,49.59,33.41,59.71,70.3,0,0.373751913185911,0.73836226122297,1.00694472695529,0.355659270930801,1.04075331893706,0.588353937274119,0.0150516264627703,0.390173300922465,0.770803387418757,1.05118645310368,0.371285729509354,1.08648047961616,0.614204207973604,0.0157129437309657
"median",0.0125070426588733,1,0.0125070426588733,0.2,"abrupt_coef",10.1435816437605,4.13847406879913,4.03765530743666,9.35903387738754,2.77277878346627,2.81647410003797,2.85350529997459,2.96189108177543,251.400381704941,9.93258783410531,1.64957257968335,3.21219049195102,9.12140006686895,2.06938270433123,2.37685155057857,2.09457795143416,2.39857388041978,251.400381704941,16.87,199,66,19,56.24,35.15,60.68,45.04,0,0.304893147878113,0.706723353704545,1.02911394049525,0.281311414467673,1.0131480704673,0.689506627935111,0.0113504413979913,0.316474020778116,0.733567096804957,1.06820316840161,0.291996573379714,1.05163086063369,0.715696421564118,0.0117815695492924
"median",0.0125070426588733,1,0.0125070426588733,0.2,"gradual",6.77558989327597,3.61349944961926,3.05062980333695,6.34843724889904,2.33020822547381,2.4007546773625,2.40384484432604,2.52406743618879,120.17340542768,6.57059946409704,1.12459796050348,2.22516498785132,6.11080343838045,1.58266228575295,1.93799409898418,1.62640707265048,1.80816431439489,120.17340542768,16.39,199,66,19,59.77,37,62.16,57.24,0,0.378651430278046,0.787983137677532,1.03160087499788,0.354780156737585,1.00128716482058,0.66524013019549,0.020003134934648,0.397588782440359,0.827392243210836,1.08319394318315,0.372523643837071,1.05136416477246,0.698510535667785,0.0210035442301563
"median",0.0125070426588733,1,0.0125070426588733,0.2,"none",0.298261287821022,2.54251105645095,0.902348384167181,0.370477814585286,0.367229012251358,0.425542100251412,0.62901815880371,0.524468319249437,0.923452085937739,0.1375457896545,0.0536095673351744,0.0768835686815457,0.132844004066694,0.113711257555997,0.396650831709415,0.0807094086387066,0.230302675912738,0.923452085937739,12.85,199,66,19,20.27,2.31,43.84,23.52,0,1.6978564816569,0.697090137069687,1.71287708165379,2.10895005315328,1.4781572926206,0.247400363199107,0.681159497479461,1.41565378168873,0.581225974858362,1.42817779029521,1.75841901267508,1.23247105031342,0.206279661171477,0.567943185397492
"median",0.0125070426588733,1,0.0125070426588733,0.2,"variance",6.46355047053524,3.56326341046996,2.89104461512187,5.93958063782774,2.12155029123544,2.0754613093802,2.13766114531602,2.23678486076524,156.430612369073,6.25693412581066,1.07436192135418,2.06557979963624,5.70194682730915,1.50520322900617,1.66160326779809,1.39211633242058,1.34428229662805,156.430612369073,16.52,199,66,19,49.28,33.09,59.61,71.36,0,0.359901022591018,0.739407871512873,1.00759390628029,0.330725528494094,1.02996916187004,0.599916677233266,0.0136652354225434,0.376589694989526,0.7736943418533,1.054316209239,0.34606132820682,1.07772900928383,0.627734916872236,0.0142988947424683
"median",0.0125070426588733,2,0.0250140853177465,0.02,"abrupt_coef",11.4998881652606,6.85987741407359,5.32673454653712,10.5654919149811,3.40157186883613,3.35427920173581,3.88314401473025,3.71263476948933,213.035054428136,11.1907140707332,1.88207443584203,3.67580491556585,10.090224293944,2.50781860043305,2.60560762817566,2.23321494717169,2.54322628088468,213.035054428136,12.36,199,66,19,35.73,29.93,65.96,46.75,0,0.367530830175945,0.728991463870611,1.14157341501619,0.337667980673121,1.15766869159871,0.566066094237146,0.0182277232503075,0.351392514363205,0.696981375184707,1.09144681125307,0.322840945593249,1.10683534261789,0.541210074960314,0.0174273420844067
"median",0.0125070426588733,2,0.0250140853177465,0.02,"gradual",4.92566209341005,5.77987064257652,3.21107286441611,4.7359893541238,2.27997553636784,2.27810730349463,2.75488247561346,2.59219921932484,62.2132344755638,4.60898377328738,0.802067664344962,1.56014323344483,4.26072173308662,1.43725100201296,1.60297714076865,1.12896692995994,1.37451354605693,62.2132344755638,12.66,199,66,19,33.69,26.99,65,48.68,0,0.581691019472982,0.857932096820981,1.20829475214554,0.559291811612325,1.20928565190387,0.476633932828885,0.0442812931820082,0.547340592534844,0.807268887620274,1.13694168116137,0.526264118440623,1.13787406561069,0.448487410813281,0.0416663631327994
"median",0.0125070426588733,2,0.0250140853177465,0.02,"none",0.378519610052245,5.03014559550038,1.72581707326119,0.606000310046212,0.434225692177006,0.435395552096432,1.41073697495784,0.789271532155894,0.960623495874141,0.262454254177902,0.0523426172688275,0.0748874422899237,0.130732689009028,0.142561457372082,0.370859211976646,0.0754851006965287,0.233458556395567,0.960623495874141,4.64,199,66,19,11.66,2.58,53.38,22.22,0,2.32794761251898,0.81743134705003,3.24885652869838,3.72698517459405,3.24012720884522,0.280456489414498,1.46856388690983,1.30242760452665,0.457332091786788,1.81765276991984,2.08515361211261,1.81276893701726,0.156908287676985,0.821624221712044
"median",0.0125070426588733,2,0.0250140853177465,0.02,"variance",5.995121032424,5.96528490061348,3.55345802620962,5.61571670130993,2.56641976575784,2.4133729157156,2.94862534386426,3.01546461987049,111.392438402996,5.66493510622974,0.987481922381919,1.90252839523835,5.14044908027275,1.6876749485454,1.63718584830592,1.26967993733711,1.34027132614101,111.392438402996,13.2,199,66,19,35.13,31.03,67.12,66.97,0,0.525066612277015,0.829790396316988,1.14892559011817,0.491837500513655,1.22178604253954,0.494297488383333,0.0264706059597754,0.536968793167059,0.848600039068706,1.17496937176996,0.502986445738403,1.24948142089196,0.505502196476882,0.0270706401897868
"median",0.0125070426588733,2,0.0250140853177465,0.05,"abrupt_coef",11.7912689041145,6.92878782141827,5.54263648475479,11.2402901479443,3.68100043230484,3.53010737121498,4.03047229528383,3.84453617502417,266.814577591337,11.4308159346858,1.95098484318672,3.89170685378352,10.7650225269071,2.70820265429767,2.66537044178048,2.34527336742725,2.6653721931456,266.814577591337,14.41,199,66,19,38.89,34.57,67.37,47.14,0,0.358573688244246,0.727176012060286,1.0949393702625,0.341818368155222,1.14174212607495,0.581699483252299,0.0151058923829007,0.3420317558019,0.693629500256547,1.04442698275288,0.326049402001394,1.08907060628611,0.55486418030293,0.0144090184641733
"median",0.0125070426588733,2,0.0250140853177465,0.05,"gradual",6.24820587956534,5.99677487810718,3.63560444886941,5.92334378396182,2.73937324995171,2.63127122125417,3.11344040837062,3.0777252571691,89.9487941657175,5.90851460095034,1.01897189987562,1.98467481789814,5.44807616292464,1.77407969753987,1.82206556122507,1.42373894515684,1.74997760850312,89.9487941657175,13.58,199,66,19,38.59,32.35,67.55,53.08,0,0.525622101624531,0.856374903309085,1.13655209578523,0.498293505108894,1.18324571911162,0.51918580764755,0.0346134757808377,0.519592542560575,0.846551185766704,1.12351438681215,0.492577440067196,1.16967237444346,0.513230081123297,0.0342164148582008
"median",0.0125070426588733,2,0.0250140853177465,0.05,"none",0.38697468641818,5.02999830346326,1.72417395185838,0.597844245988511,0.431826555172741,0.441131021012398,1.40274447096973,0.792261718164793,0.816049463143411,0.276412429313741,0.0521953252317,0.0732443208871136,0.122576624951328,0.138411334395574,0.381097216249807,0.0732458363314983,0.26071240516268,0.816049463143411,4.42,199,66,19,11.73,2.4,53.15,21.25,0,2.3463376629984,0.813574795894458,3.24839789069617,3.62489981955529,3.17988172255585,0.278875734412059,1.71894540015549,1.32519753009385,0.459502196579911,1.83467577126624,2.04732181708817,1.79597824779257,0.157507352958609,0.970850118708506
"median",0.0125070426588733,2,0.0250140853177465,0.05,"variance",6.16143552670994,5.99789237499051,3.66378527618727,5.86871011780005,2.66779588205743,2.46503491653249,2.99594479376388,3.06092959810587,131.37428565493,5.7912270640073,1.02008939675895,2.012855645216,5.39344249676286,1.76528768379313,1.6213098187649,1.30949516164141,1.28492954054587,131.37428565493,14.8,199,66,19,36.08,33.73,67.42,71,0,0.510494594830481,0.81771844360967,1.12300375523984,0.486241360601178,1.21537620975293,0.499499591932678,0.0228046514493184,0.52156769318388,0.835455510452631,1.14736274191459,0.496788383946676,1.24173884011818,0.510334198537651,0.0232993053613685
"median",0.0125070426588733,2,0.0250140853177465,0.1,"abrupt_coef",13.4950417086374,7.07383051306869,5.83825297295054,11.9220613878438,3.85120101739061,3.72349196845359,4.21041846835397,4.02035286549964,303.801201763386,13.1210811331371,2.09602753483713,4.18732334197927,11.4467937668066,2.8478860552958,2.81047785435584,2.49995531432646,2.81892634768827,303.801201763386,14.95,199,66,19,40.11,36.5,68.38,48.03,0,0.353161951728169,0.721177805734257,1.09327413690983,0.311997440190134,1.1307714650725,0.595210538416965,0.0138591238083161,0.337219607810352,0.688622586949642,1.04392184343149,0.297913333822928,1.07972647707075,0.5683417008751,0.0132334988873114
"median",0.0125070426588733,2,0.0250140853177465,0.1,"gradual",6.366439610767,6.02233509313572,3.688045298472,6.00437841827371,2.81172537009502,2.66770363826613,3.16200772024167,3.02764208601864,99.5782908902433,6.01073931754864,1.04453211490416,2.03711566750073,5.52911079723652,1.80991125311927,1.80947037101424,1.46029949607538,1.64961612586399,99.5782908902433,14.22,199,66,19,40.05,34.31,68.03,55.09,0,0.526616995127827,0.857366833740282,1.12457914769066,0.496668140053359,1.18529197729656,0.525046791874093,0.0317539866568596,0.504239052755957,0.820934083231849,1.07679153811396,0.47556283749213,1.13492445059844,0.502735573360832,0.0304046399968419
"median",0.0125070426588733,2,0.0250140853177465,0.1,"none",0.366883710560193,5.03107788005005,1.72824746262215,0.603527538287149,0.42938776019273,0.436823603005815,1.40925060924272,0.807666982259845,0.819081026593297,0.252319199804914,0.0532749018184896,0.0773178316508849,0.128259917249965,0.141975919891823,0.381542474453595,0.0772505660727217,0.212581892550655,0.819081026593297,4.58,199,66,19,11.49,2.21,53.25,23.79,0,2.33502287773358,0.815421772472654,3.28199995409786,3.84113703792122,3.22613201197364,0.280109082554831,1.7205264967546,1.3382437934018,0.467332948392949,1.88097346300072,2.20142502654758,1.84895453611533,0.160535575380879,0.986064816589727
"median",0.0125070426588733,2,0.0250140853177465,0.1,"variance",6.05312616520396,5.95863752896061,3.59027684280043,5.69963357111692,2.60478123455368,2.37935570744991,2.93309977074403,3.01037157514916,135.628721945368,5.67441291349327,0.980834550729056,1.93934721182916,5.22436595007974,1.72078345942452,1.543635116984,1.25115267397875,1.25188137731158,135.628721945368,15.14,199,66,19,35.34,33.41,67.24,70.3,0,0.514611989375528,0.816956435163422,1.12604457212569,0.484559497141292,1.23272857503412,0.492243362092149,0.0216259486093623,0.528169317831994,0.838478954954642,1.15570994416541,0.497325099954814,1.2652045113404,0.505211394470284,0.0221956789975633
"median",0.0125070426588733,2,0.0250140853177465,0.2,"abrupt_coef",10.1678971238889,6.62737555791491,4.86312012292229,9.59666768790613,3.3714457602402,3.25609664949736,3.72441482095728,3.52520828313109,251.400381704941,9.78993429473772,1.64957257968335,3.21219049195102,9.12140006686895,2.40214995417752,2.37685155057857,2.03646434371575,2.39857388041978,251.400381704941,15.11,199,66,19,38.75,35.15,67.48,45.04,0,0.3880945909642,0.765848822734663,1.10469367915678,0.366291552282428,1.14382809291985,0.561974312216139,0.0148146744873621,0.367336704549394,0.724886121260924,1.04560729545296,0.346699837751979,1.08264853983228,0.531916178934664,0.0140222869162883
"median",0.0125070426588733,2,0.0250140853177465,0.2,"gradual",6.96336073698095,6.10240093873503,3.87609461882259,6.58607105941763,2.98968913850978,2.86351525574081,3.29523349456719,3.2399705579827,120.17340542768,6.60490889437764,1.12459796050348,2.22516498785132,6.11080343838045,1.95235502038284,1.93799409898418,1.5712627344681,1.80816431439489,120.17340542768,14.33,199,66,19,41.47,37,68.92,57.24,0,0.500333729296047,0.850142687065819,1.102199373213,0.473224584943144,1.15076512617171,0.539989674170813,0.0274206550346137,0.491942848589488,0.835885311532173,1.08371486394658,0.465288339978696,1.1314661416548,0.530933740753899,0.0269607950815082
"median",0.0125070426588733,2,0.0250140853177465,0.2,"none",0.391551223576921,5.03141254556673,1.72781319965282,0.608111625103878,0.429389046636769,0.454433368793409,1.4113533631659,0.818633962586137,0.923452085937739,0.270232909785851,0.0536095673351744,0.0768835686815457,0.132844004066694,0.141977206335862,0.396650831709415,0.0773521931704805,0.230302675912738,0.923452085937739,4.85,199,66,19,11.49,2.31,53.33,23.52,0,2.32087877439411,0.816843720981815,3.28688720455368,3.60451782086856,3.10574324001176,0.280508376203313,1.52834498363032,1.3461902861112,0.473797724632866,1.90650872209751,2.09074550989192,1.80143893209193,0.162704599388784,0.886493165213697
"median",0.0125070426588733,2,0.0250140853177465,0.2,"variance",6.59306988213146,6.05216489958574,3.71650943060751,6.17721444834633,2.70463596599692,2.48931935096232,3.03138249242328,3.12928742490244,156.430612369073,6.2186090249248,1.07436192135418,2.06557979963624,5.70194682730915,1.81988776830823,1.66160326779809,1.34668384627305,1.34428229662805,156.430612369073,14.97,199,66,19,35.37,33.09,67.35,71.36,0,0.490736159116961,0.815653114575244,1.12080979863252,0.459783158167174,1.21775556489022,0.500875726738836,0.0193784480320975,0.506585525088928,0.841996363343257,1.15700873028544,0.474632831267788,1.25708556585668,0.517052571570982,0.0200043161470172
"median",0.0125070426588733,4,0.050028170635493,0.02,"abrupt_coef",11.6935251578833,11.8376803923051,7.41571252518471,11.0407595360183,4.19984642261745,4.1047457130028,5.02468068171195,5.39142308560321,213.035054428136,11.0966890822019,1.88207443584203,5.46461387040048,10.090224293944,2.86409426664979,2.87855525072686,3.41777584089991,4.16823431356541,213.035054428136,11.93,199,39,19,26.7,24.51,32.12,24.45,0,0.455102809305819,0.677572204241668,1.19639629074352,0.429697684305618,1.22411497155476,0.424464972460157,0.0235861684603974,0.488319944657317,0.727026980521865,1.2837191037674,0.461060545285485,1.313460921227,0.455445907215725,0.0253076804663709
"median",0.0125070426588733,4,0.050028170635493,0.02,"gradual",5.22309351356155,10.7576736208081,4.28536467775754,5.21125697516098,3.00741829376135,3.02731153023337,4.71963584605759,4.59549441931054,62.2132344755638,4.63626307200721,0.802067664344962,2.33426602297332,4.26072173308662,1.76822050712019,1.9747188200626,3.43291129731271,3.48586959461531,62.2132344755638,11.73,199,39,19,24.77,21.04,25.72,22.18,0,0.905661699001476,1.10133820595341,1.56933136166928,0.903609294722227,1.5590188848829,0.438722721325977,0.0758622483759685,0.881839917166737,1.07236950991888,1.52805295786207,0.879841497644744,1.51801173199914,0.42718291903016,0.0738668300731987
"median",0.0125070426588733,4,0.050028170635493,0.02,"none",0.485431593518655,10.0079485737319,2.04597370773372,1.0812679310834,0.552216816137461,0.509063387875687,0.743340742648357,0.71291689156396,0.960623495874141,0.30933243288172,0.0523426172688275,0.094875052949495,0.130732689009028,0.174003846133134,0.434021131922447,0.570743553955906,0.585845338149807,0.960623495874141,3.52,199,39,19,7.56,1.5,3.45,2.54,0,0.687471366975208,0.363318814820811,1.34610305395575,1.53129864758131,1.46021254003417,0.0742750362046641,0.773810702987164,0.659334167850183,0.348448706290386,1.29100902169284,1.46862483011535,1.40044817314195,0.071235067437813,0.742139760921863
"median",0.0125070426588733,4,0.050028170635493,0.02,"variance",6.34046372812387,10.943087878845,4.7884748933905,6.09098432234711,3.35548242947351,3.16938266426217,4.0445387641559,3.93331859643065,111.392438402996,5.70110370740227,0.987481922381919,2.83737623860628,5.14044908027275,2.05925252830788,1.91117417277952,2.38860631612109,2.00373205501968,111.392438402996,12.78,199,39,19,25.91,25.15,33.1,38.57,0,0.664020550720671,0.844640277792529,1.20535238945969,0.637893210588979,1.27612825354349,0.369597576930249,0.0363089166746091,0.645760748718357,0.821413640877553,1.17220658403144,0.620351880412776,1.24103619319389,0.359434068334082,0.0353104631950032
"median",0.0125070426588733,4,0.050028170635493,0.05,"abrupt_coef",12.2079488182818,11.9065907996498,7.65173929064074,11.7155577689814,4.57997042827778,4.37487081439087,5.14425593802403,4.90606498543905,266.814577591337,11.5025516123213,1.95098484318672,5.70064063585651,10.7650225269071,3.12415066278494,2.96157499393819,3.19916066371607,3.50277479911348,266.814577591337,14.1,199,39,19,29.1,28.25,38.88,28.05,0,0.439096118124581,0.6722989038997,1.12320723868919,0.421385772057002,1.1758646497863,0.43205112400229,0.0192802656603837,0.418764951885478,0.641169909100266,1.07120014468825,0.401874635818596,1.12141939581412,0.412046157291585,0.0183875447500975
"median",0.0125070426588733,4,0.050028170635493,0.05,"gradual",6.60305754121681,10.9745778563387,4.94484610361779,6.398611404999,3.56028303633405,3.43871872654328,4.93289555386094,4.81372349517345,89.9487941657175,5.94468681565372,1.01897189987562,2.99374744883356,5.44807616292464,2.15849369512754,2.13148262783784,3.28596817654051,3.36590823698228,89.9487941657175,13.16,199,39,19,28.02,26.13,32.92,28.94,0,0.770932197883911,0.997583231205495,1.38553466213749,0.7470623303022,1.4345155699372,0.449483854270693,0.0548411526759636,0.752307522756056,0.973482974859741,1.35206202598152,0.729014318764573,1.39985962155514,0.438624934661438,0.0535162648907207
"median",0.0125070426588733,4,0.050028170635493,0.05,"none",0.477114539336951,10.0078012816948,2.04129864370954,1.0731118670257,0.531960694831029,0.496479734807589,0.71496088268854,0.724858077443919,0.816049463143411,0.313022139652534,0.0521953252317,0.0901999889253113,0.122576624951328,0.166254767485575,0.425439732505188,0.524353552567311,0.612794975220414,0.816049463143411,3.28,199,39,19,7.31,1.42,3.81,2.24,0,0.66625009438221,0.350248056496663,1.34401073168693,1.49850994623246,1.44006055547388,0.0714403556349853,0.876124444631726,0.675472986290778,0.355096536059356,1.36261585580897,1.519253801092,1.45999529613195,0.0724293036043542,0.888252624604121
"median",0.0125070426588733,4,0.050028170635493,0.05,"variance",6.5282034156325,10.9756953532221,4.90169042186648,6.34397773883723,3.50350047127167,3.24128451861968,3.774195431028,3.94667939774616,131.37428565493,5.81380113895766,1.02008939675895,2.95059176708225,5.39344249676286,2.15324014581971,1.8835199675724,1.91314748338766,1.82048214573771,131.37428565493,14.28,199,39,19,26.99,27.14,37.2,42.5,0,0.59492570535403,0.76997833526803,1.07726414252717,0.57813692232541,1.16441349389324,0.343868457493222,0.0287285705281882,0.622114320103138,0.805167005272303,1.12649603735136,0.60455827529752,1.21762818878575,0.359583540790203,0.0300414908295873
"median",0.0125070426588733,4,0.050028170635493,0.1,"abrupt_coef",13.9599152286811,12.0516334913002,8.53234191261505,12.397329008881,4.7881373390985,4.59712073549287,5.15029609789538,5.08069653192885,303.801201763386,13.2265022471648,2.09602753483713,6.58124325783083,11.4467937668066,3.29429616392267,3.08476913718192,3.04360983243477,3.60736690671358,303.801201763386,14.66,199,39,19,29.86,30.23,42.11,29.45,0,0.415435945452918,0.603620453873358,1.0756366689484,0.368934625570928,1.12033083189041,0.427352532883882,0.0169528496529999,0.409821867943426,0.595463307022079,1.0611008356927,0.363948953034498,1.10519101504175,0.421577418164639,0.0167237538970827
"median",0.0125070426588733,4,0.050028170635493,0.1,"gradual",6.72325763575409,11.0001380713673,4.98135306065196,6.47964603931089,3.70940071791914,3.49897428226524,4.5549207903084,4.82028868584937,99.5782908902433,6.03537028951606,1.04453211490416,3.03025440586773,5.52911079723652,2.23006771222761,2.10018663129686,2.77191678885943,3.33445201797522,99.5782908902433,13.75,199,39,19,29.57,27.96,35.64,29.7,0,0.702958273133206,0.914394289031232,1.2279398039432,0.677487170220202,1.30178744479355,0.414078510720206,0.0457421065333297,0.743912345922217,0.967666541029816,1.29947909444343,0.716957306561512,1.37762906983378,0.438202562056589,0.0484070236871445
"median",0.0125070426588733,4,0.050028170635493,0.1,"none",0.468718945584756,10.0088808582816,2.04454879970941,1.07879515932433,0.539881390941041,0.528514221826768,0.663454362839532,0.66547239696845,0.819081026593297,0.270107108161849,0.0532749018184896,0.0934501449251832,0.128259917249965,0.171173773357457,0.459975628056142,0.503864498512309,0.571919717880079,0.819081026593297,3.97,199,39,19,7.37,1.37,3.19,1.87,0,0.614995680231884,0.324499157434554,1.22888911151966,1.415463080998,1.2553197916725,0.0662865681222065,0.809998451067724,0.616866317221192,0.325486188964055,1.23262703277936,1.41976850570491,1.25913810733096,0.0664881924753677,0.812462229452766
"median",0.0125070426588733,4,0.050028170635493,0.1,"variance",6.43650973364709,10.9364405071922,4.81629373150697,6.17490119215411,3.43389056655795,3.18816669957225,3.5293354632139,3.76013592980877,135.628721945368,5.69659308994814,0.980834550729056,2.86519507672274,5.22436595007974,2.1001395374157,1.82990186681861,1.67529145946253,1.60992515589528,135.628721945368,14.79,199,39,19,26.66,27.15,37.06,42.98,0,0.571561447444423,0.732790743248461,1.02779497331262,0.548330634033562,1.10701095513212,0.322713360063806,0.0260220358386591,0.60893863930753,0.780711505448871,1.09500750152846,0.584188649657829,1.17940380291697,0.343817161290822,0.0277237437312383
"median",0.0125070426588733,4,0.050028170635493,0.2,"abrupt_coef",10.3272882361087,11.6051785361465,6.79243695929169,10.0719353089433,4.27771952006509,4.09764289535158,4.56604620677797,4.5221205302588,251.400381704941,9.58487018387799,1.64957257968335,4.84133830450746,9.12140006686895,2.81139383873879,2.6333183408507,2.50938811195285,3.12883597806031,251.400381704941,14.84,199,39,19,29.31,29.27,41.11,27.85,0,0.453343480346183,0.672225040017761,1.06740196157332,0.442134091969379,1.11431042757722,0.393449027307609,0.018162447390939,0.448982285087098,0.665758189197881,1.0571334817646,0.437880731792446,1.10359068512016,0.389664020779501,0.0179877234059502
"median",0.0125070426588733,4,0.050028170635493,0.2,"gradual",7.35644826669049,11.0802039169666,5.26037441516833,7.06133868045482,3.93784802598642,3.76424408583843,4.56349074397265,4.80681754646855,120.17340542768,6.65605387779359,1.12459796050348,3.3092757603841,6.11080343838045,2.40448459600856,2.27740685455157,2.61089124406935,3.13337523871131,120.17340542768,14,199,39,19,30.65,29.72,39.03,33.45,0,0.646264249667559,0.867522040030797,1.15887934573846,0.62033886170801,1.21232593846427,0.411859815773317,0.0379742150747232,0.680723268489219,0.913778595798819,1.22067116728418,0.653415530458292,1.27696754962103,0.433820314363357,0.0399990125049861
"median",0.0125070426588733,4,0.050028170635493,0.2,"none",0.505932191275326,10.0092155237983,2.04626772972808,1.08337924614106,0.547354669854646,0.5308000012864,0.705400669619123,0.711494530751866,0.923452085937739,0.311822889209613,0.0536095673351744,0.0951690749438543,0.132844004066694,0.172143390088448,0.46076056239671,0.523298128505928,0.584923259044068,0.923452085937739,3.88,199,39,19,7.5,1.4,3.64,2.53,0,0.651111484857885,0.344725501639446,1.28874513815046,1.39425931336962,1.3289387112087,0.0704751204469457,0.763873600331748,0.656736349054286,0.347703538698923,1.29987843337631,1.40630413130734,1.34041923328476,0.0710839454960471,0.770472601217164
"median",0.0125070426588733,4,0.050028170635493,0.2,"variance",6.95185032368561,11.0299678778173,5.03166467678553,6.65248206938352,3.52710681347385,3.26536120407953,3.64155347062286,3.89076530963649,156.430612369073,6.22093875070106,1.07436192135418,3.0805660220013,5.70194682730915,2.19585719286338,1.90859721644496,1.79351284734775,1.70703566139722,156.430612369073,14.61,199,39,19,26.61,27.12,36.94,43.65,0,0.547397713010344,0.723727375439744,1.03244774349102,0.523825068300988,1.11520693823193,0.330150868158601,0.0232790335310533,0.584859195268307,0.773256081150879,1.10310390793197,0.559673342848059,1.19152677650963,0.352744935682118,0.0248721477894419
"q75",0.080699258661979,0.1,0.0080699258661979,0.02,"abrupt_coef",10.8569618997028,3.48798968321542,3.60079727074114,10.2435528854017,2.62527353018932,2.84714050935096,2.74870217749096,2.82210155303256,213.035054428136,10.7313131539661,1.88207443584203,2.80187460998755,10.090224293944,2.21201262658133,2.60560762817566,2.27080116769472,2.31958726934442,213.035054428136,15.57,199,99,19,51.21,29.93,59.22,62.27,0,0.268334845169608,0.763359325954278,1.04701553795529,0.253174157087741,0.965425544845189,0.788047679933807,0.0129025816191118,0.275500266812152,0.783743527013864,1.0749742914709,0.259934738567133,0.991205577583486,0.809091141127171,0.01324712292354
"q75",0.080699258661979,0.1,0.0080699258661979,0.02,"gradual",4.70360269282414,2.40798291171835,1.99064879918218,4.41405032454437,1.56398171506143,1.82078443989734,1.63225105022065,1.74426028010454,62.2132344755638,4.57884163893272,0.802067664344962,1.19172613842859,4.26072173308662,1.16250290321809,1.60297714076865,1.16403395146385,1.22278167063083,62.2132344755638,15.46,199,99,19,49.75,26.99,58.02,64.62,0,0.369785328713744,0.819959327276226,1.04365098038025,0.347021455003167,0.89645485454208,0.677849930860127,0.0262363959048258,0.395160941053518,0.87622702750035,1.11526897233324,0.370834952272989,0.957971872937849,0.724365721872932,0.0280368043039083
"q75",0.080699258661979,0.1,0.0080699258661979,0.02,"none",0.23997761719769,1.65825786464221,0.864130600442878,0.284061280466788,0.278799933456605,0.391679620711437,0.437499620485255,0.46641237438727,0.960623495874141,0.141847318664723,0.0523426172688275,0.0652079396892861,0.130732689009028,0.1130436561649,0.370859211976646,0.0793563105433917,0.112707523671816,0.960623495874141,12.16,199,99,19,20.54,2.58,44.38,43.83,0,1.54015929156669,0.50628877192988,1.56922426437147,1.82308510932855,1.11698336433892,0.26383087323976,0.455432979064438,1.64194280058454,0.539747549905335,1.67292857141182,1.94356615351775,1.19080072008876,0.281266493186754,0.485530883213352
"q75",0.080699258661979,0.1,0.0080699258661979,0.02,"variance",5.84526530905399,2.5933971697553,2.25299291008056,5.29377767173051,1.7897152077235,1.88759564793404,1.78653145565283,1.8541555924123,111.392438402996,5.71550090112552,0.987481922381919,1.45407024932697,5.14044908027275,1.39251345658924,1.63718584830592,1.30741995697666,1.15642980202083,111.392438402996,16.08,199,99,19,49.22,31.03,59.37,86.46,0,0.337477613612894,0.792959200030928,0.998221084529578,0.305637359673922,0.946458770239365,0.688876920391411,0.0160381753130272,0.350251881999833,0.822974446176133,1.03600594352147,0.317206404564789,0.982284312025014,0.714952423807593,0.0166452554499645
"q75",0.080699258661979,0.1,0.0080699258661979,0.05,"abrupt_coef",11.8898790610386,3.5569000905601,3.71293628798573,10.9183511183648,2.82306993499219,2.94434777897494,2.8873264350962,2.96175859469111,266.814577591337,11.7581778709022,1.95098484318672,2.91401362723214,10.7650225269071,2.37639953829814,2.66537044178048,2.39522235577545,2.46440906355734,266.814577591337,16.32,199,99,19,55.35,34.57,60.98,61.63,0,0.264447113286151,0.777639639128463,1.02276121441681,0.242839007888444,0.980633624775604,0.811753594867359,0.0108214718294685,0.271264274484578,0.797686349823651,1.04912689479629,0.249099135448431,1.00591330135675,0.832679726526906,0.0111004376950777
"q75",0.080699258661979,0.1,0.0080699258661979,0.05,"gradual",5.99262130057148,2.62488714724901,2.30632323955378,5.60140475438239,1.88094818880457,2.08312766299657,1.9531147132693,1.97499157356841,89.9487941657175,5.86196920079774,1.01897189987562,1.50740057880019,5.44807616292464,1.43064632547072,1.82206556122507,1.46464210058834,1.41292123698773,89.9487941657175,16.19,199,99,19,55.8,32.35,60.53,69.65,0,0.348683017727157,0.846852114991122,1.03836709851673,0.325919929744775,0.937587622671069,0.744075689241057,0.0217136286415465,0.352588620206963,0.856337715241737,1.04999786029386,0.329570562615072,0.948089552383645,0.75241008956834,0.0219568432449442
"q75",0.080699258661979,0.1,0.0080699258661979,0.05,"none",0.234874591040546,1.65811057260508,0.862255691413556,0.275905216409088,0.273604437085747,0.400465038328682,0.434792884248841,0.47640965236302,0.816049463143411,0.136905691024904,0.0521953252317,0.0633330306599636,0.122576624951328,0.109462144967282,0.381097216249807,0.0784249579975412,0.140297240035878,0.816049463143411,12.14,199,99,19,20.34,2.4,44.16,41.65,0,1.57587772318218,0.504250524036616,1.58912950710875,1.85117037276196,1.08571995713639,0.262221887630649,0.532802120320041,1.72671491522887,0.552515520752329,1.74123511094125,2.02835755988939,1.18964105918282,0.287320797680293,0.5837999703203
"q75",0.080699258661979,0.1,0.0080699258661979,0.05,"variance",6.01906196115574,2.62600464413233,2.30854992167748,5.54677108822062,1.85925636856025,1.89350841823176,1.84027541640161,1.93365943246976,131.37428565493,5.88590818436348,1.02008939675895,1.50962726092389,5.39344249676286,1.45003042788535,1.6213098187649,1.35438517999783,1.19881198309378,131.37428565493,16.5,199,99,19,50.71,33.73,60.21,91.06,0,0.331774177648993,0.797156431022464,0.989791105476576,0.305741231487215,0.971886577678984,0.700789094380928,0.0140078814299726,0.348609921288472,0.837607804930938,1.04001764639221,0.321255944023954,1.02120456072516,0.736350347586178,0.0147187055886168
"q75",0.080699258661979,0.1,0.0080699258661979,0.1,"abrupt_coef",12.448670794963,3.70194278221051,3.87140638451632,11.6001223582644,2.97561923934024,3.10503014847207,3.04624682664151,3.11772837286144,303.801201763386,12.3144679278082,2.09602753483713,3.07248372376272,11.4467937668066,2.51313178794844,2.81047785435584,2.54744470885182,2.62965925647379,303.801201763386,16.63,199,99,19,57.31,36.5,61.81,60.48,0,0.262604715067616,0.786857933288783,1.02373542500583,0.244704585478642,0.981068357143171,0.822877879496162,0.0100271059132085,0.268766852328953,0.805321907131937,1.04775783529102,0.250446688181595,1.00408956557012,0.842187077510629,0.0102623964446647
"q75",0.080699258661979,0.1,0.0080699258661979,0.1,"gradual",6.16357076685596,2.65044736227754,2.34432180196131,5.68243938869428,1.94058545334104,2.08634952748349,2.00337350776369,2.02782185713649,99.5782908902433,6.03235377227158,1.04453211490416,1.54539914120772,5.52911079723652,1.47438583605079,1.80947037101424,1.50771866106181,1.45687460210299,99.5782908902433,16.26,199,99,19,57.77,34.31,61.42,70.75,0,0.352555191657579,0.854564209609629,1.03235521234818,0.325034559274739,0.960229089792118,0.755862401297485,0.0201185769493859,0.356857630751156,0.864992961051663,1.04495365233479,0.329001147847757,0.97194733213394,0.765086636315603,0.0203640958185513
"q75",0.080699258661979,0.1,0.0080699258661979,0.1,"none",0.238303338675131,1.65919014919187,0.86517537452892,0.281588508707725,0.276469598144137,0.399377010617893,0.436311215210601,0.458111802109058,0.819081026593297,0.143885206040616,0.0532749018184896,0.0662527137753277,0.128259917249965,0.113618494164264,0.381542474453595,0.081073078580569,0.114817155761,0.819081026593297,11.7,199,99,19,20.18,2.21,44.02,42.54,0,1.54946385139413,0.504303784013927,1.57815260028385,1.83090685022003,1.0924795459197,0.262966372734982,0.53268382619641,1.62688386756775,0.529501665900392,1.65700606932637,1.92238935742979,1.14706603016607,0.276105666570035,0.55929973621099
"q75",0.080699258661979,0.1,0.0080699258661979,0.1,"variance",5.66606635448736,2.58674979810244,2.24281673323579,5.3776945415375,1.80731682248379,1.81325134017367,1.77334939968092,1.88591397389054,135.628721945368,5.53186348733249,0.980834550729056,1.4438940724822,5.22436595007974,1.40712919877904,1.543635116984,1.28858895289841,1.16155742814061,135.628721945368,16.63,199,99,19,49.59,33.41,60.07,89.76,0,0.32976015762582,0.790679583134039,0.981205606908372,0.312977167709389,0.977994258375163,0.685551188979233,0.0130750284618566,0.350691910692151,0.840868514107109,1.04348830842991,0.332843608934609,1.04007311733734,0.729067022745681,0.0139049748964691
"q75",0.080699258661979,0.1,0.0080699258661979,0.2,"abrupt_coef",10.0687274834681,3.25548782705674,3.25242855004495,9.27472865832671,2.5232353350462,2.66050944477543,2.58028312615239,2.65851959598228,251.400381704941,9.93258783410531,1.64957257968335,2.45350588929136,9.12140006686895,2.06938270433123,2.37685155057857,2.08672646017572,2.19119018907076,251.400381704941,16.87,199,99,19,56.24,35.15,61.16,57.91,0,0.278205780590233,0.793340448975191,1.0226089855012,0.256267053645953,0.969845505047695,0.792594923779889,0.0102636404473751,0.286641226274097,0.817395234076867,1.05361539570133,0.264037297696985,0.99925207978605,0.816627103897306,0.0105748431165967
"q75",0.080699258661979,0.1,0.0080699258661979,0.2,"gradual",6.70286554904402,2.73051320787686,2.48497458847257,6.26413202983821,2.0650017547756,2.23658135603351,2.12426858468884,2.14054383018786,120.17340542768,6.57059946409704,1.12459796050348,1.68605192771898,6.11080343838045,1.58266228575295,1.93799409898418,1.61957542101683,1.54958315900619,120.17340542768,16.39,199,99,19,59.77,37,62.54,73.23,0,0.339116189532759,0.854845194209634,1.02870061963685,0.316919468120886,0.949783730852587,0.777974110713271,0.0176766945825399,0.341714354038472,0.861394655751221,1.03658208775734,0.319347570755489,0.957060571221088,0.783934618595844,0.017812125923951
"q75",0.080699258661979,0.1,0.0080699258661979,0.2,"none",0.241244337035143,1.65952481470856,0.865421388092936,0.286172595524455,0.277288654863828,0.415292360460332,0.436300030709865,0.473582892913475,0.923452085937739,0.1375457896545,0.0536095673351744,0.0664987273393442,0.132844004066694,0.113711257555997,0.396650831709415,0.0800935029758895,0.12964265249612,0.923452085937739,12.85,199,99,19,20.27,2.31,44.14,42.62,0,1.52460451326682,0.504147501682742,1.57345070942093,1.80853998925706,1.05058525571298,0.262906602446006,0.472466343791746,1.65488554921048,0.547228089609703,1.70790576753327,1.96308397840023,1.14036023294175,0.285372589018288,0.51283970237889
"q75",0.080699258661979,0.1,0.0080699258661979,0.2,"variance",6.39024930112025,2.68027716872757,2.3921376570593,5.85527541876691,1.9028891756924,1.92863711471058,1.86801560370395,1.9871598595432,156.430612369073,6.25693412581066,1.07436192135418,1.59321499630571,5.70194682730915,1.50520322900617,1.66160326779809,1.38349725469743,1.2565894708763,156.430612369073,16.52,199,99,19,49.28,33.09,60.04,90.53,0,0.319031210336702,0.780898038284442,0.981673356265867,0.292322805524422,0.968567694490457,0.6969486684061,0.0119414964591244,0.339379400185702,0.83070464347192,1.04428564990924,0.310967501564428,1.03034409344622,0.741400882986509,0.0127031392989424
"q75",0.080699258661979,0.25,0.0201748146654948,0.02,"abrupt_coef",11.0454350183078,5.89686255427549,5.0073426834885,10.4735457725884,3.22866472843117,3.20943983111392,3.92363591273172,3.5156155190871,213.035054428136,10.7313131539661,1.88207443584203,3.67580491556585,10.090224293944,2.50781860043305,2.60560762817566,3.18967615520102,2.62873066639195,213.035054428136,15.57,199,66,19,35.73,29.93,36.38,43.96,0,0.374623455888336,0.783576471742135,1.21525034116448,0.355226924627983,1.22252982426841,0.665376863818354,0.0184177947768464,0.335666219962323,0.702092055868214,1.08887599512241,0.318286741378676,1.09539848200454,0.596184070211731,0.0165025212800039
"q75",0.080699258661979,0.25,0.0201748146654948,0.02,"gradual",4.89074427366127,4.81685578277842,2.89168100136749,4.64404321173102,2.11694050809347,2.14749538859036,3.4324510386897,2.38720351403218,62.2132344755638,4.57884163893272,0.802067664344962,1.56014323344483,4.26072173308662,1.43725100201296,1.60297714076865,2.79351465823348,1.47146867636537,62.2132344755638,15.46,199,66,19,33.69,26.99,31.67,45.39,0,0.739108333449441,1.18700888412881,1.62142064246339,0.701825907597521,1.5983508308918,0.712591614422349,0.0551723611161529,0.514035594673628,0.825541791402045,1.12766679314106,0.488106386360922,1.11162218401743,0.49559372787682,0.0383713133412124
"q75",0.080699258661979,0.25,0.0201748146654948,0.02,"none",0.387173064997139,4.06713073570228,1.40642521021258,0.514054167653428,0.377799796371751,0.422910233813623,0.597760281544524,0.647860931752398,0.960623495874141,0.141847318664723,0.0523426172688275,0.0748874422899237,0.130732689009028,0.142561457372082,0.370859211976646,0.482763837951204,0.269583156774371,0.960623495874141,12.16,199,66,19,11.66,2.58,5.7,18.75,0,1.16283520134308,0.425021022948084,1.58221440902084,1.54390977985243,1.41344482528639,0.146973461240682,0.622262815881449,1.26029701249146,0.460643713613805,1.7148260480133,1.67331095658006,1.53191121886616,0.159291887537648,0.674417120271311
"q75",0.080699258661979,0.25,0.0201748146654948,0.02,"variance",6.03991192094668,5.00227004081538,3.234066163161,5.52377055891715,2.39641618774423,2.26321034737623,2.84342858735598,2.68776960709521,111.392438402996,5.71550090112552,0.987481922381919,1.90252839523835,5.14044908027275,1.6876749485454,1.63718584830592,2.07335591157404,1.42583494976851,111.392438402996,16.08,199,66,19,35.13,31.03,38.17,62.55,0,0.514762254700417,0.879211631396182,1.18653370891828,0.470773187518652,1.25636955957382,0.568427646679485,0.0255262262692285,0.486582412941878,0.831080587562303,1.12157880623617,0.445001457351374,1.18759160420558,0.537309978302791,0.0241288335692176
"q75",0.080699258661979,0.25,0.0201748146654948,0.05,"abrupt_coef",12.0874308462431,5.96577296162017,5.22324462170618,11.1483440055515,3.49280119663877,3.36281378476663,3.90470120152034,3.6328297812044,266.814577591337,11.7581778709022,1.95098484318672,3.89170685378352,10.7650225269071,2.70820265429767,2.66537044178048,3.01922858585177,2.73706801005643,266.814577591337,16.32,199,66,19,38.89,34.57,43.89,44.4,0,0.350249436111402,0.747562383981331,1.1179282706608,0.32303814195007,1.16114107156585,0.654517231319495,0.0146345122398107,0.325862727181308,0.695512089575029,1.04009062545569,0.300546065364545,1.08029466206571,0.608945362918705,0.0136155595919822
"q75",0.080699258661979,0.25,0.0201748146654948,0.05,"gradual",6.1885994502321,5.03376001830908,3.31621258582079,5.83139764156904,2.55262579548132,2.47472081565383,3.42861003158535,2.96883694781288,89.9487941657175,5.86196920079774,1.01897189987562,1.98467481789814,5.44807616292464,1.77407969753987,1.82206556122507,2.65853735580342,1.96998187372423,89.9487941657175,16.19,199,66,19,38.59,32.35,38.17,49.51,0,0.587956823102673,1.03389331740828,1.34316985970083,0.55402034970235,1.38545326401981,0.681123060915621,0.0381173540277665,0.509112417004384,0.895249285436888,1.16305216106032,0.479726789831508,1.19966540428865,0.589785158015967,0.0330058560022854
"q75",0.080699258661979,0.25,0.0201748146654948,0.05,"none",0.38182794106401,4.06698344366516,1.40478208880977,0.505898103595728,0.375061910421827,0.429516771446994,0.58905214787865,0.644907986437377,0.816049463143411,0.136905691024904,0.0521953252317,0.0732443208871136,0.122576624951328,0.138411334395574,0.381097216249807,0.484950104204697,0.286199781684881,0.816049463143411,12.14,199,66,19,11.73,2.4,5.16,17.78,0,1.16436915594641,0.419319232905181,1.57054643916294,1.54271619367924,1.37142991155898,0.144837606554847,0.72183387709077,1.27477842247998,0.459080444984738,1.71947075540691,1.68900155562284,1.50147335170348,0.158571579002099,0.790280510636207
"q75",0.080699258661979,0.25,0.0201748146654948,0.05,"variance",6.21879262634414,5.03487751519241,3.34439341313865,5.77676397540726,2.49319499692418,2.30180631743204,2.62956934455394,2.68914423115691,131.37428565493,5.88590818436348,1.02008939675895,2.012855645216,5.39344249676286,1.76528768379313,1.6213098187649,1.79070055076267,1.32835298196929,131.37428565493,16.5,199,66,19,36.08,33.73,41.58,67.45,0,0.455197642789024,0.786261967334201,1.05469862878676,0.422842423369211,1.14239383419868,0.522270767584592,0.0200158602685826,0.465510490406928,0.8040753281574,1.07859362563877,0.432422238967274,1.16827563239856,0.534103207683324,0.020469334754141
"q75",0.080699258661979,0.25,0.0201748146654948,0.1,"abrupt_coef",12.6499750956954,6.11081565327059,5.51886110990193,11.830115245451,3.65709787152879,3.5468585896464,3.83892029609839,3.77220473635311,303.801201763386,12.3144679278082,2.09602753483713,4.18732334197927,11.4467937668066,2.8478860552958,2.81047785435584,2.89776519195306,2.85848738015285,303.801201763386,16.63,199,66,19,40.11,36.5,46.65,45.29,0,0.324504048899654,0.695600092057147,1.0497176807832,0.303472557618294,1.08234376958375,0.628217330372869,0.0126362906855395,0.318864580613753,0.683511445791783,1.03147492051565,0.298198589943213,1.06353400932434,0.617299710936981,0.0124166880001056
"q75",0.080699258661979,0.25,0.0201748146654948,0.1,"gradual",6.36039625873253,5.05932023333762,3.36865343542338,5.91243227588092,2.61791258047233,2.50166826218737,3.20557708851913,2.77331805740598,99.5782908902433,6.03235377227158,1.04453211490416,2.03711566750073,5.52911079723652,1.80991125311927,1.80947037101424,2.36791878360778,1.71918399113388,99.5782908902433,16.26,199,66,19,40.05,34.31,41.52,52.25,0,0.542175696725678,0.951590049249527,1.22447827801063,0.503990153776664,1.28137576711162,0.63359837699074,0.0321915254807131,0.469065509421462,0.823272001875556,1.05936236301122,0.436029131612412,1.10858745714793,0.548160213131326,0.0278506292145822
"q75",0.080699258661979,0.25,0.0201748146654948,0.1,"none",0.379930537626904,4.06806302025195,1.40885559957354,0.511581395894365,0.373784540398358,0.426128814864339,0.579136067334456,0.649791298414869,0.819081026593297,0.143885206040616,0.0532749018184896,0.0773178316508849,0.128259917249965,0.141975919891823,0.381542474453595,0.472411297753988,0.253961434677862,0.819081026593297,11.7,199,66,19,11.49,2.21,5.29,19.62,0,1.13205068046305,0.411068435622331,1.54938475175363,1.52432092179748,1.35906337974077,0.142361626270625,0.707055893777915,1.27016209664716,0.461219232554111,1.73841137924634,1.71028973473296,1.52487059252666,0.15972989975328,0.793317483030301
"q75",0.080699258661979,0.25,0.0201748146654948,0.1,"variance",5.86737065521967,4.99562266916251,3.27088497975181,5.60768742872414,2.43376140970311,2.21767567495818,2.367268019725,2.62299159520173,135.628721945368,5.53186348733249,0.980834550729056,1.93934721182916,5.22436595007974,1.72078345942452,1.543635116984,1.50782091497493,1.27753320515989,135.628721945368,16.63,199,66,19,35.34,33.41,42.6,66.69,0,0.422146927733382,0.723739304310427,0.972678755726423,0.403463179477004,1.0674545635577,0.473868459749355,0.0174540317550035,0.467749251102342,0.801921073788648,1.07775215135888,0.447047195300044,1.18276609371711,0.525057989546169,0.0193394994627929
"q75",0.080699258661979,0.25,0.0201748146654948,0.2,"abrupt_coef",10.2729369575122,5.66436069811681,4.54372825987367,9.50472154551335,3.18392402246544,3.08599628607071,3.28050257237784,3.32021819088201,251.400381704941,9.93258783410531,1.64957257968335,3.21219049195102,9.12140006686895,2.40214995417752,2.37685155057857,2.34600515707212,2.46218332315851,251.400381704941,16.87,199,66,19,38.75,35.15,46.32,42.53,0,0.345144521769434,0.721984763338168,1.03033318296258,0.319334440184502,1.06302868450784,0.579147894566193,0.0130489164341367,0.349323036449111,0.730725518997986,1.04280697888985,0.323200483426899,1.07589831065854,0.586159386351554,0.0132068939926225
"q75",0.080699258661979,0.25,0.0201748146654948,0.2,"gradual",6.9012646764645,5.13938607893693,3.55670275577397,6.49412491702485,2.7890045845609,2.68446224160749,3.30620263268554,2.94605864431626,120.17340542768,6.57059946409704,1.12459796050348,2.22516498785132,6.11080343838045,1.95235502038284,1.93799409898418,2.40418666899127,1.84128579323377,120.17340542768,16.39,199,66,19,41.47,37,44.71,54.76,0,0.509106719523992,0.929569564765634,1.18544180636622,0.479071994436142,1.2316070538976,0.643306920691473,0.0275119326186957,0.45364982687551,0.828311738880516,1.05631186862322,0.426886778355749,1.0974483450183,0.573231627098473,0.0245150633272948
"q75",0.080699258661979,0.25,0.0201748146654948,0.2,"none",0.396792158106108,4.06839768576863,1.4084213366042,0.516165482711095,0.373785826842397,0.443254653586707,0.583681213081261,0.668811331928174,0.923452085937739,0.1375457896545,0.0536095673351744,0.0768835686815457,0.132844004066694,0.141977206335862,0.396650831709415,0.470097006514526,0.304050682776029,0.923452085937739,12.85,199,66,19,11.49,2.31,5.63,18.08,0,1.13080248996029,0.414422302411689,1.56153917876443,1.47099987022721,1.31680786283518,0.143467098883424,0.63206442648137,1.29573044755981,0.474865947104099,1.78929024029093,1.68554574042092,1.50886477223943,0.164391827836225,0.724251254735123
"q75",0.080699258661979,0.25,0.0201748146654948,0.2,"variance",6.59022206408463,5.08915003978764,3.39711756755889,6.08526830595355,2.53347096302678,2.32918788507931,2.50404871706672,2.7401318056859,156.430612369073,6.25693412581066,1.07436192135418,2.06557979963624,5.70194682730915,1.81988776830823,1.66160326779809,1.66780264918197,1.3698583936055,156.430612369073,16.52,199,66,19,35.37,33.09,41.45,67.92,0,0.41149355971977,0.737109819506803,0.98838658646993,0.379964239856693,1.07507373411461,0.492036724696608,0.0160074085189849,0.450289398580023,0.806604938213814,1.0815722168026,0.415787477119939,1.17643227634794,0.53842621739646,0.0175165957876646
"q75",0.080699258661979,0.5,0.0403496293309895,0.02,"abrupt_coef",11.5780601601206,9.91165067270895,7.03824941430907,10.8568672512328,3.94142936978721,3.81327203405218,4.65759567026242,4.94315377150456,213.035054428136,11.0966890822019,1.88207443584203,5.46461387040048,10.090224293944,2.86409426664979,2.60560762817566,3.18967615520102,3.74799775072065,213.035054428136,11.93,199,39,19,26.7,29.93,36.38,29.62,0,0.428999964951544,0.661754847845164,1.18170217788626,0.402277722334266,1.22141710024108,0.469911200874622,0.0218630482329075,0.455302036684964,0.702327166959288,1.25415256947036,0.426941448147828,1.2963024214802,0.498721548481848,0.0232034759949426
"q75",0.080699258661979,0.5,0.0403496293309895,0.02,"gradual",5.10956422405972,8.83164390121187,3.90790156688191,5.02736469037542,2.7676808256488,2.69201363641206,4.07138741914592,3.97694136894296,62.2132344755638,4.63626307200721,0.802067664344962,2.33426602297332,4.26072173308662,1.76822050712019,1.60297714076865,2.79351465823348,2.80438114058441,62.2132344755638,11.73,199,39,19,24.77,26.99,31.67,29.06,0,0.809845250920496,1.04183469042555,1.47104658218366,0.796816957496048,1.51239479773672,0.460999952521551,0.0654424649910315,0.791058857646944,1.01766671981867,1.43692196444317,0.77833278818896,1.47731100435415,0.450305901531791,0.0639243627576545
"q75",0.080699258661979,0.5,0.0403496293309895,0.02,"none",0.451363128126803,8.08191885413574,1.66851059685809,0.897375646297829,0.479047043875414,0.474961255650599,0.712756725137844,0.693520190483306,0.960623495874141,0.30933243288172,0.0523426172688275,0.094875052949495,0.130732689009028,0.174003846133134,0.370859211976646,0.482763837951204,0.474421703216033,0.960623495874141,3.52,199,39,19,7.56,2.58,5.7,5.43,0,0.794267961336326,0.427181419452781,1.487863737498,1.57912040377744,1.50066287862052,0.0881915220879887,0.741973029182734,0.772831526400857,0.415652254045764,1.44770790123834,1.53650164859827,1.46016160735748,0.085811328101669,0.721947978018403
"q75",0.080699258661979,0.5,0.0403496293309895,0.02,"variance",6.21677197025232,9.01705815924883,4.41101178251487,5.90709203756155,3.10471142427382,2.88923484644653,3.61350126313791,3.59942932718428,111.392438402996,5.70110370740227,0.987481922381919,2.83737623860628,5.14044908027275,2.05925252830788,1.63718584830592,2.07335591157404,1.72478554846651,111.392438402996,12.78,199,39,19,25.91,31.03,38.17,46.46,0,0.611722526102635,0.819200093153623,1.16387669233481,0.581250411053962,1.25067758599899,0.400740596247738,0.0324393766304403,0.609340315724982,0.816009909892401,1.15934424663193,0.578986867205005,1.24580711450688,0.399180005675391,0.0323130490613937
"q75",0.080699258661979,0.5,0.0403496293309895,0.05,"abrupt_coef",12.0714813858883,9.98056108005363,7.2742761797651,11.5316654841959,4.29832487631673,4.06025712775279,4.7901738171889,4.55405415348774,266.814577591337,11.5025516123213,1.95098484318672,5.70064063585651,10.7650225269071,3.12415066278494,2.66537044178048,3.01922858585177,3.19992059313973,266.814577591337,14.1,199,39,19,29.1,34.57,43.89,33.56,0,0.41539306041732,0.658508654168749,1.11442805163058,0.396817396644349,1.17977105056893,0.479950353368627,0.0179531937888556,0.394917296181463,0.626049113471355,1.05949510205244,0.377257273395748,1.12161718093165,0.456292398489411,0.0170682359059965
"q75",0.080699258661979,0.5,0.0403496293309895,0.05,"gradual",6.47568793764954,9.04854813674254,4.56738299274215,6.21471912021344,3.28909030898186,3.12737607008258,4.19868270736729,4.28596358187281,89.9487941657175,5.94468681565372,1.01897189987562,2.99374744883356,5.44807616292464,2.15849369512754,1.82206556122507,2.65853735580342,2.83862237777021,89.9487941657175,13.16,199,39,19,28.02,32.35,38.17,35.87,0,0.675602971936581,0.919275373674432,1.27654831972886,0.648376318901382,1.34255766280658,0.464017281437463,0.0466785880378989,0.689647190640147,0.938384976404094,1.30308479830082,0.661854558641451,1.3704663225103,0.473663124415421,0.0476489276107087
"q75",0.080699258661979,0.5,0.0403496293309895,0.05,"none",0.445368923858179,8.08177156209861,1.6638355328339,0.889219582240128,0.461210557895109,0.477936326644181,0.693154191552603,0.720160705238362,0.816049463143411,0.313022139652534,0.0521953252317,0.0901999889253113,0.122576624951328,0.166254767485575,0.381097216249807,0.484950104204697,0.508325151250667,0.816049463143411,3.28,199,39,19,7.31,2.4,5.16,5.25,0,0.779508464946761,0.416600185459436,1.50290183016635,1.55635958060991,1.45030656367882,0.0857676050636366,0.849402178248586,0.809879493908724,0.432831665766724,1.56145754452166,1.61699810350416,1.5068130733961,0.0891092627037031,0.882496389942238
"q75",0.080699258661979,0.5,0.0403496293309895,0.05,"variance",6.38999384580419,9.04966563362586,4.52422731099084,6.16008545405166,3.24227664146312,2.98230281609918,3.46843813834521,3.6737955434531,131.37428565493,5.81380113895766,1.02008939675895,2.95059176708225,5.39344249676286,2.15324014581971,1.6213098187649,1.79070055076267,1.64219170663778,131.37428565493,14.28,199,39,19,26.99,33.73,41.58,50.35,0,0.563050328476194,0.766636576796049,1.06975391735236,0.542792093707988,1.16300669389499,0.383266993363548,0.0264011950364127,0.596387107103643,0.812027179653029,1.13309132739372,0.57492943375296,1.23186536377898,0.405959257743443,0.0279643426804447
"q75",0.080699258661979,0.5,0.0403496293309895,0.1,"abrupt_coef",13.8180278131571,10.125603771704,8.15487880173942,12.2134367240955,4.49913609574602,4.28323932493696,4.78007540024372,4.72161821525349,303.801201763386,13.2265022471648,2.09602753483713,6.58124325783083,11.4467937668066,3.29429616392267,2.81047785435584,2.89776519195306,3.33278397368083,303.801201763386,14.66,199,39,19,29.86,36.5,46.65,34.42,0,0.391378406277185,0.586161427589106,1.06244294427175,0.345930364656834,1.11599540385572,0.472078061517835,0.0157342214991192,0.386592105229348,0.578993058026366,1.04944996434267,0.341699863330547,1.10234751249231,0.466304856649441,0.0155418022965258
"q75",0.080699258661979,0.5,0.0403496293309895,0.1,"gradual",6.59017769281717,9.07410835177108,4.60388994977632,6.29575375452532,3.42320625154498,3.19386615336049,4.04323539343047,4.11544729815006,99.5782908902433,6.03537028951606,1.04453211490416,3.03025440586773,5.52911079723652,2.23006771222761,1.80947037101424,2.36791878360778,2.63905436092915,99.5782908902433,13.75,199,39,19,29.57,34.31,41.52,36.59,0,0.642216254173574,0.878221555584079,1.18112526570833,0.613524487789959,1.2659376439981,0.445579360162843,0.0406035829424607,0.653686192092872,0.893906531877462,1.20222008133242,0.624481992744385,1.28854720283751,0.453537376743668,0.0413287601279095
"q75",0.080699258661979,0.5,0.0403496293309895,0.1,"none",0.430295136605877,8.0828511386854,1.66708568883377,0.894902874538766,0.46855054152685,0.470715155275082,0.685860836914923,0.653721645071804,0.819081026593297,0.270107108161849,0.0532749018184896,0.0934501449251832,0.128259917249965,0.171173773357457,0.381542474453595,0.472411297753988,0.427360224524952,0.819081026593297,3.97,199,39,19,7.37,2.21,5.29,5.61,0,0.76640812810934,0.411413067431899,1.4637926458903,1.59393118482565,1.45706130178475,0.0848538251103399,0.837354076882405,0.730494519205486,0.392134399239622,1.39519984960756,1.51924014347057,1.38878393386288,0.080877605421065,0.798115966366292
"q75",0.080699258661979,0.5,0.0403496293309895,0.1,"variance",6.29336410775348,9.01041078759597,4.43883062063133,5.99100890736854,3.17586065537989,2.89171623293236,3.22671512447508,3.49554906572479,135.628721945368,5.69659308994814,0.980834550729056,2.86519507672274,5.22436595007974,2.1001395374157,1.543635116984,1.50782091497493,1.46434872520277,135.628721945368,14.79,199,39,19,26.66,33.41,42.6,50.34,0,0.538592943920754,0.726929094675873,1.01601281498577,0.512717057082354,1.11584777500903,0.358109657876762,0.0237907950336273,0.583465843528541,0.787493230644519,1.10066197640106,0.55543410580968,1.20881469139872,0.387945582962419,0.0257729263800982
"q75",0.080699258661979,0.5,0.0403496293309895,0.2,"abrupt_coef",10.1836586831499,9.67914881655027,6.41497384841605,9.88804302415775,3.99404147443009,3.79514102156285,4.21499998768356,4.14504825426205,251.400381704941,9.58487018387799,1.64957257968335,4.84133830450746,9.12140006686895,2.81139383873879,2.37685155057857,2.34600515707212,2.84296571575102,251.400381704941,14.84,199,39,19,29.31,35.15,46.32,32.27,0,0.426272415824423,0.657056456859025,1.05532203775751,0.413898395343689,1.11063066266449,0.435472175040472,0.0167660842799775,0.419198039908926,0.646152011248732,1.03780801496397,0.407029377479093,1.09219874326438,0.428245120807987,0.0164878359617088
"q75",0.080699258661979,0.5,0.0403496293309895,0.2,"gradual",7.22094868842745,9.15417419737039,4.8829113042927,6.87744639566925,3.64120073500339,3.4309303842308,4.20821859637981,4.28428587342767,120.17340542768,6.65605387779359,1.12459796050348,3.3092757603841,6.11080343838045,2.40448459600856,1.93799409898418,2.40418666899127,2.67110769277471,120.17340542768,14,199,39,19,30.65,37,44.71,39.98,0,0.611886789699988,0.86182572939227,1.15572276911998,0.58277918566629,1.22655318677452,0.459704884968068,0.0350178858741945,0.622947185182788,0.877403992503661,1.1766134814382,0.593313435434574,1.24872422160445,0.468014457782371,0.0356508651658867
"q75",0.080699258661979,0.5,0.0403496293309895,0.2,"none",0.468379451013853,8.08318580420209,1.66880461885245,0.899486961355495,0.47476561007087,0.489858475464,0.697265419647997,0.690321591214139,0.923452085937739,0.311822889209613,0.0536095673351744,0.0951690749438543,0.132844004066694,0.172143390088448,0.396650831709415,0.470097006514526,0.444592348588413,0.923452085937739,3.88,199,39,19,7.5,2.31,5.63,6.09,0,0.775181241757237,0.417823280071859,1.46865190918928,1.48867636728874,1.42340176718906,0.0862612138997868,0.755063993320177,0.767461476232906,0.41366232057102,1.45402610587379,1.47385114722662,1.40922659460012,0.0854021678996012,0.747544568609792
"q75",0.080699258661979,0.5,0.0403496293309895,0.2,"variance",6.81044683522682,9.1039381582211,4.65420156590989,6.46858978459795,3.26956082936101,2.99677250236053,3.34029478495148,3.65051739098843,156.430612369073,6.22093875070106,1.07436192135418,3.0805660220013,5.70194682730915,2.19585719286338,1.66160326779809,1.66780264918197,1.56645903604282,156.430612369073,14.61,199,39,19,26.61,33.09,41.45,51.65,0,0.516386862698404,0.717694482640752,1.02163408460099,0.490466318255935,1.1146307510231,0.366906576791177,0.0213532040459612,0.564345168351919,0.784348795232025,1.11651612602108,0.536017309775659,1.21814965537523,0.400982226322783,0.0233363363839273
"q75",0.080699258661979,1,0.080699258661979,0.02,"abrupt_coef",12.0594312380393,17.9412269095759,8.61188495821767,11.6235102085216,4.99898694051589,4.88196594428226,6.12551518532381,6.13830979228847,213.035054428136,11.0966890822019,1.88207443584203,5.46461387040048,10.090224293944,3.41647447815448,3.30590942261381,3.18967615520102,3.74799775072065,213.035054428136,11.93,199,39,19,19.61,19.53,36.38,29.62,0,0.52699357383736,0.711286230023161,1.22535130781751,0.507943953940546,1.25472304707451,0.341421198014859,0.0287535551450297,0.5280943262551,0.712771921834737,1.22791074778343,0.509004916660272,1.2573438369593,0.342134338037508,0.0288136138381823
"q75",0.080699258661979,1,0.080699258661979,0.02,"gradual",5.58286537611223,16.8612201380788,5.4815371107905,5.79400764766422,3.66741256550293,3.65734946749647,5.34926018005836,5.14950159730152,62.2132344755638,4.63626307200721,0.802067664344962,2.33426602297332,4.26072173308662,2.2471056130521,2.31209282560128,2.79351465823348,2.80438114058441,62.2132344755638,11.73,199,39,19,17.6,16.67,31.67,29.06,0,0.923240096553005,0.975868642671095,1.45859242300022,0.958156756375783,1.4626057005485,0.317252259104178,0.0859826727407887,0.888763341445963,0.939426568355185,1.40412388988893,0.922376100870178,1.40798729874355,0.305405039204254,0.0827718031494431
"q75",0.080699258661979,1,0.080699258661979,0.02,"none",0.593393823371886,16.1114950910027,3.24214614076668,1.66401860358663,0.598862353440973,0.597661068456277,0.942749612324485,0.912618677750579,0.960623495874141,0.30933243288172,0.0523426172688275,0.094875052949495,0.130732689009028,0.217961852556432,0.533101661526694,0.482763837951204,0.474421703216033,0.960623495874141,3.52,199,39,19,4.72,0.8,5.7,5.43,0,0.566549923355713,0.290779493394937,1.5742342241211,1.58874186955204,1.57739839866021,0.058514098598519,0.981393455785305,0.548442592999573,0.281485978153585,1.52392060129813,1.53796457227131,1.52698364661399,0.0566439472312054,0.950027437045063
"q75",0.080699258661979,1,0.080699258661979,0.02,"variance",6.73244023310236,17.0466343961157,5.98464732642346,6.67373499485035,4.12213455127821,3.92616086375649,5.15364661470178,5.47407310590205,111.392438402996,5.70110370740227,0.987481922381919,2.83737623860628,5.14044908027275,2.58965562928723,2.32992952742254,2.07335591157404,1.72478554846651,111.392438402996,12.78,199,39,19,18.99,19.78,38.17,46.46,0,0.772228237812632,0.861144581059499,1.25023735896823,0.765494595757731,1.31264275549088,0.30232634166637,0.046265677352864,0.82024130567456,0.914685996906264,1.32797050600996,0.813089001367867,1.39425594005452,0.321123394724144,0.04914223249246
"q75",0.080699258661979,1,0.080699258661979,0.05,"abrupt_coef",12.6404111594552,18.0101373169205,8.84791172367369,12.2983084414847,5.44429488301918,5.21781056516776,6.56111904852603,5.90818771383574,266.814577591337,11.5025516123213,1.95098484318672,5.70064063585651,10.7650225269071,3.7245936809324,3.38270942319436,3.01922858585177,3.19992059313973,266.814577591337,14.1,199,39,19,21.31,22.74,43.89,33.56,0,0.533497682201078,0.7415443613628,1.20513660437282,0.519058989914122,1.25744677131932,0.364301444962435,0.0245905568869453,0.480406532487527,0.667749396507613,1.08520714634019,0.46740471012419,1.13231165448525,0.328047899350828,0.0221434217244492
"q75",0.080699258661979,1,0.080699258661979,0.05,"gradual",7.00668905964536,17.0781243736094,6.14101853665075,6.98136207750224,4.37602501600588,4.24303026060803,5.73882805893116,5.7333047859754,89.9487941657175,5.94468681565372,1.01897189987562,2.99374744883356,5.44807616292464,2.74267202068742,2.58304650993112,2.65853735580342,2.83862237777021,89.9487941657175,13.16,199,39,19,20.24,20.57,38.17,35.87,0,0.822021261069498,0.934507529114391,1.31142487484433,0.819049912173729,1.35253055162251,0.336033860240489,0.0638010560581636,0.821230115603263,0.93360812245688,1.31016270816668,0.818261626450081,1.35122882323112,0.335710448088491,0.0637396514222595
"q75",0.080699258661979,1,0.080699258661979,0.05,"none",0.577715708063825,16.1113477989655,3.23747107674249,1.65586253952893,0.575216183095444,0.579979482565745,0.901358278900508,0.931996259226057,0.816049463143411,0.313022139652534,0.0521953252317,0.0901999889253113,0.122576624951328,0.208034556183439,0.525103986675599,0.484950104204697,0.508325151250667,0.816049463143411,3.28,199,39,19,4.55,0.68,5.16,5.25,0,0.544343662220255,0.278414310903264,1.56699047312956,1.56021078589216,1.55412097495765,0.0559455540372844,1.10453878056422,0.562846393935089,0.287877864275415,1.62025389169451,1.61324375677715,1.60694694768001,0.0578471938446949,1.142083049275
"q75",0.080699258661979,1,0.080699258661979,0.05,"variance",6.96618655265072,17.0792418704928,6.09786285489943,6.92672841134046,4.31427493515831,4.00494156207386,5.14617572592776,5.70539938026842,131.37428565493,5.81380113895766,1.02008939675895,2.95059176708225,5.39344249676286,2.70835968778492,2.24892569358919,1.79070055076267,1.64219170663778,131.37428565493,14.28,199,39,19,19.9,21.76,41.58,50.35,0,0.742944637110706,0.843931037542599,1.19282516837071,0.73873642157481,1.28495650839483,0.301311718924634,0.039171864572073,0.823678804979205,0.935639176549259,1.32244686906099,0.819013291870205,1.42458992018701,0.334054604035174,0.0434285853721352
"q75",0.080699258661979,1,0.080699258661979,0.1,"abrupt_coef",14.4095533791494,18.1551800085709,9.72851434564801,12.9800796813843,5.73014617960512,5.47186828367416,6.66238560853438,6.11045245682615,303.801201763386,13.2265022471648,2.09602753483713,6.58124325783083,11.4467937668066,3.94104361506905,3.50764832784159,2.89776519195306,3.33278397368083,303.801201763386,14.66,199,39,19,22.17,24.34,46.65,34.42,0,0.513277712623708,0.68483073281531,1.16269033977655,0.462358924890402,1.21757053772881,0.366968854364931,0.0219300831262786,0.470756159192892,0.628097183159279,1.06636938488142,0.424055645310142,1.11670313319808,0.336567990729998,0.0201133254949572
"q75",0.080699258661979,1,0.080699258661979,0.1,"gradual",7.14498509611827,17.103684588638,6.17752549368492,7.06239671181412,4.54835544384333,4.31681440588661,5.71855200325315,5.59184023537096,99.5782908902433,6.03537028951606,1.04453211490416,3.03025440586773,5.52911079723652,2.84721507124882,2.56402650774843,2.36791878360778,2.63905436092915,99.5782908902433,13.75,199,39,19,21.08,21.72,41.52,36.59,0,0.80971832036666,0.925702695860834,1.25727904818736,0.800358842786101,1.32471574303845,0.334346203218224,0.0574276978659558,0.791776568713114,0.905190960537083,1.22942023867992,0.782624478588332,1.29536267015456,0.326937754633621,0.0561552140067796
"q75",0.080699258661979,1,0.080699258661979,0.1,"none",0.590483165049906,16.1124273755523,3.24072123274237,1.66154583182757,0.584618853536171,0.60390767442034,0.899310376075857,0.880083065618655,0.819081026593297,0.270107108161849,0.0532749018184896,0.0934501449251832,0.128259917249965,0.213402263691067,0.541769245250616,0.472411297753988,0.427360224524952,0.819081026593297,3.97,199,39,19,4.6,0.77,5.29,5.61,0,0.541249214345588,0.277503157935878,1.53828493664927,1.52300764747434,1.48915209090373,0.0558147047067779,1.09795044309139,0.529677273271863,0.271570123565954,1.50539631128096,1.4904456514764,1.45731392876138,0.0546213829304218,1.07447619593763
"q75",0.080699258661979,1,0.080699258661979,0.1,"variance",6.89013512555881,17.0399870244629,6.01246616453992,6.75765186465734,4.24086504058194,3.93289288081162,4.94560933397523,5.5267494062468,135.628721945368,5.69659308994814,0.980834550729056,2.86519507672274,5.22436595007974,2.64382671166138,2.17687701232695,1.50782091497493,1.46434872520277,135.628721945368,14.79,199,39,19,19.79,21.76,42.6,50.34,0,0.731853228462518,0.822559195949117,1.16617937299334,0.717781181914647,1.25749911931357,0.290235510559676,0.0364643215908747,0.817850566577987,0.919215053357345,1.3032127533793,0.802124966424161,1.40526314184948,0.324340000864584,0.0407491077625357
"q75",0.080699258661979,1,0.080699258661979,0.2,"abrupt_coef",10.7824471824218,17.7087250534172,7.98860939232464,10.6546859814465,5.16349573300285,4.95761993591503,6.08399481829499,5.44713079277309,251.400381704941,9.58487018387799,1.64957257968335,4.84133830450746,9.12140006686895,3.43168964211677,3.05553840925219,2.34600515707212,2.84296571575102,251.400381704941,14.84,199,39,19,21.46,23.57,46.32,32.27,0,0.571015873099339,0.761583714950492,1.17827052308937,0.564249906849858,1.22720073279923,0.343559166452866,0.0242004199716591,0.5112427341602,0.681862202200877,1.05493082098575,0.505185019747034,1.09873908512265,0.307595875837599,0.0216671540267038
"q75",0.080699258661979,1,0.080699258661979,0.2,"gradual",7.7858434990613,17.1837504342373,6.45654684820129,7.64408935295805,4.84116770960493,4.60469409487041,6.01225052376835,5.89746405408063,120.17340542768,6.65605387779359,1.12459796050348,3.3092757603841,6.11080343838045,3.05448612282871,2.69938459786108,2.40418666899127,2.67110769277471,120.17340542768,14,199,39,19,22.14,23.61,44.71,39.98,0,0.786522795085039,0.931186695476901,1.24190089755411,0.772202847962873,1.30567859664466,0.349879995451366,0.050029792385192,0.771506425654022,0.913408388839243,1.21819040525698,0.757459876350155,1.28075045433536,0.343200052668967,0.0490746187402477
"q75",0.080699258661979,1,0.080699258661979,0.2,"none",0.624936012818092,16.112762041069,3.24244016276104,1.6661299186443,0.602609275880589,0.614166616661697,0.924433832781468,0.936050833839865,0.923452085937739,0.311822889209613,0.0536095673351744,0.0951690749438543,0.132844004066694,0.220901782409429,0.553642172665213,0.470097006514526,0.444592348588413,0.923452085937739,3.88,199,39,19,4.73,0.75,5.63,6.09,0,0.55483898490561,0.285104361646657,1.53405178078382,1.47924557685965,1.50518411079754,0.0573727726149759,1.00106312699779,0.561811431008643,0.288687157465626,1.55332961390616,1.49783468169618,1.52409917511924,0.0580937539730316,1.01364309864473
"q75",0.080699258661979,1,0.080699258661979,0.2,"variance",7.39995491975257,17.133514395088,6.22783710981849,7.23523274188675,4.36566438384431,4.07031677969292,5.012786920721,5.73457574593404,156.430612369073,6.22093875070106,1.07436192135418,3.0805660220013,5.70194682730915,2.76943304751036,2.29654707430262,1.66780264918197,1.56645903604282,156.430612369073,14.61,199,39,19,19.78,21.98,41.45,51.65,0,0.692830085713842,0.804900133437674,1.14823002411075,0.677407764652788,1.23154712324361,0.292572020259784,0.0320447950999138,0.792590363090188,0.920797324145361,1.31356312389829,0.774947389291093,1.40887701285173,0.334699327510886,0.0366589100374051
"q75",0.080699258661979,2,0.161398517323958,0.02,"abrupt_coef",13.1059208963425,34.0003793833097,13.1567961230992,13.1567961230992,6.52143533596344,6.3895304376734,8.3358167381648,7.89158259637887,213.035054428136,11.2159442584789,1.88207443584203,10.090224293944,10.090224293944,4.22473443444352,3.85557371568726,6.1294990063463,5.2543308233054,213.035054428136,11.71,199,19,19,14.23,15.7,13.67,16.34,0,0.633574972217572,0.633574972217572,1.27821810824309,0.636034415596932,1.30460552922886,0.245168344864315,0.0391288502286216,0.599810358277405,0.599810358277405,1.21009903339216,0.602138732470239,1.23508021025288,0.232102780601699,0.037043587110876
"q75",0.080699258661979,2,0.161398517323958,0.02,"gradual",6.51205046979799,32.9203726118126,7.32729356224182,7.32729356224182,4.90775512338628,4.92248068412562,7.96802743511545,7.23809173203369,62.2132344755638,4.69470316473022,0.802067664344962,4.26072173308662,4.26072173308662,2.89511561235652,2.91306914344234,6.56063236405054,5.28839764276028,62.2132344755638,11.26,199,19,19,12.47,12.45,8.72,12.08,0,1.0874448208511,1.0874448208511,1.62355847730594,1.22358195349838,1.61870161538903,0.242039406086684,0.128076083847483,0.987826087565565,0.987826087565565,1.47482740072808,1.11149195873143,1.4704154666113,0.219866640556689,0.116343279577863
"q75",0.080699258661979,2,0.161398517323958,0.02,"none",0.873325635408146,32.1706475647365,3.19730451816423,3.19730451816423,0.744098596534242,0.711623782368318,0.872809114391998,0.829986448440103,0.960623495874141,0.310044809947533,0.0523426172688275,0.130732689009028,0.130732689009028,0.276042896294764,0.647064375438735,0.853441292313123,0.775110952549958,0.960623495874141,3.49,199,19,19,2.9,0.4,0.12,0.34,0,0.272982792046699,0.272982792046699,1.17297508483049,0.999408558508755,1.22650357677374,0.0271306044628309,0.908586057014737,0.259589427195583,0.259589427195583,1.11542536473781,0.950374539334588,1.16632758629548,0.0257994946097972,0.864008065599976
"q75",0.080699258661979,2,0.161398517323958,0.02,"variance",7.68953774278648,33.1057868698496,8.20702090942795,8.20702090942795,5.55751687466573,5.35801512508727,6.7091141242044,6.57185934491996,111.392438402996,5.66075838002433,0.987481922381919,5.14044908027275,5.14044908027275,3.3705669649261,2.87247795829832,4.54153203654365,3.04691572656471,111.392438402996,12.57,199,19,19,13.55,15.4,13.43,21.84,0,0.81748471196134,0.81748471196134,1.20721435049317,0.872499017317159,1.25216408830035,0.202656839137528,0.0602295292247051,0.800760643532713,0.800760643532713,1.18251720923749,0.854649468504786,1.2265473671676,0.198510893903723,0.058997356006736
"q75",0.080699258661979,2,0.161398517323958,0.05,"abrupt_coef",13.7324118981925,34.0692897906544,13.8315943560623,13.8315943560623,7.09902962549816,6.89681027756213,7.77444390489966,7.56052932678932,266.814577591337,11.5083403294684,1.95098484318672,10.7650225269071,10.7650225269071,4.60703651801625,3.99325095090412,5.05326490281772,4.51655329005947,266.814577591337,13.78,199,19,19,15.44,17.99,16.86,18.86,0,0.562078651583082,0.562078651583082,1.09514177500761,0.566138269266664,1.12725210525115,0.22819506812943,0.0291380027848677,0.546613002967051,0.546613002967051,1.06500884284713,0.550560919876314,1.09623565423954,0.221916258696513,0.0283362678120583
"q75",0.080699258661979,2,0.161398517323958,0.05,"gradual",8.00643587706114,33.1372768473433,8.51464799207984,8.51464799207984,5.8553441730913,5.77494721946892,9.03704901783461,8.5273246306736,89.9487941657175,5.96151666256658,1.01897189987562,5.44807616292464,5.44807616292464,3.52474958293334,3.20386883849827,7.03247943267105,5.83681134688322,89.9487941657175,12.67,199,19,19,14.44,15.93,12.42,16.67,0,1.06135321462974,1.06135321462974,1.54338476965455,1.12872308685145,1.56487127490417,0.272715499812084,0.100468817860806,1.00148880360122,1.00148880360122,1.45633192150542,1.06505875543259,1.47660650506478,0.257333294765205,0.0948019893959139
"q75",0.080699258661979,2,0.161398517323958,0.05,"none",0.773693504767031,32.1705002726993,3.18914845410653,3.18914845410653,0.725928800987442,0.71213286688283,0.788509938513959,0.76760516854246,0.816049463143411,0.331461567299386,0.0521953252317,0.122576624951328,0.122576624951328,0.267557011787401,0.663713311685643,0.761072190568886,0.720799598518512,0.816049463143411,2.74,199,19,19,2.84,0.3,0.17,0.29,0,0.247247799800172,0.247247799800172,1.08620836842593,1.01915026254665,1.10725115379866,0.0245103412079391,0.966252628212792,0.240692830574898,0.240692830574898,1.05741109527316,0.992130816418829,1.07789599980471,0.0238605294302454,0.940635590379112
"q75",0.080699258661979,2,0.161398517323958,0.05,"variance",8.09155361425095,33.1383943442266,8.46001432591807,8.46001432591807,5.89852350806958,5.54626777354899,6.2569374317786,6.60181825001693,131.37428565493,5.82551843102258,1.02008939675895,5.39344249676286,5.39344249676286,3.54371914031303,2.78312515696283,3.78269816120232,2.60236299072925,131.37428565493,14.04,199,19,19,14.59,17.12,15.33,24.78,0,0.739589460576901,0.739589460576901,1.06076332885996,0.77326774684639,1.12813475426104,0.188812329492623,0.0476268045956358,0.780355445710254,0.780355445710254,1.11923233686959,0.815890070652157,1.19031725830152,0.199219617626619,0.0502519820915134
"q75",0.080699258661979,2,0.161398517323958,0.1,"abrupt_coef",15.4934309417501,34.2143324823048,14.5133655959619,14.5133655959619,7.48594781044067,7.19084626621049,7.83316467765141,7.76709425031136,303.801201763386,13.1692922922851,2.09602753483713,11.4467937668066,11.4467937668066,4.86644987427283,4.0677849559919,4.84245015163847,4.54880781487164,303.801201763386,14.4,199,19,19,16.23,19.35,18.53,19.94,0,0.539720757797963,0.539720757797963,1.04638248569226,0.505579732926902,1.08932445329267,0.228943957381095,0.0257838502026474,0.535168372832312,0.535168372832312,1.03755655890074,0.50131531740858,1.08013632370485,0.227012882812441,0.025566371051951
"q75",0.080699258661979,2,0.161398517323958,0.1,"gradual",8.20440207936955,33.1628370623718,8.59568262639173,8.59568262639173,6.13432692561277,5.83987568337807,8.47414947830065,7.81737406507969,99.5782908902433,6.02068013997639,1.04453211490416,5.52911079723652,5.52911079723652,3.69559532884776,3.1090127702567,6.33077716823849,4.92027067911464,99.5782908902433,13.53,199,19,19,15.11,16.92,13.28,17.95,0,0.985861140601222,0.985861140601222,1.38143101615898,1.03287837386827,1.45108388221696,0.255531499381754,0.0851003707991031,0.909453548352011,0.909453548352011,1.27436541284418,0.952826786090474,1.33861994482693,0.235726938873685,0.0785048025547669
"q75",0.080699258661979,2,0.161398517323958,0.1,"none",0.849298293422415,32.1715798492861,3.19483174640517,3.19483174640517,0.725429623088164,0.66788572050492,0.780496072651222,0.747800121688478,0.819081026593297,0.29247340865476,0.0532749018184896,0.128259917249965,0.128259917249965,0.270285804234603,0.613010224614774,0.757900280225868,0.713906433050446,0.819081026593297,3.45,199,19,19,2.82,0.34,0.14,0.21,0,0.244299585895075,0.244299585895075,1.07590874126237,0.918989333542705,1.16860721630816,0.0242604210395512,0.95289238464898,0.234065572476517,0.234065572476517,1.03083758629139,0.880491727676821,1.11965280695497,0.0232441218364684,0.912974537816742
"q75",0.080699258661979,2,0.161398517323958,0.1,"variance",8.09714249106347,33.0991394981967,8.29093777923494,8.29093777923494,5.77039276473154,5.43402617333952,5.77714955332313,6.27223110083778,135.628721945368,5.7536360195196,0.980834550729056,5.22436595007974,5.22436595007974,3.44786810043978,2.68218145296603,3.28677043101446,2.28245975258954,135.628721945368,14.52,199,19,19,14.39,17.05,15.43,24.72,0,0.696802907843825,0.696802907843825,1.00117094084702,0.713480040606815,1.06314349048723,0.174540777824085,0.0425953254624798,0.756516484365241,0.756516484365241,1.08696779518605,0.774622789182754,1.15425117597163,0.189498313126222,0.046245596145662
"q75",0.080699258661979,2,0.161398517323958,0.2,"abrupt_coef",11.9027029729875,33.767877527151,12.1879718960242,12.1879718960242,6.84569596224244,6.62803018838969,7.31019551807065,7.28353860214886,251.400381704941,9.53982867936472,1.64957257968335,9.12140006686895,9.12140006686895,4.33594901785489,3.63570167720351,4.4986333462873,4.26054437267112,251.400381704941,14.64,199,19,19,15.55,18.54,17.42,18.73,0,0.599787690719513,0.599787690719513,1.06785278785242,0.614162643112303,1.10292127680346,0.216483713321718,0.0290779014275735,0.59760054127831,0.59760054127831,1.06395882059638,0.611923074840937,1.09889943092103,0.215694296933307,0.0289718677145735
"q75",0.080699258661979,2,0.161398517323958,0.2,"gradual",8.88214775272625,33.2429029079711,9.17737526753566,9.17737526753566,6.48164430639798,6.32491025551209,8.44579253544564,7.86562333226442,120.17340542768,6.67744400608099,1.12459796050348,6.11080343838045,6.11080343838045,3.96059946579776,3.36324746261745,6.01513086454683,4.67316065959653,120.17340542768,13.66,199,19,19,15.62,18.35,15.06,19.78,0,0.920284099673036,0.920284099673036,1.30303239983547,0.950872781062815,1.33532211434703,0.254063026891086,0.0702800466158735,0.857066765057383,0.857066765057383,1.21352282853601,0.885554209549169,1.2435944566027,0.236610603894595,0.0654522795977344
"q75",0.080699258661979,2,0.161398517323958,0.2,"none",0.887940239794245,32.1719145148028,3.1994158332219,3.1994158332219,0.761746088601086,0.695300779338392,0.835246777794616,0.827329189506947,0.923452085937739,0.347255206758986,0.0536095673351744,0.132844004066694,0.132844004066694,0.279164521802451,0.646881224141205,0.814264970542501,0.785365575002718,0.923452085937739,3.35,199,19,19,2.99,0.3,0.13,0.26,0,0.261062275532187,0.261062275532187,1.09648974939735,0.940656522096758,1.20127404227763,0.0259619854892473,0.904483070116678,0.25858757743091,0.25858757743091,1.08609575012889,0.931739718991289,1.18988675705813,0.0257158829987031,0.895909167465704
"q75",0.080699258661979,2,0.161398517323958,0.2,"variance",8.50763589076224,33.1926668688218,8.76851865646436,8.76851865646436,5.93803669493131,5.6224444064664,6.0261699668043,6.4720641339979,156.430612369073,6.20286506337612,1.07436192135418,5.70194682730915,5.70194682730915,3.6090560899466,2.82056614572249,3.4857573041252,2.38706766052852,156.430612369073,14.28,199,19,19,14.43,17.36,15.74,25.31,0,0.687250629541817,0.687250629541817,1.01484215682739,0.708324855950597,1.07180605643225,0.181551244153411,0.0385229583617976,0.738102339467174,0.738102339467174,1.08993333428243,0.760735910316213,1.15111216156346,0.194984758518369,0.0413733861677157
"q75",0.080699258661979,4,0.322797034647916,0.02,"abrupt_coef",14.995897534206,66.1186843307773,16.2233679522544,16.2233679522544,8.72433282430159,8.52185960667119,10.5421344699833,10.474950846321,213.035054428136,11.2159442584789,1.88207443584203,10.090224293944,10.090224293944,5.78687980900556,4.6644350426286,6.1294990063463,7.51167406825309,213.035054428136,11.71,199,19,19,9.1,11.95,13.67,9.18,0,0.649811709936493,0.649811709936493,1.20835996084632,0.703001233899901,1.23706971911748,0.159442592917356,0.0494854450047305,0.645670546162111,0.645670546162111,1.20065924320803,0.698521100349435,1.22918603800053,0.158426486436377,0.0491700808321877
"q75",0.080699258661979,4,0.322797034647916,0.02,"gradual",8.32939777486576,65.0386775592803,10.393865391397,10.393865391397,6.65774934547311,6.65767690050312,9.37542250618037,9.70082963495712,62.2132344755638,4.69470316473022,0.802067664344962,4.26072173308662,4.26072173308662,4.22063173388134,3.80737908456202,6.56063236405054,7.87379841884992,62.2132344755638,11.26,199,19,19,7.55,8.83,8.72,5.66,0,0.902015001458493,0.902015001458493,1.40819697764007,1.12558227612457,1.40821230082101,0.144151493511458,0.150698200876581,0.933322615760108,0.933322615760108,1.45707342400223,1.16464958177765,1.45708927902825,0.149154779878714,0.15592871382965
"q75",0.080699258661979,4,0.322797034647916,0.02,"none",1.43660646086876,64.2889525122041,6.26387634731943,6.26387634731943,0.873352390866702,0.862985832398473,0.892176936470873,0.945728578853646,0.960623495874141,0.310044809947533,0.0523426172688275,0.130732689009028,0.130732689009028,0.392384809241308,0.830706128933682,0.853441292313123,0.939272638160687,0.960623495874141,3.49,199,19,19,1.49,0.1,0.12,0.02,0,0.14243207991369,0.14243207991369,1.02155435286035,0.621030853454012,1.03382570486849,0.0138776088520265,0.92874777714969,0.150981361446951,0.150981361446951,1.08287168930186,0.658307340676816,1.09587961163303,0.0147105924408104,0.984494531848878
"q75",0.080699258661979,4,0.322797034647916,0.02,"variance",9.71831710554863,65.2240918173172,11.2735927385832,11.2735927385832,7.68553688518624,7.47129634522223,8.87669621186516,8.38231130635881,111.392438402996,5.66075838002433,0.987481922381919,5.14044908027275,5.14044908027275,4.92885020929303,3.71393886192049,4.54153203654365,5.10592140468246,111.392438402996,12.57,199,19,19,8.54,11.64,13.43,10.15,0,0.787388405604297,0.787388405604297,1.15498713290608,0.913398494354239,1.18810656166003,0.13609535931489,0.0796884989603246,0.743535046966074,0.743535046966074,1.09066047454871,0.862527042009462,1.12193532675479,0.128515569520483,0.0752502721597067
"q75",0.080699258661979,4,0.322797034647916,0.05,"abrupt_coef",15.9564834669167,66.187594738122,16.8981661852175,16.8981661852175,9.69510232822638,9.35822772767257,10.4956229069816,10.1611254658431,266.814577591337,11.5083403294684,1.95098484318672,10.7650225269071,10.7650225269071,6.46390401140074,4.90685661987781,5.05326490281772,6.79435239446533,266.814577591337,13.78,199,19,19,10.01,13.79,16.86,10.43,0,0.621110172070811,0.621110172070811,1.08256958530748,0.657765411078366,1.12153959194065,0.158573867935655,0.0393367671351791,0.601315276135232,0.601315276135232,1.04806789261625,0.636802305903468,1.08579591793822,0.15352008946762,0.0380830970990133
"q75",0.080699258661979,4,0.322797034647916,0.05,"gradual",10.0513550915557,65.2555817948109,11.581219821235,11.581219821235,7.98561019796661,7.87461271204675,11.0416186029982,12.0341519935041,89.9487941657175,5.96151666256658,1.01897189987562,5.44807616292464,5.44807616292464,5.11594455994663,4.09143146597318,7.03247943267105,9.49373933082499,89.9487941657175,12.67,199,19,19,8.89,11.72,12.42,7.87,0,0.953407220779328,0.953407220779328,1.38268940372393,1.09852039873454,1.40217925715972,0.169205733813198,0.122754492769026,1.03910919395888,1.03910919395888,1.50697964152675,1.19726662563282,1.52822144193758,0.184415672384076,0.133788919630573
"q75",0.080699258661979,4,0.322797034647916,0.05,"none",1.21592544223468,64.288805220167,6.25572028326173,6.25572028326173,0.831340618112786,0.751812255769038,0.815947686459032,0.816049463143411,0.816049463143411,0.331461567299386,0.0521953252317,0.122576624951328,0.122576624951328,0.372968828912745,0.709848641264809,0.761072190568886,0.816049463143411,0.816049463143411,2.74,199,19,19,1.42,0.13,0.17,0,0,0.130432252324683,0.130432252324683,0.981484205969994,0.671050755348495,1.08530777491036,0.0126919093248769,0.999875281231131,0.130448521703711,0.130448521703711,0.981606630740493,0.671134458411893,1.08544315004371,0.0126934924416269,1
"q75",0.080699258661979,4,0.322797034647916,0.05,"variance",10.3575887974793,65.2566992916942,11.5265861550733,11.5265861550733,8.23716546031871,7.77270076239715,8.73117670235487,8.32727895018691,131.37428565493,5.82551843102258,1.02008939675895,5.39344249676286,5.39344249676286,5.23192506774661,3.64089871890383,3.78269816120232,4.63448087381475,131.37428565493,14.04,199,19,19,9.31,12.8,15.33,11.44,0,0.757481580833191,0.757481580833191,1.05997345135484,0.842973869022465,1.12331311461193,0.133797400069638,0.0664603172441852,0.722441045263152,0.722441045263152,1.01093986642642,0.803978523670826,1.07134948388502,0.127608031674486,0.0633859123090456
"q75",0.080699258661979,4,0.322797034647916,0.1,"abrupt_coef",17.8175695912151,66.3326374297724,17.5799374251171,17.5799374251171,10.1851172045155,9.75729298108206,10.8238792036644,10.577220958795,303.801201763386,13.1692922922851,2.09602753483713,11.4467937668066,11.4467937668066,6.82157210348417,4.93147731309572,4.84245015163847,6.91024664519471,303.801201763386,14.4,199,19,19,10.42,14.95,18.53,11.36,0,0.615694978993492,0.615694978993492,1.06271523305257,0.607483481304939,1.10931169379153,0.163175770225084,0.0356281645393045,0.601664312165469,0.601664312165469,1.03849771646278,0.593639940882291,1.08403232118813,0.159457265211161,0.0348162577942435
"q75",0.080699258661979,4,0.322797034647916,0.1,"gradual",10.3881240187627,65.2811420098395,11.6622544555469,11.6622544555469,8.35277515690564,8.10121382635699,10.6175217883628,10.7800638331331,99.5782908902433,6.02068013997639,1.04453211490416,5.52911079723652,5.52911079723652,5.3539907050265,4.10498653741579,6.33077716823849,8.00400933516104,99.5782908902433,13.53,199,19,19,9.29,12.38,13.28,8.6,0,0.910417606547146,0.910417606547146,1.27113702798342,1.02208269454483,1.3106087576431,0.162643015447899,0.106624864651128,0.924355052809347,0.924355052809347,1.29059667363615,1.03772960485093,1.33067267007082,0.165132892918882,0.108257168673592
"q75",0.080699258661979,4,0.322797034647916,0.1,"none",1.40612317819007,64.2898847967538,6.26140357556037,6.26140357556037,0.82628138642721,0.715234180563916,0.803091865076576,0.774975600145198,0.819081026593297,0.29247340865476,0.0532749018184896,0.128259917249965,0.128259917249965,0.374365537920128,0.670042595713208,0.757900280225868,0.765291689105761,0.819081026593297,3.45,199,19,19,1.4,0.14,0.14,0.03,0,0.128260677559776,0.128260677559776,0.971935079584808,0.571139056330966,1.12283764800417,0.012491729727242,0.980479145533107,0.12377026824626,0.12377026824626,0.937907609774614,0.551143464644918,1.08352707575326,0.0120543939780762,0.946152547774741
"q75",0.080699258661979,4,0.322797034647916,0.1,"variance",10.4406489626073,65.2174444456644,11.3575096083901,11.3575096083901,8.09083929529923,7.59788987918158,8.26752867563181,7.92020546836346,135.628721945368,5.7536360195196,0.980834550729056,5.22436595007974,5.22436595007974,5.08559890272713,3.44994798395586,3.28677043101446,4.28228288788145,135.628721945368,14.52,199,19,19,9.31,12.85,15.43,11.27,0,0.7279349928548,0.7279349928548,1.02183820168511,0.791859654054221,1.08813483836941,0.126768669730993,0.0609570639393181,0.697354062770289,0.697354062770289,0.978910243955173,0.758593215491612,1.04242172422965,0.121443051559037,0.0583962257754944
"q75",0.080699258661979,4,0.322797034647916,0.2,"abrupt_coef",14.2655772666102,65.8861824746186,15.2545437251794,15.2545437251794,9.41074513692037,9.06438014118259,10.121757689854,10.0839750111948,251.400381704941,9.53982867936472,1.64957257968335,9.12140006686895,9.12140006686895,6.18277479044121,4.49034616022162,4.4986333462873,6.68815020669877,251.400381704941,14.64,199,19,19,10,14.17,17.42,10.52,0,0.663524119252868,0.663524119252868,1.07555326837449,0.70952317601229,1.11665194224009,0.153624892347545,0.0402615048601378,0.661047304518856,0.661047304518856,1.07153842384204,0.706874655174119,1.11248368384065,0.153051438593813,0.0401112159926233
"q75",0.080699258661979,4,0.322797034647916,0.2,"gradual",11.0868514993715,65.3612078554388,12.2439470966909,12.2439470966909,8.91813362092635,8.78132002313132,10.8764542063444,10.9320690459444,120.17340542768,6.67744400608099,1.12459796050348,6.11080343838045,6.11080343838045,5.7353548592979,4.42678802573093,6.01513086454683,7.86226924644273,120.17340542768,13.66,199,19,19,9.86,13.49,15.06,9.51,0,0.888312741018294,0.888312741018294,1.21958861222071,0.981022809492939,1.2385898905511,0.16640534291227,0.0905063326418742,0.89285497230701,0.89285497230701,1.22582476453284,0.986039097444764,1.24492320256496,0.167256227426567,0.0909691208885919
"q75",0.080699258661979,4,0.322797034647916,0.2,"none",1.4286252728295,64.2902194622705,6.2659876623771,6.2659876623771,0.864336892063798,0.815253932226959,0.85622858504673,0.892167236742459,0.923452085937739,0.347255206758986,0.0536095673351744,0.132844004066694,0.132844004066694,0.39628119182432,0.786202199108647,0.814264970542501,0.88893926639598,0.923452085937739,3.35,199,19,19,1.45,0.09,0.13,0.01,0,0.136647026962371,0.136647026962371,0.990619043232429,0.599337419917612,1.05025998796209,0.013318177978055,0.927204126868429,0.14238253964324,0.14238253964324,1.03219849220159,0.624493527946242,1.09434275809674,0.0138771844956298,0.966121849014494
"q75",0.080699258661979,4,0.322797034647916,0.2,"variance",10.8124067181484,65.3109718162895,11.8350904856196,11.8350904856196,8.40896846932391,7.85679240563046,8.5665826294834,8.18171234128445,156.430612369073,6.20286506337612,1.07436192135418,5.70194682730915,5.70194682730915,5.36499243259406,3.61523937035684,3.4857573041252,4.43726673936863,156.430612369073,14.28,199,19,19,9.43,13.14,15.74,11.6,0,0.723829077597031,0.723829077597031,1.01874357844657,0.792291933959957,1.09034096705219,0.131166056655534,0.0547628274271017,0.691309656755543,0.691309656755543,0.972974553434409,0.756696686922778,1.04135529092269,0.12527316794946,0.0523025015204889
